audio_path,category
/DATA_ROOT/Desktop/matcher/Datasets/Urban8k/audio/fold5/100263-2-0-117.wav,children_playing
/DATA_ROOT/Desktop/matcher/Datasets/Urban8k/audio/fold5/100263-2-0-121.wav,children_playing
/DATA_ROOT/Desktop/matcher/Datasets/Urban8k/audio/fold5/100263-2-0-126.wav,children_playing
/DATA_ROOT/Desktop/matcher/Datasets/Urban8k/audio/fold5/100263-2-0-137.wav,children_playing
/DATA_ROOT/Desktop/matcher/Datasets/Urban8k/audio/fold5/100263-2-0-143.wav,children_playing
/DATA_ROOT/Desktop/matcher/Datasets/Urban8k/audio/fold5/100263-2-0-161.wav,children_playing
/DATA_ROOT/Desktop/matcher/Datasets/Urban8k/audio/fold5/100263-2-0-3.wav,children_playing
/DATA_ROOT/Desktop/matcher/Datasets/Urban8k/audio/fold5/100263-2-0-36.wav,children_playing
/DATA_ROOT/Desktop/matcher/Datasets/Urban8k/audio/fold5/100852-0-0-0.wav,air_conditioner
/DATA_ROOT/Desktop/matcher/Datasets/Urban8k/audio/fold5/100852-0-0-1.wav,air_conditioner
/DATA_ROOT/Desktop/matcher/Datasets/Urban8k/audio/fold5/100852-0-0-10.wav,air_conditioner
/DATA_ROOT/Desktop/matcher/Datasets/Urban8k/audio/fold5/100852-0-0-11.wav,air_conditioner
/DATA_ROOT/Desktop/matcher/Datasets/Urban8k/audio/fold5/100852-0-0-12.wav,air_conditioner
/DATA_ROOT/Desktop/matcher/Datasets/Urban8k/audio/fold5/100852-0-0-13.wav,air_conditioner
/DATA_ROOT/Desktop/matcher/Datasets/Urban8k/audio/fold5/100852-0-0-14.wav,air_conditioner
/DATA_ROOT/Desktop/matcher/Datasets/Urban8k/audio/fold5/100852-0-0-15.wav,air_conditioner
/DATA_ROOT/Desktop/matcher/Datasets/Urban8k/audio/fold5/100852-0-0-16.wav,air_conditioner
/DATA_ROOT/Desktop/matcher/Datasets/Urban8k/audio/fold5/100852-0-0-17.wav,air_conditioner
/DATA_ROOT/Desktop/matcher/Datasets/Urban8k/audio/fold5/100852-0-0-18.wav,air_conditioner
/DATA_ROOT/Desktop/matcher/Datasets/Urban8k/audio/fold5/100852-0-0-19.wav,air_conditioner
/DATA_ROOT/Desktop/matcher/Datasets/Urban8k/audio/fold5/100852-0-0-2.wav,air_conditioner
/DATA_ROOT/Desktop/matcher/Datasets/Urban8k/audio/fold5/100852-0-0-20.wav,air_conditioner
/DATA_ROOT/Desktop/matcher/Datasets/Urban8k/audio/fold5/100852-0-0-21.wav,air_conditioner
/DATA_ROOT/Desktop/matcher/Datasets/Urban8k/audio/fold5/100852-0-0-22.wav,air_conditioner
/DATA_ROOT/Desktop/matcher/Datasets/Urban8k/audio/fold5/100852-0-0-23.wav,air_conditioner
/DATA_ROOT/Desktop/matcher/Datasets/Urban8k/audio/fold5/100852-0-0-24.wav,air_conditioner
/DATA_ROOT/Desktop/matcher/Datasets/Urban8k/audio/fold5/100852-0-0-25.wav,air_conditioner
/DATA_ROOT/Desktop/matcher/Datasets/Urban8k/audio/fold5/100852-0-0-26.wav,air_conditioner
/DATA_ROOT/Desktop/matcher/Datasets/Urban8k/audio/fold5/100852-0-0-27.wav,air_conditioner
/DATA_ROOT/Desktop/matcher/Datasets/Urban8k/audio/fold5/100852-0-0-28.wav,air_conditioner
/DATA_ROOT/Desktop/matcher/Datasets/Urban8k/audio/fold5/100852-0-0-29.wav,air_conditioner
/DATA_ROOT/Desktop/matcher/Datasets/Urban8k/audio/fold5/100852-0-0-3.wav,air_conditioner
/DATA_ROOT/Desktop/matcher/Datasets/Urban8k/audio/fold5/100852-0-0-30.wav,air_conditioner
/DATA_ROOT/Desktop/matcher/Datasets/Urban8k/audio/fold5/100852-0-0-4.wav,air_conditioner
/DATA_ROOT/Desktop/matcher/Datasets/Urban8k/audio/fold5/100852-0-0-5.wav,air_conditioner
/DATA_ROOT/Desktop/matcher/Datasets/Urban8k/audio/fold5/100852-0-0-6.wav,air_conditioner
/DATA_ROOT/Desktop/matcher/Datasets/Urban8k/audio/fold5/100852-0-0-7.wav,air_conditioner
/DATA_ROOT/Desktop/matcher/Datasets/Urban8k/audio/fold5/100852-0-0-8.wav,air_conditioner
/DATA_ROOT/Desktop/matcher/Datasets/Urban8k/audio/fold5/100852-0-0-9.wav,air_conditioner
/DATA_ROOT/Desktop/matcher/Datasets/Urban8k/audio/fold10/101382-2-0-10.wav,children_playing
/DATA_ROOT/Desktop/matcher/Datasets/Urban8k/audio/fold10/101382-2-0-12.wav,children_playing
/DATA_ROOT/Desktop/matcher/Datasets/Urban8k/audio/fold10/101382-2-0-20.wav,children_playing
/DATA_ROOT/Desktop/matcher/Datasets/Urban8k/audio/fold10/101382-2-0-21.wav,children_playing
/DATA_ROOT/Desktop/matcher/Datasets/Urban8k/audio/fold10/101382-2-0-29.wav,children_playing
/DATA_ROOT/Desktop/matcher/Datasets/Urban8k/audio/fold10/101382-2-0-33.wav,children_playing
/DATA_ROOT/Desktop/matcher/Datasets/Urban8k/audio/fold10/101382-2-0-42.wav,children_playing
/DATA_ROOT/Desktop/matcher/Datasets/Urban8k/audio/fold10/101382-2-0-45.wav,children_playing
/DATA_ROOT/Desktop/matcher/Datasets/Urban8k/audio/fold9/101729-0-0-1.wav,air_conditioner
/DATA_ROOT/Desktop/matcher/Datasets/Urban8k/audio/fold9/101729-0-0-11.wav,air_conditioner
/DATA_ROOT/Desktop/matcher/Datasets/Urban8k/audio/fold9/101729-0-0-12.wav,air_conditioner
/DATA_ROOT/Desktop/matcher/Datasets/Urban8k/audio/fold9/101729-0-0-13.wav,air_conditioner
/DATA_ROOT/Desktop/matcher/Datasets/Urban8k/audio/fold9/101729-0-0-14.wav,air_conditioner
/DATA_ROOT/Desktop/matcher/Datasets/Urban8k/audio/fold9/101729-0-0-16.wav,air_conditioner
/DATA_ROOT/Desktop/matcher/Datasets/Urban8k/audio/fold9/101729-0-0-17.wav,air_conditioner
/DATA_ROOT/Desktop/matcher/Datasets/Urban8k/audio/fold9/101729-0-0-18.wav,air_conditioner
/DATA_ROOT/Desktop/matcher/Datasets/Urban8k/audio/fold9/101729-0-0-19.wav,air_conditioner
/DATA_ROOT/Desktop/matcher/Datasets/Urban8k/audio/fold9/101729-0-0-21.wav,air_conditioner
/DATA_ROOT/Desktop/matcher/Datasets/Urban8k/audio/fold9/101729-0-0-22.wav,air_conditioner
/DATA_ROOT/Desktop/matcher/Datasets/Urban8k/audio/fold9/101729-0-0-23.wav,air_conditioner
/DATA_ROOT/Desktop/matcher/Datasets/Urban8k/audio/fold9/101729-0-0-24.wav,air_conditioner
/DATA_ROOT/Desktop/matcher/Datasets/Urban8k/audio/fold9/101729-0-0-26.wav,air_conditioner
/DATA_ROOT/Desktop/matcher/Datasets/Urban8k/audio/fold9/101729-0-0-28.wav,air_conditioner
/DATA_ROOT/Desktop/matcher/Datasets/Urban8k/audio/fold9/101729-0-0-29.wav,air_conditioner
/DATA_ROOT/Desktop/matcher/Datasets/Urban8k/audio/fold9/101729-0-0-3.wav,air_conditioner
/DATA_ROOT/Desktop/matcher/Datasets/Urban8k/audio/fold9/101729-0-0-32.wav,air_conditioner
/DATA_ROOT/Desktop/matcher/Datasets/Urban8k/audio/fold9/101729-0-0-33.wav,air_conditioner
/DATA_ROOT/Desktop/matcher/Datasets/Urban8k/audio/fold9/101729-0-0-36.wav,air_conditioner
/DATA_ROOT/Desktop/matcher/Datasets/Urban8k/audio/fold9/101729-0-0-37.wav,air_conditioner
/DATA_ROOT/Desktop/matcher/Datasets/Urban8k/audio/fold9/101729-0-0-38.wav,air_conditioner
/DATA_ROOT/Desktop/matcher/Datasets/Urban8k/audio/fold9/101729-0-0-39.wav,air_conditioner
/DATA_ROOT/Desktop/matcher/Datasets/Urban8k/audio/fold9/101729-0-0-4.wav,air_conditioner
/DATA_ROOT/Desktop/matcher/Datasets/Urban8k/audio/fold9/101729-0-0-40.wav,air_conditioner
/DATA_ROOT/Desktop/matcher/Datasets/Urban8k/audio/fold9/101729-0-0-6.wav,air_conditioner
/DATA_ROOT/Desktop/matcher/Datasets/Urban8k/audio/fold9/101729-0-0-9.wav,air_conditioner
/DATA_ROOT/Desktop/matcher/Datasets/Urban8k/audio/fold7/101848-9-0-0.wav,street_music
/DATA_ROOT/Desktop/matcher/Datasets/Urban8k/audio/fold7/101848-9-0-1.wav,street_music
/DATA_ROOT/Desktop/matcher/Datasets/Urban8k/audio/fold7/101848-9-0-2.wav,street_music
/DATA_ROOT/Desktop/matcher/Datasets/Urban8k/audio/fold7/101848-9-0-3.wav,street_music
/DATA_ROOT/Desktop/matcher/Datasets/Urban8k/audio/fold7/101848-9-0-8.wav,street_music
/DATA_ROOT/Desktop/matcher/Datasets/Urban8k/audio/fold7/101848-9-0-9.wav,street_music
/DATA_ROOT/Desktop/matcher/Datasets/Urban8k/audio/fold1/102305-6-0-0.wav,gun_shot
/DATA_ROOT/Desktop/matcher/Datasets/Urban8k/audio/fold10/102857-5-0-0.wav,engine+engine_idling
/DATA_ROOT/Desktop/matcher/Datasets/Urban8k/audio/fold10/102857-5-0-1.wav,engine+engine_idling
/DATA_ROOT/Desktop/matcher/Datasets/Urban8k/audio/fold10/102857-5-0-10.wav,engine+engine_idling
/DATA_ROOT/Desktop/matcher/Datasets/Urban8k/audio/fold10/102857-5-0-11.wav,engine+engine_idling
/DATA_ROOT/Desktop/matcher/Datasets/Urban8k/audio/fold10/102857-5-0-12.wav,engine+engine_idling
/DATA_ROOT/Desktop/matcher/Datasets/Urban8k/audio/fold10/102857-5-0-13.wav,engine+engine_idling
/DATA_ROOT/Desktop/matcher/Datasets/Urban8k/audio/fold10/102857-5-0-14.wav,engine+engine_idling
/DATA_ROOT/Desktop/matcher/Datasets/Urban8k/audio/fold10/102857-5-0-15.wav,engine+engine_idling
/DATA_ROOT/Desktop/matcher/Datasets/Urban8k/audio/fold10/102857-5-0-16.wav,engine+engine_idling
/DATA_ROOT/Desktop/matcher/Datasets/Urban8k/audio/fold10/102857-5-0-17.wav,engine+engine_idling
/DATA_ROOT/Desktop/matcher/Datasets/Urban8k/audio/fold10/102857-5-0-18.wav,engine+engine_idling
/DATA_ROOT/Desktop/matcher/Datasets/Urban8k/audio/fold10/102857-5-0-19.wav,engine+engine_idling
/DATA_ROOT/Desktop/matcher/Datasets/Urban8k/audio/fold10/102857-5-0-2.wav,engine+engine_idling
/DATA_ROOT/Desktop/matcher/Datasets/Urban8k/audio/fold10/102857-5-0-20.wav,engine+engine_idling
/DATA_ROOT/Desktop/matcher/Datasets/Urban8k/audio/fold10/102857-5-0-21.wav,engine+engine_idling
/DATA_ROOT/Desktop/matcher/Datasets/Urban8k/audio/fold10/102857-5-0-22.wav,engine+engine_idling
/DATA_ROOT/Desktop/matcher/Datasets/Urban8k/audio/fold10/102857-5-0-23.wav,engine+engine_idling
/DATA_ROOT/Desktop/matcher/Datasets/Urban8k/audio/fold10/102857-5-0-24.wav,engine+engine_idling
/DATA_ROOT/Desktop/matcher/Datasets/Urban8k/audio/fold10/102857-5-0-25.wav,engine+engine_idling
/DATA_ROOT/Desktop/matcher/Datasets/Urban8k/audio/fold10/102857-5-0-26.wav,engine+engine_idling
/DATA_ROOT/Desktop/matcher/Datasets/Urban8k/audio/fold10/102857-5-0-27.wav,engine+engine_idling
/DATA_ROOT/Desktop/matcher/Datasets/Urban8k/audio/fold10/102857-5-0-28.wav,engine+engine_idling
/DATA_ROOT/Desktop/matcher/Datasets/Urban8k/audio/fold10/102857-5-0-29.wav,engine+engine_idling
/DATA_ROOT/Desktop/matcher/Datasets/Urban8k/audio/fold10/102857-5-0-3.wav,engine+engine_idling
/DATA_ROOT/Desktop/matcher/Datasets/Urban8k/audio/fold10/102857-5-0-30.wav,engine+engine_idling
/DATA_ROOT/Desktop/matcher/Datasets/Urban8k/audio/fold10/102857-5-0-4.wav,engine+engine_idling
/DATA_ROOT/Desktop/matcher/Datasets/Urban8k/audio/fold10/102857-5-0-5.wav,engine+engine_idling
/DATA_ROOT/Desktop/matcher/Datasets/Urban8k/audio/fold10/102857-5-0-6.wav,engine+engine_idling
/DATA_ROOT/Desktop/matcher/Datasets/Urban8k/audio/fold10/102857-5-0-7.wav,engine+engine_idling
/DATA_ROOT/Desktop/matcher/Datasets/Urban8k/audio/fold10/102857-5-0-8.wav,engine+engine_idling
/DATA_ROOT/Desktop/matcher/Datasets/Urban8k/audio/fold10/102857-5-0-9.wav,engine+engine_idling
/DATA_ROOT/Desktop/matcher/Datasets/Urban8k/audio/fold2/102858-5-0-0.wav,engine+engine_idling
/DATA_ROOT/Desktop/matcher/Datasets/Urban8k/audio/fold2/102858-5-0-1.wav,engine+engine_idling
/DATA_ROOT/Desktop/matcher/Datasets/Urban8k/audio/fold1/103074-7-0-0.wav,jackhammer
/DATA_ROOT/Desktop/matcher/Datasets/Urban8k/audio/fold1/103074-7-0-1.wav,jackhammer
/DATA_ROOT/Desktop/matcher/Datasets/Urban8k/audio/fold1/103074-7-0-2.wav,jackhammer
/DATA_ROOT/Desktop/matcher/Datasets/Urban8k/audio/fold1/103074-7-1-0.wav,jackhammer
/DATA_ROOT/Desktop/matcher/Datasets/Urban8k/audio/fold1/103074-7-1-1.wav,jackhammer
/DATA_ROOT/Desktop/matcher/Datasets/Urban8k/audio/fold1/103074-7-1-2.wav,jackhammer
/DATA_ROOT/Desktop/matcher/Datasets/Urban8k/audio/fold1/103074-7-1-3.wav,jackhammer
/DATA_ROOT/Desktop/matcher/Datasets/Urban8k/audio/fold1/103074-7-1-4.wav,jackhammer
/DATA_ROOT/Desktop/matcher/Datasets/Urban8k/audio/fold1/103074-7-1-5.wav,jackhammer
/DATA_ROOT/Desktop/matcher/Datasets/Urban8k/audio/fold1/103074-7-1-6.wav,jackhammer
/DATA_ROOT/Desktop/matcher/Datasets/Urban8k/audio/fold1/103074-7-2-0.wav,jackhammer
/DATA_ROOT/Desktop/matcher/Datasets/Urban8k/audio/fold1/103074-7-3-0.wav,jackhammer
/DATA_ROOT/Desktop/matcher/Datasets/Urban8k/audio/fold1/103074-7-3-1.wav,jackhammer
/DATA_ROOT/Desktop/matcher/Datasets/Urban8k/audio/fold1/103074-7-3-2.wav,jackhammer
/DATA_ROOT/Desktop/matcher/Datasets/Urban8k/audio/fold1/103074-7-3-3.wav,jackhammer
/DATA_ROOT/Desktop/matcher/Datasets/Urban8k/audio/fold1/103074-7-4-0.wav,jackhammer
/DATA_ROOT/Desktop/matcher/Datasets/Urban8k/audio/fold1/103074-7-4-1.wav,jackhammer
/DATA_ROOT/Desktop/matcher/Datasets/Urban8k/audio/fold1/103074-7-4-2.wav,jackhammer
/DATA_ROOT/Desktop/matcher/Datasets/Urban8k/audio/fold1/103074-7-4-3.wav,jackhammer
/DATA_ROOT/Desktop/matcher/Datasets/Urban8k/audio/fold1/103074-7-4-4.wav,jackhammer
/DATA_ROOT/Desktop/matcher/Datasets/Urban8k/audio/fold1/103074-7-4-5.wav,jackhammer
/DATA_ROOT/Desktop/matcher/Datasets/Urban8k/audio/fold1/103074-7-4-6.wav,jackhammer
/DATA_ROOT/Desktop/matcher/Datasets/Urban8k/audio/fold3/103199-4-0-0.wav,drilling
/DATA_ROOT/Desktop/matcher/Datasets/Urban8k/audio/fold3/103199-4-0-3.wav,drilling
/DATA_ROOT/Desktop/matcher/Datasets/Urban8k/audio/fold3/103199-4-0-4.wav,drilling
/DATA_ROOT/Desktop/matcher/Datasets/Urban8k/audio/fold3/103199-4-0-5.wav,drilling
/DATA_ROOT/Desktop/matcher/Datasets/Urban8k/audio/fold3/103199-4-0-6.wav,drilling
/DATA_ROOT/Desktop/matcher/Datasets/Urban8k/audio/fold3/103199-4-1-0.wav,drilling
/DATA_ROOT/Desktop/matcher/Datasets/Urban8k/audio/fold3/103199-4-2-0.wav,drilling
/DATA_ROOT/Desktop/matcher/Datasets/Urban8k/audio/fold3/103199-4-2-1.wav,drilling
/DATA_ROOT/Desktop/matcher/Datasets/Urban8k/audio/fold3/103199-4-2-10.wav,drilling
/DATA_ROOT/Desktop/matcher/Datasets/Urban8k/audio/fold3/103199-4-2-11.wav,drilling
/DATA_ROOT/Desktop/matcher/Datasets/Urban8k/audio/fold3/103199-4-2-2.wav,drilling
/DATA_ROOT/Desktop/matcher/Datasets/Urban8k/audio/fold3/103199-4-2-3.wav,drilling
/DATA_ROOT/Desktop/matcher/Datasets/Urban8k/audio/fold3/103199-4-2-4.wav,drilling
/DATA_ROOT/Desktop/matcher/Datasets/Urban8k/audio/fold3/103199-4-2-5.wav,drilling
/DATA_ROOT/Desktop/matcher/Datasets/Urban8k/audio/fold3/103199-4-2-6.wav,drilling
/DATA_ROOT/Desktop/matcher/Datasets/Urban8k/audio/fold3/103199-4-2-7.wav,drilling
/DATA_ROOT/Desktop/matcher/Datasets/Urban8k/audio/fold3/103199-4-2-8.wav,drilling
/DATA_ROOT/Desktop/matcher/Datasets/Urban8k/audio/fold3/103199-4-2-9.wav,drilling
/DATA_ROOT/Desktop/matcher/Datasets/Urban8k/audio/fold3/103199-4-4-0.wav,drilling
/DATA_ROOT/Desktop/matcher/Datasets/Urban8k/audio/fold3/103199-4-6-0.wav,drilling
/DATA_ROOT/Desktop/matcher/Datasets/Urban8k/audio/fold3/103199-4-7-2.wav,drilling
/DATA_ROOT/Desktop/matcher/Datasets/Urban8k/audio/fold9/103249-5-0-0.wav,engine+engine_idling
/DATA_ROOT/Desktop/matcher/Datasets/Urban8k/audio/fold9/103249-5-0-1.wav,engine+engine_idling
/DATA_ROOT/Desktop/matcher/Datasets/Urban8k/audio/fold9/103249-5-0-10.wav,engine+engine_idling
/DATA_ROOT/Desktop/matcher/Datasets/Urban8k/audio/fold9/103249-5-0-11.wav,engine+engine_idling
/DATA_ROOT/Desktop/matcher/Datasets/Urban8k/audio/fold9/103249-5-0-12.wav,engine+engine_idling
/DATA_ROOT/Desktop/matcher/Datasets/Urban8k/audio/fold9/103249-5-0-13.wav,engine+engine_idling
/DATA_ROOT/Desktop/matcher/Datasets/Urban8k/audio/fold9/103249-5-0-14.wav,engine+engine_idling
/DATA_ROOT/Desktop/matcher/Datasets/Urban8k/audio/fold9/103249-5-0-15.wav,engine+engine_idling
/DATA_ROOT/Desktop/matcher/Datasets/Urban8k/audio/fold9/103249-5-0-16.wav,engine+engine_idling
/DATA_ROOT/Desktop/matcher/Datasets/Urban8k/audio/fold9/103249-5-0-17.wav,engine+engine_idling
/DATA_ROOT/Desktop/matcher/Datasets/Urban8k/audio/fold9/103249-5-0-18.wav,engine+engine_idling
/DATA_ROOT/Desktop/matcher/Datasets/Urban8k/audio/fold9/103249-5-0-19.wav,engine+engine_idling
/DATA_ROOT/Desktop/matcher/Datasets/Urban8k/audio/fold9/103249-5-0-2.wav,engine+engine_idling
/DATA_ROOT/Desktop/matcher/Datasets/Urban8k/audio/fold9/103249-5-0-3.wav,engine+engine_idling
/DATA_ROOT/Desktop/matcher/Datasets/Urban8k/audio/fold9/103249-5-0-4.wav,engine+engine_idling
/DATA_ROOT/Desktop/matcher/Datasets/Urban8k/audio/fold9/103249-5-0-5.wav,engine+engine_idling
/DATA_ROOT/Desktop/matcher/Datasets/Urban8k/audio/fold9/103249-5-0-6.wav,engine+engine_idling
/DATA_ROOT/Desktop/matcher/Datasets/Urban8k/audio/fold9/103249-5-0-7.wav,engine+engine_idling
/DATA_ROOT/Desktop/matcher/Datasets/Urban8k/audio/fold9/103249-5-0-8.wav,engine+engine_idling
/DATA_ROOT/Desktop/matcher/Datasets/Urban8k/audio/fold9/103249-5-0-9.wav,engine+engine_idling
/DATA_ROOT/Desktop/matcher/Datasets/Urban8k/audio/fold1/103258-5-0-0.wav,engine+engine_idling
/DATA_ROOT/Desktop/matcher/Datasets/Urban8k/audio/fold1/103258-5-0-1.wav,engine+engine_idling
/DATA_ROOT/Desktop/matcher/Datasets/Urban8k/audio/fold1/103258-5-0-10.wav,engine+engine_idling
/DATA_ROOT/Desktop/matcher/Datasets/Urban8k/audio/fold1/103258-5-0-11.wav,engine+engine_idling
/DATA_ROOT/Desktop/matcher/Datasets/Urban8k/audio/fold1/103258-5-0-12.wav,engine+engine_idling
/DATA_ROOT/Desktop/matcher/Datasets/Urban8k/audio/fold1/103258-5-0-13.wav,engine+engine_idling
/DATA_ROOT/Desktop/matcher/Datasets/Urban8k/audio/fold1/103258-5-0-14.wav,engine+engine_idling
/DATA_ROOT/Desktop/matcher/Datasets/Urban8k/audio/fold1/103258-5-0-15.wav,engine+engine_idling
/DATA_ROOT/Desktop/matcher/Datasets/Urban8k/audio/fold1/103258-5-0-16.wav,engine+engine_idling
/DATA_ROOT/Desktop/matcher/Datasets/Urban8k/audio/fold1/103258-5-0-17.wav,engine+engine_idling
/DATA_ROOT/Desktop/matcher/Datasets/Urban8k/audio/fold1/103258-5-0-18.wav,engine+engine_idling
/DATA_ROOT/Desktop/matcher/Datasets/Urban8k/audio/fold1/103258-5-0-19.wav,engine+engine_idling
/DATA_ROOT/Desktop/matcher/Datasets/Urban8k/audio/fold1/103258-5-0-2.wav,engine+engine_idling
/DATA_ROOT/Desktop/matcher/Datasets/Urban8k/audio/fold1/103258-5-0-3.wav,engine+engine_idling
/DATA_ROOT/Desktop/matcher/Datasets/Urban8k/audio/fold1/103258-5-0-4.wav,engine+engine_idling
/DATA_ROOT/Desktop/matcher/Datasets/Urban8k/audio/fold1/103258-5-0-5.wav,engine+engine_idling
/DATA_ROOT/Desktop/matcher/Datasets/Urban8k/audio/fold1/103258-5-0-6.wav,engine+engine_idling
/DATA_ROOT/Desktop/matcher/Datasets/Urban8k/audio/fold1/103258-5-0-7.wav,engine+engine_idling
/DATA_ROOT/Desktop/matcher/Datasets/Urban8k/audio/fold1/103258-5-0-8.wav,engine+engine_idling
/DATA_ROOT/Desktop/matcher/Datasets/Urban8k/audio/fold1/103258-5-0-9.wav,engine+engine_idling
/DATA_ROOT/Desktop/matcher/Datasets/Urban8k/audio/fold3/103357-4-0-0.wav,drilling
/DATA_ROOT/Desktop/matcher/Datasets/Urban8k/audio/fold3/103357-4-0-1.wav,drilling
/DATA_ROOT/Desktop/matcher/Datasets/Urban8k/audio/fold10/103438-5-0-0.wav,engine+engine_idling
/DATA_ROOT/Desktop/matcher/Datasets/Urban8k/audio/fold10/103438-5-0-1.wav,engine+engine_idling
/DATA_ROOT/Desktop/matcher/Datasets/Urban8k/audio/fold10/103438-5-0-2.wav,engine+engine_idling
/DATA_ROOT/Desktop/matcher/Datasets/Urban8k/audio/fold6/104327-2-0-15.wav,children_playing
/DATA_ROOT/Desktop/matcher/Datasets/Urban8k/audio/fold6/104327-2-0-19.wav,children_playing
/DATA_ROOT/Desktop/matcher/Datasets/Urban8k/audio/fold6/104327-2-0-26.wav,children_playing
/DATA_ROOT/Desktop/matcher/Datasets/Urban8k/audio/fold6/104327-2-0-28.wav,children_playing
/DATA_ROOT/Desktop/matcher/Datasets/Urban8k/audio/fold6/104327-2-0-3.wav,children_playing
/DATA_ROOT/Desktop/matcher/Datasets/Urban8k/audio/fold6/104327-2-0-30.wav,children_playing
/DATA_ROOT/Desktop/matcher/Datasets/Urban8k/audio/fold6/104327-2-0-34.wav,children_playing
/DATA_ROOT/Desktop/matcher/Datasets/Urban8k/audio/fold6/104327-2-0-4.wav,children_playing
/DATA_ROOT/Desktop/matcher/Datasets/Urban8k/audio/fold5/104421-2-0-1.wav,children_playing
/DATA_ROOT/Desktop/matcher/Datasets/Urban8k/audio/fold5/104421-2-0-15.wav,children_playing
/DATA_ROOT/Desktop/matcher/Datasets/Urban8k/audio/fold5/104421-2-0-20.wav,children_playing
/DATA_ROOT/Desktop/matcher/Datasets/Urban8k/audio/fold5/104421-2-0-29.wav,children_playing
/DATA_ROOT/Desktop/matcher/Datasets/Urban8k/audio/fold5/104421-2-0-3.wav,children_playing
/DATA_ROOT/Desktop/matcher/Datasets/Urban8k/audio/fold5/104421-2-0-5.wav,children_playing
/DATA_ROOT/Desktop/matcher/Datasets/Urban8k/audio/fold5/104421-2-0-7.wav,children_playing
/DATA_ROOT/Desktop/matcher/Datasets/Urban8k/audio/fold5/104421-2-1-3.wav,children_playing
/DATA_ROOT/Desktop/matcher/Datasets/Urban8k/audio/fold7/104625-4-0-15.wav,drilling
/DATA_ROOT/Desktop/matcher/Datasets/Urban8k/audio/fold7/104625-4-0-21.wav,drilling
/DATA_ROOT/Desktop/matcher/Datasets/Urban8k/audio/fold7/104625-4-0-27.wav,drilling
/DATA_ROOT/Desktop/matcher/Datasets/Urban8k/audio/fold7/104625-4-0-29.wav,drilling
/DATA_ROOT/Desktop/matcher/Datasets/Urban8k/audio/fold7/104625-4-0-3.wav,drilling
/DATA_ROOT/Desktop/matcher/Datasets/Urban8k/audio/fold7/104625-4-0-35.wav,drilling
/DATA_ROOT/Desktop/matcher/Datasets/Urban8k/audio/fold7/104625-4-0-40.wav,drilling
/DATA_ROOT/Desktop/matcher/Datasets/Urban8k/audio/fold7/104625-4-0-41.wav,drilling
/DATA_ROOT/Desktop/matcher/Datasets/Urban8k/audio/fold7/104625-4-0-45.wav,drilling
/DATA_ROOT/Desktop/matcher/Datasets/Urban8k/audio/fold7/104625-4-0-48.wav,drilling
/DATA_ROOT/Desktop/matcher/Datasets/Urban8k/audio/fold7/104625-4-0-51.wav,drilling
/DATA_ROOT/Desktop/matcher/Datasets/Urban8k/audio/fold7/104625-4-0-52.wav,drilling
/DATA_ROOT/Desktop/matcher/Datasets/Urban8k/audio/fold7/104625-4-0-53.wav,drilling
/DATA_ROOT/Desktop/matcher/Datasets/Urban8k/audio/fold7/104625-4-0-55.wav,drilling
/DATA_ROOT/Desktop/matcher/Datasets/Urban8k/audio/fold7/104625-4-0-57.wav,drilling
/DATA_ROOT/Desktop/matcher/Datasets/Urban8k/audio/fold7/104625-4-0-66.wav,drilling
/DATA_ROOT/Desktop/matcher/Datasets/Urban8k/audio/fold7/104625-4-1-20.wav,drilling
/DATA_ROOT/Desktop/matcher/Datasets/Urban8k/audio/fold7/104625-4-1-8.wav,drilling
/DATA_ROOT/Desktop/matcher/Datasets/Urban8k/audio/fold2/104817-4-0-0.wav,drilling
/DATA_ROOT/Desktop/matcher/Datasets/Urban8k/audio/fold2/104817-4-0-1.wav,drilling
/DATA_ROOT/Desktop/matcher/Datasets/Urban8k/audio/fold2/104817-4-0-10.wav,drilling
/DATA_ROOT/Desktop/matcher/Datasets/Urban8k/audio/fold2/104817-4-0-11.wav,drilling
/DATA_ROOT/Desktop/matcher/Datasets/Urban8k/audio/fold2/104817-4-0-2.wav,drilling
/DATA_ROOT/Desktop/matcher/Datasets/Urban8k/audio/fold2/104817-4-0-3.wav,drilling
/DATA_ROOT/Desktop/matcher/Datasets/Urban8k/audio/fold2/104817-4-0-4.wav,drilling
/DATA_ROOT/Desktop/matcher/Datasets/Urban8k/audio/fold2/104817-4-0-5.wav,drilling
/DATA_ROOT/Desktop/matcher/Datasets/Urban8k/audio/fold2/104817-4-0-6.wav,drilling
/DATA_ROOT/Desktop/matcher/Datasets/Urban8k/audio/fold2/104817-4-0-7.wav,drilling
/DATA_ROOT/Desktop/matcher/Datasets/Urban8k/audio/fold2/104817-4-0-8.wav,drilling
/DATA_ROOT/Desktop/matcher/Datasets/Urban8k/audio/fold2/104817-4-0-9.wav,drilling
/DATA_ROOT/Desktop/matcher/Datasets/Urban8k/audio/fold5/104998-7-0-5.wav,jackhammer
/DATA_ROOT/Desktop/matcher/Datasets/Urban8k/audio/fold5/104998-7-10-1.wav,jackhammer
/DATA_ROOT/Desktop/matcher/Datasets/Urban8k/audio/fold5/104998-7-10-10.wav,jackhammer
/DATA_ROOT/Desktop/matcher/Datasets/Urban8k/audio/fold5/104998-7-10-13.wav,jackhammer
/DATA_ROOT/Desktop/matcher/Datasets/Urban8k/audio/fold5/104998-7-10-15.wav,jackhammer
/DATA_ROOT/Desktop/matcher/Datasets/Urban8k/audio/fold5/104998-7-10-8.wav,jackhammer
/DATA_ROOT/Desktop/matcher/Datasets/Urban8k/audio/fold5/104998-7-10-9.wav,jackhammer
/DATA_ROOT/Desktop/matcher/Datasets/Urban8k/audio/fold5/104998-7-11-0.wav,jackhammer
/DATA_ROOT/Desktop/matcher/Datasets/Urban8k/audio/fold5/104998-7-11-2.wav,jackhammer
/DATA_ROOT/Desktop/matcher/Datasets/Urban8k/audio/fold5/104998-7-12-2.wav,jackhammer
/DATA_ROOT/Desktop/matcher/Datasets/Urban8k/audio/fold5/104998-7-14-1.wav,jackhammer
/DATA_ROOT/Desktop/matcher/Datasets/Urban8k/audio/fold5/104998-7-14-5.wav,jackhammer
/DATA_ROOT/Desktop/matcher/Datasets/Urban8k/audio/fold5/104998-7-14-6.wav,jackhammer
/DATA_ROOT/Desktop/matcher/Datasets/Urban8k/audio/fold5/104998-7-15-1.wav,jackhammer
/DATA_ROOT/Desktop/matcher/Datasets/Urban8k/audio/fold5/104998-7-15-3.wav,jackhammer
/DATA_ROOT/Desktop/matcher/Datasets/Urban8k/audio/fold5/104998-7-15-5.wav,jackhammer
/DATA_ROOT/Desktop/matcher/Datasets/Urban8k/audio/fold5/104998-7-15-9.wav,jackhammer
/DATA_ROOT/Desktop/matcher/Datasets/Urban8k/audio/fold5/104998-7-16-0.wav,jackhammer
/DATA_ROOT/Desktop/matcher/Datasets/Urban8k/audio/fold5/104998-7-16-10.wav,jackhammer
/DATA_ROOT/Desktop/matcher/Datasets/Urban8k/audio/fold5/104998-7-16-11.wav,jackhammer
/DATA_ROOT/Desktop/matcher/Datasets/Urban8k/audio/fold5/104998-7-16-5.wav,jackhammer
/DATA_ROOT/Desktop/matcher/Datasets/Urban8k/audio/fold5/104998-7-16-6.wav,jackhammer
/DATA_ROOT/Desktop/matcher/Datasets/Urban8k/audio/fold5/104998-7-16-7.wav,jackhammer
/DATA_ROOT/Desktop/matcher/Datasets/Urban8k/audio/fold5/104998-7-17-0.wav,jackhammer
/DATA_ROOT/Desktop/matcher/Datasets/Urban8k/audio/fold5/104998-7-17-1.wav,jackhammer
/DATA_ROOT/Desktop/matcher/Datasets/Urban8k/audio/fold5/104998-7-17-12.wav,jackhammer
/DATA_ROOT/Desktop/matcher/Datasets/Urban8k/audio/fold5/104998-7-17-14.wav,jackhammer
/DATA_ROOT/Desktop/matcher/Datasets/Urban8k/audio/fold5/104998-7-17-4.wav,jackhammer
/DATA_ROOT/Desktop/matcher/Datasets/Urban8k/audio/fold5/104998-7-17-7.wav,jackhammer
/DATA_ROOT/Desktop/matcher/Datasets/Urban8k/audio/fold5/104998-7-17-8.wav,jackhammer
/DATA_ROOT/Desktop/matcher/Datasets/Urban8k/audio/fold5/104998-7-18-12.wav,jackhammer
/DATA_ROOT/Desktop/matcher/Datasets/Urban8k/audio/fold5/104998-7-18-13.wav,jackhammer
/DATA_ROOT/Desktop/matcher/Datasets/Urban8k/audio/fold5/104998-7-18-3.wav,jackhammer
/DATA_ROOT/Desktop/matcher/Datasets/Urban8k/audio/fold5/104998-7-18-9.wav,jackhammer
/DATA_ROOT/Desktop/matcher/Datasets/Urban8k/audio/fold5/104998-7-19-0.wav,jackhammer
/DATA_ROOT/Desktop/matcher/Datasets/Urban8k/audio/fold5/104998-7-19-3.wav,jackhammer
/DATA_ROOT/Desktop/matcher/Datasets/Urban8k/audio/fold5/104998-7-19-6.wav,jackhammer
/DATA_ROOT/Desktop/matcher/Datasets/Urban8k/audio/fold5/104998-7-19-7.wav,jackhammer
/DATA_ROOT/Desktop/matcher/Datasets/Urban8k/audio/fold5/104998-7-19-8.wav,jackhammer
/DATA_ROOT/Desktop/matcher/Datasets/Urban8k/audio/fold5/104998-7-19-9.wav,jackhammer
/DATA_ROOT/Desktop/matcher/Datasets/Urban8k/audio/fold5/104998-7-2-4.wav,jackhammer
/DATA_ROOT/Desktop/matcher/Datasets/Urban8k/audio/fold5/104998-7-2-5.wav,jackhammer
/DATA_ROOT/Desktop/matcher/Datasets/Urban8k/audio/fold5/104998-7-2-6.wav,jackhammer
/DATA_ROOT/Desktop/matcher/Datasets/Urban8k/audio/fold5/104998-7-3-1.wav,jackhammer
/DATA_ROOT/Desktop/matcher/Datasets/Urban8k/audio/fold5/104998-7-7-0.wav,jackhammer
/DATA_ROOT/Desktop/matcher/Datasets/Urban8k/audio/fold5/104998-7-7-1.wav,jackhammer
/DATA_ROOT/Desktop/matcher/Datasets/Urban8k/audio/fold5/104998-7-7-4.wav,jackhammer
/DATA_ROOT/Desktop/matcher/Datasets/Urban8k/audio/fold5/104998-7-7-7.wav,jackhammer
/DATA_ROOT/Desktop/matcher/Datasets/Urban8k/audio/fold5/104998-7-7-9.wav,jackhammer
/DATA_ROOT/Desktop/matcher/Datasets/Urban8k/audio/fold5/104998-7-8-13.wav,jackhammer
/DATA_ROOT/Desktop/matcher/Datasets/Urban8k/audio/fold5/104998-7-8-14.wav,jackhammer
/DATA_ROOT/Desktop/matcher/Datasets/Urban8k/audio/fold5/104998-7-8-15.wav,jackhammer
/DATA_ROOT/Desktop/matcher/Datasets/Urban8k/audio/fold5/104998-7-8-17.wav,jackhammer
/DATA_ROOT/Desktop/matcher/Datasets/Urban8k/audio/fold5/104998-7-8-4.wav,jackhammer
/DATA_ROOT/Desktop/matcher/Datasets/Urban8k/audio/fold5/104998-7-8-6.wav,jackhammer
/DATA_ROOT/Desktop/matcher/Datasets/Urban8k/audio/fold5/104998-7-8-7.wav,jackhammer
/DATA_ROOT/Desktop/matcher/Datasets/Urban8k/audio/fold5/104998-7-9-0.wav,jackhammer
/DATA_ROOT/Desktop/matcher/Datasets/Urban8k/audio/fold5/104998-7-9-13.wav,jackhammer
/DATA_ROOT/Desktop/matcher/Datasets/Urban8k/audio/fold5/104998-7-9-9.wav,jackhammer
/DATA_ROOT/Desktop/matcher/Datasets/Urban8k/audio/fold9/105029-7-0-0.wav,jackhammer
/DATA_ROOT/Desktop/matcher/Datasets/Urban8k/audio/fold9/105029-7-0-1.wav,jackhammer
/DATA_ROOT/Desktop/matcher/Datasets/Urban8k/audio/fold9/105029-7-0-2.wav,jackhammer
/DATA_ROOT/Desktop/matcher/Datasets/Urban8k/audio/fold9/105029-7-0-3.wav,jackhammer
/DATA_ROOT/Desktop/matcher/Datasets/Urban8k/audio/fold9/105029-7-0-4.wav,jackhammer
/DATA_ROOT/Desktop/matcher/Datasets/Urban8k/audio/fold9/105029-7-0-5.wav,jackhammer
/DATA_ROOT/Desktop/matcher/Datasets/Urban8k/audio/fold9/105029-7-0-6.wav,jackhammer
/DATA_ROOT/Desktop/matcher/Datasets/Urban8k/audio/fold9/105029-7-1-0.wav,jackhammer
/DATA_ROOT/Desktop/matcher/Datasets/Urban8k/audio/fold9/105029-7-1-1.wav,jackhammer
/DATA_ROOT/Desktop/matcher/Datasets/Urban8k/audio/fold9/105029-7-1-10.wav,jackhammer
/DATA_ROOT/Desktop/matcher/Datasets/Urban8k/audio/fold9/105029-7-1-11.wav,jackhammer
/DATA_ROOT/Desktop/matcher/Datasets/Urban8k/audio/fold9/105029-7-1-12.wav,jackhammer
/DATA_ROOT/Desktop/matcher/Datasets/Urban8k/audio/fold9/105029-7-1-13.wav,jackhammer
/DATA_ROOT/Desktop/matcher/Datasets/Urban8k/audio/fold9/105029-7-1-2.wav,jackhammer
/DATA_ROOT/Desktop/matcher/Datasets/Urban8k/audio/fold9/105029-7-1-3.wav,jackhammer
/DATA_ROOT/Desktop/matcher/Datasets/Urban8k/audio/fold9/105029-7-1-4.wav,jackhammer
/DATA_ROOT/Desktop/matcher/Datasets/Urban8k/audio/fold9/105029-7-1-5.wav,jackhammer
/DATA_ROOT/Desktop/matcher/Datasets/Urban8k/audio/fold9/105029-7-1-6.wav,jackhammer
/DATA_ROOT/Desktop/matcher/Datasets/Urban8k/audio/fold9/105029-7-1-7.wav,jackhammer
/DATA_ROOT/Desktop/matcher/Datasets/Urban8k/audio/fold9/105029-7-1-8.wav,jackhammer
/DATA_ROOT/Desktop/matcher/Datasets/Urban8k/audio/fold9/105029-7-1-9.wav,jackhammer
/DATA_ROOT/Desktop/matcher/Datasets/Urban8k/audio/fold9/105029-7-2-0.wav,jackhammer
/DATA_ROOT/Desktop/matcher/Datasets/Urban8k/audio/fold9/105029-7-2-1.wav,jackhammer
/DATA_ROOT/Desktop/matcher/Datasets/Urban8k/audio/fold9/105029-7-2-10.wav,jackhammer
/DATA_ROOT/Desktop/matcher/Datasets/Urban8k/audio/fold9/105029-7-2-11.wav,jackhammer
/DATA_ROOT/Desktop/matcher/Datasets/Urban8k/audio/fold9/105029-7-2-12.wav,jackhammer
/DATA_ROOT/Desktop/matcher/Datasets/Urban8k/audio/fold9/105029-7-2-13.wav,jackhammer
/DATA_ROOT/Desktop/matcher/Datasets/Urban8k/audio/fold9/105029-7-2-14.wav,jackhammer
/DATA_ROOT/Desktop/matcher/Datasets/Urban8k/audio/fold9/105029-7-2-15.wav,jackhammer
/DATA_ROOT/Desktop/matcher/Datasets/Urban8k/audio/fold9/105029-7-2-16.wav,jackhammer
/DATA_ROOT/Desktop/matcher/Datasets/Urban8k/audio/fold9/105029-7-2-2.wav,jackhammer
/DATA_ROOT/Desktop/matcher/Datasets/Urban8k/audio/fold9/105029-7-2-3.wav,jackhammer
/DATA_ROOT/Desktop/matcher/Datasets/Urban8k/audio/fold9/105029-7-2-4.wav,jackhammer
/DATA_ROOT/Desktop/matcher/Datasets/Urban8k/audio/fold9/105029-7-2-5.wav,jackhammer
/DATA_ROOT/Desktop/matcher/Datasets/Urban8k/audio/fold9/105029-7-2-6.wav,jackhammer
/DATA_ROOT/Desktop/matcher/Datasets/Urban8k/audio/fold9/105029-7-2-7.wav,jackhammer
/DATA_ROOT/Desktop/matcher/Datasets/Urban8k/audio/fold9/105029-7-2-8.wav,jackhammer
/DATA_ROOT/Desktop/matcher/Datasets/Urban8k/audio/fold9/105029-7-2-9.wav,jackhammer
/DATA_ROOT/Desktop/matcher/Datasets/Urban8k/audio/fold9/105029-7-3-0.wav,jackhammer
/DATA_ROOT/Desktop/matcher/Datasets/Urban8k/audio/fold9/105029-7-3-1.wav,jackhammer
/DATA_ROOT/Desktop/matcher/Datasets/Urban8k/audio/fold9/105029-7-3-2.wav,jackhammer
/DATA_ROOT/Desktop/matcher/Datasets/Urban8k/audio/fold9/105029-7-3-3.wav,jackhammer
/DATA_ROOT/Desktop/matcher/Datasets/Urban8k/audio/fold9/105029-7-3-4.wav,jackhammer
/DATA_ROOT/Desktop/matcher/Datasets/Urban8k/audio/fold9/105029-7-3-5.wav,jackhammer
/DATA_ROOT/Desktop/matcher/Datasets/Urban8k/audio/fold9/105029-7-3-6.wav,jackhammer
/DATA_ROOT/Desktop/matcher/Datasets/Urban8k/audio/fold9/105029-7-3-7.wav,jackhammer
/DATA_ROOT/Desktop/matcher/Datasets/Urban8k/audio/fold9/105029-7-4-0.wav,jackhammer
/DATA_ROOT/Desktop/matcher/Datasets/Urban8k/audio/fold9/105029-7-4-1.wav,jackhammer
/DATA_ROOT/Desktop/matcher/Datasets/Urban8k/audio/fold9/105029-7-4-2.wav,jackhammer
/DATA_ROOT/Desktop/matcher/Datasets/Urban8k/audio/fold9/105029-7-4-3.wav,jackhammer
/DATA_ROOT/Desktop/matcher/Datasets/Urban8k/audio/fold1/105415-2-0-1.wav,children_playing
/DATA_ROOT/Desktop/matcher/Datasets/Urban8k/audio/fold1/105415-2-0-15.wav,children_playing
/DATA_ROOT/Desktop/matcher/Datasets/Urban8k/audio/fold1/105415-2-0-19.wav,children_playing
/DATA_ROOT/Desktop/matcher/Datasets/Urban8k/audio/fold1/105415-2-0-21.wav,children_playing
/DATA_ROOT/Desktop/matcher/Datasets/Urban8k/audio/fold1/105415-2-0-24.wav,children_playing
/DATA_ROOT/Desktop/matcher/Datasets/Urban8k/audio/fold1/105415-2-0-4.wav,children_playing
/DATA_ROOT/Desktop/matcher/Datasets/Urban8k/audio/fold1/105415-2-0-6.wav,children_playing
/DATA_ROOT/Desktop/matcher/Datasets/Urban8k/audio/fold1/105415-2-0-8.wav,children_playing
/DATA_ROOT/Desktop/matcher/Datasets/Urban8k/audio/fold5/105425-9-0-1.wav,street_music
/DATA_ROOT/Desktop/matcher/Datasets/Urban8k/audio/fold5/105425-9-0-10.wav,street_music
/DATA_ROOT/Desktop/matcher/Datasets/Urban8k/audio/fold5/105425-9-0-12.wav,street_music
/DATA_ROOT/Desktop/matcher/Datasets/Urban8k/audio/fold5/105425-9-0-13.wav,street_music
/DATA_ROOT/Desktop/matcher/Datasets/Urban8k/audio/fold5/105425-9-0-14.wav,street_music
/DATA_ROOT/Desktop/matcher/Datasets/Urban8k/audio/fold5/105425-9-0-23.wav,street_music
/DATA_ROOT/Desktop/matcher/Datasets/Urban8k/audio/fold10/106014-5-0-0.wav,engine+engine_idling
/DATA_ROOT/Desktop/matcher/Datasets/Urban8k/audio/fold10/106014-5-0-1.wav,engine+engine_idling
/DATA_ROOT/Desktop/matcher/Datasets/Urban8k/audio/fold10/106014-5-0-2.wav,engine+engine_idling
/DATA_ROOT/Desktop/matcher/Datasets/Urban8k/audio/fold10/106014-5-0-3.wav,engine+engine_idling
/DATA_ROOT/Desktop/matcher/Datasets/Urban8k/audio/fold10/106014-5-0-4.wav,engine+engine_idling
/DATA_ROOT/Desktop/matcher/Datasets/Urban8k/audio/fold2/106015-5-0-0.wav,engine+engine_idling
/DATA_ROOT/Desktop/matcher/Datasets/Urban8k/audio/fold2/106015-5-0-1.wav,engine+engine_idling
/DATA_ROOT/Desktop/matcher/Datasets/Urban8k/audio/fold2/106015-5-0-10.wav,engine+engine_idling
/DATA_ROOT/Desktop/matcher/Datasets/Urban8k/audio/fold2/106015-5-0-11.wav,engine+engine_idling
/DATA_ROOT/Desktop/matcher/Datasets/Urban8k/audio/fold2/106015-5-0-12.wav,engine+engine_idling
/DATA_ROOT/Desktop/matcher/Datasets/Urban8k/audio/fold2/106015-5-0-13.wav,engine+engine_idling
/DATA_ROOT/Desktop/matcher/Datasets/Urban8k/audio/fold2/106015-5-0-14.wav,engine+engine_idling
/DATA_ROOT/Desktop/matcher/Datasets/Urban8k/audio/fold2/106015-5-0-15.wav,engine+engine_idling
/DATA_ROOT/Desktop/matcher/Datasets/Urban8k/audio/fold2/106015-5-0-16.wav,engine+engine_idling
/DATA_ROOT/Desktop/matcher/Datasets/Urban8k/audio/fold2/106015-5-0-17.wav,engine+engine_idling
/DATA_ROOT/Desktop/matcher/Datasets/Urban8k/audio/fold2/106015-5-0-18.wav,engine+engine_idling
/DATA_ROOT/Desktop/matcher/Datasets/Urban8k/audio/fold2/106015-5-0-19.wav,engine+engine_idling
/DATA_ROOT/Desktop/matcher/Datasets/Urban8k/audio/fold2/106015-5-0-2.wav,engine+engine_idling
/DATA_ROOT/Desktop/matcher/Datasets/Urban8k/audio/fold2/106015-5-0-20.wav,engine+engine_idling
/DATA_ROOT/Desktop/matcher/Datasets/Urban8k/audio/fold2/106015-5-0-3.wav,engine+engine_idling
/DATA_ROOT/Desktop/matcher/Datasets/Urban8k/audio/fold2/106015-5-0-4.wav,engine+engine_idling
/DATA_ROOT/Desktop/matcher/Datasets/Urban8k/audio/fold2/106015-5-0-5.wav,engine+engine_idling
/DATA_ROOT/Desktop/matcher/Datasets/Urban8k/audio/fold2/106015-5-0-6.wav,engine+engine_idling
/DATA_ROOT/Desktop/matcher/Datasets/Urban8k/audio/fold2/106015-5-0-7.wav,engine+engine_idling
/DATA_ROOT/Desktop/matcher/Datasets/Urban8k/audio/fold2/106015-5-0-8.wav,engine+engine_idling
/DATA_ROOT/Desktop/matcher/Datasets/Urban8k/audio/fold2/106015-5-0-9.wav,engine+engine_idling
/DATA_ROOT/Desktop/matcher/Datasets/Urban8k/audio/fold6/106486-5-0-0.wav,engine+engine_idling
/DATA_ROOT/Desktop/matcher/Datasets/Urban8k/audio/fold6/106486-5-0-1.wav,engine+engine_idling
/DATA_ROOT/Desktop/matcher/Datasets/Urban8k/audio/fold6/106486-5-0-2.wav,engine+engine_idling
/DATA_ROOT/Desktop/matcher/Datasets/Urban8k/audio/fold5/106487-5-0-0.wav,engine+engine_idling
/DATA_ROOT/Desktop/matcher/Datasets/Urban8k/audio/fold5/106487-5-0-1.wav,engine+engine_idling
/DATA_ROOT/Desktop/matcher/Datasets/Urban8k/audio/fold5/106487-5-0-2.wav,engine+engine_idling
/DATA_ROOT/Desktop/matcher/Datasets/Urban8k/audio/fold8/106905-5-0-0.wav,engine+engine_idling
/DATA_ROOT/Desktop/matcher/Datasets/Urban8k/audio/fold8/106905-5-0-1.wav,engine+engine_idling
/DATA_ROOT/Desktop/matcher/Datasets/Urban8k/audio/fold8/106905-5-0-2.wav,engine+engine_idling
/DATA_ROOT/Desktop/matcher/Datasets/Urban8k/audio/fold9/106955-6-0-0.wav,gun_shot
/DATA_ROOT/Desktop/matcher/Datasets/Urban8k/audio/fold3/107228-5-0-0.wav,engine+engine_idling
/DATA_ROOT/Desktop/matcher/Datasets/Urban8k/audio/fold3/107228-5-0-1.wav,engine+engine_idling
/DATA_ROOT/Desktop/matcher/Datasets/Urban8k/audio/fold3/107228-5-0-2.wav,engine+engine_idling
/DATA_ROOT/Desktop/matcher/Datasets/Urban8k/audio/fold3/107228-5-0-3.wav,engine+engine_idling
/DATA_ROOT/Desktop/matcher/Datasets/Urban8k/audio/fold3/107228-5-0-4.wav,engine+engine_idling
/DATA_ROOT/Desktop/matcher/Datasets/Urban8k/audio/fold3/107228-5-0-5.wav,engine+engine_idling
/DATA_ROOT/Desktop/matcher/Datasets/Urban8k/audio/fold3/107228-5-0-6.wav,engine+engine_idling
/DATA_ROOT/Desktop/matcher/Datasets/Urban8k/audio/fold3/107228-5-0-7.wav,engine+engine_idling
/DATA_ROOT/Desktop/matcher/Datasets/Urban8k/audio/fold4/107653-9-0-12.wav,street_music
/DATA_ROOT/Desktop/matcher/Datasets/Urban8k/audio/fold4/107653-9-0-14.wav,street_music
/DATA_ROOT/Desktop/matcher/Datasets/Urban8k/audio/fold4/107653-9-0-18.wav,street_music
/DATA_ROOT/Desktop/matcher/Datasets/Urban8k/audio/fold4/107653-9-0-3.wav,street_music
/DATA_ROOT/Desktop/matcher/Datasets/Urban8k/audio/fold4/107653-9-0-5.wav,street_music
/DATA_ROOT/Desktop/matcher/Datasets/Urban8k/audio/fold4/107653-9-0-7.wav,street_music
/DATA_ROOT/Desktop/matcher/Datasets/Urban8k/audio/fold6/107842-4-0-0.wav,drilling
/DATA_ROOT/Desktop/matcher/Datasets/Urban8k/audio/fold6/107842-4-0-1.wav,drilling
/DATA_ROOT/Desktop/matcher/Datasets/Urban8k/audio/fold6/107842-4-0-2.wav,drilling
/DATA_ROOT/Desktop/matcher/Datasets/Urban8k/audio/fold6/107842-4-1-0.wav,drilling
/DATA_ROOT/Desktop/matcher/Datasets/Urban8k/audio/fold6/107842-4-2-0.wav,drilling
/DATA_ROOT/Desktop/matcher/Datasets/Urban8k/audio/fold6/107842-4-2-1.wav,drilling
/DATA_ROOT/Desktop/matcher/Datasets/Urban8k/audio/fold6/107842-4-2-2.wav,drilling
/DATA_ROOT/Desktop/matcher/Datasets/Urban8k/audio/fold6/107842-4-2-3.wav,drilling
/DATA_ROOT/Desktop/matcher/Datasets/Urban8k/audio/fold6/107842-4-2-4.wav,drilling
/DATA_ROOT/Desktop/matcher/Datasets/Urban8k/audio/fold6/107842-4-3-0.wav,drilling
/DATA_ROOT/Desktop/matcher/Datasets/Urban8k/audio/fold1/108041-9-0-11.wav,street_music
/DATA_ROOT/Desktop/matcher/Datasets/Urban8k/audio/fold1/108041-9-0-2.wav,street_music
/DATA_ROOT/Desktop/matcher/Datasets/Urban8k/audio/fold1/108041-9-0-4.wav,street_music
/DATA_ROOT/Desktop/matcher/Datasets/Urban8k/audio/fold1/108041-9-0-5.wav,street_music
/DATA_ROOT/Desktop/matcher/Datasets/Urban8k/audio/fold1/108041-9-0-6.wav,street_music
/DATA_ROOT/Desktop/matcher/Datasets/Urban8k/audio/fold1/108041-9-0-7.wav,street_music
/DATA_ROOT/Desktop/matcher/Datasets/Urban8k/audio/fold1/108041-9-0-9.wav,street_music
/DATA_ROOT/Desktop/matcher/Datasets/Urban8k/audio/fold5/108357-9-0-15.wav,street_music
/DATA_ROOT/Desktop/matcher/Datasets/Urban8k/audio/fold5/108357-9-0-2.wav,street_music
/DATA_ROOT/Desktop/matcher/Datasets/Urban8k/audio/fold5/108357-9-0-27.wav,street_music
/DATA_ROOT/Desktop/matcher/Datasets/Urban8k/audio/fold5/108357-9-0-30.wav,street_music
/DATA_ROOT/Desktop/matcher/Datasets/Urban8k/audio/fold5/108357-9-0-44.wav,street_music
/DATA_ROOT/Desktop/matcher/Datasets/Urban8k/audio/fold5/108357-9-0-49.wav,street_music
/DATA_ROOT/Desktop/matcher/Datasets/Urban8k/audio/fold1/108362-2-0-11.wav,children_playing
/DATA_ROOT/Desktop/matcher/Datasets/Urban8k/audio/fold1/108362-2-0-12.wav,children_playing
/DATA_ROOT/Desktop/matcher/Datasets/Urban8k/audio/fold1/108362-2-0-21.wav,children_playing
/DATA_ROOT/Desktop/matcher/Datasets/Urban8k/audio/fold1/108362-2-0-23.wav,children_playing
/DATA_ROOT/Desktop/matcher/Datasets/Urban8k/audio/fold1/108362-2-0-29.wav,children_playing
/DATA_ROOT/Desktop/matcher/Datasets/Urban8k/audio/fold1/108362-2-0-30.wav,children_playing
/DATA_ROOT/Desktop/matcher/Datasets/Urban8k/audio/fold1/108362-2-0-7.wav,children_playing
/DATA_ROOT/Desktop/matcher/Datasets/Urban8k/audio/fold1/108362-2-0-9.wav,children_playing
/DATA_ROOT/Desktop/matcher/Datasets/Urban8k/audio/fold6/108638-9-0-0.wav,street_music
/DATA_ROOT/Desktop/matcher/Datasets/Urban8k/audio/fold6/108638-9-0-1.wav,street_music
/DATA_ROOT/Desktop/matcher/Datasets/Urban8k/audio/fold6/108638-9-0-2.wav,street_music
/DATA_ROOT/Desktop/matcher/Datasets/Urban8k/audio/fold6/108638-9-0-4.wav,street_music
/DATA_ROOT/Desktop/matcher/Datasets/Urban8k/audio/fold6/108638-9-0-5.wav,street_music
/DATA_ROOT/Desktop/matcher/Datasets/Urban8k/audio/fold6/108638-9-0-6.wav,street_music
/DATA_ROOT/Desktop/matcher/Datasets/Urban8k/audio/fold5/109263-9-0-34.wav,street_music
/DATA_ROOT/Desktop/matcher/Datasets/Urban8k/audio/fold5/109263-9-0-39.wav,street_music
/DATA_ROOT/Desktop/matcher/Datasets/Urban8k/audio/fold5/109263-9-0-54.wav,street_music
/DATA_ROOT/Desktop/matcher/Datasets/Urban8k/audio/fold5/109263-9-0-61.wav,street_music
/DATA_ROOT/Desktop/matcher/Datasets/Urban8k/audio/fold5/109263-9-0-78.wav,street_music
/DATA_ROOT/Desktop/matcher/Datasets/Urban8k/audio/fold2/109703-2-0-134.wav,children_playing
/DATA_ROOT/Desktop/matcher/Datasets/Urban8k/audio/fold2/109703-2-0-14.wav,children_playing
/DATA_ROOT/Desktop/matcher/Datasets/Urban8k/audio/fold2/109703-2-0-153.wav,children_playing
/DATA_ROOT/Desktop/matcher/Datasets/Urban8k/audio/fold2/109703-2-0-29.wav,children_playing
/DATA_ROOT/Desktop/matcher/Datasets/Urban8k/audio/fold2/109703-2-0-32.wav,children_playing
/DATA_ROOT/Desktop/matcher/Datasets/Urban8k/audio/fold2/109703-2-0-48.wav,children_playing
/DATA_ROOT/Desktop/matcher/Datasets/Urban8k/audio/fold2/109703-2-0-50.wav,children_playing
/DATA_ROOT/Desktop/matcher/Datasets/Urban8k/audio/fold4/110621-7-0-0.wav,jackhammer
/DATA_ROOT/Desktop/matcher/Datasets/Urban8k/audio/fold4/110621-7-0-1.wav,jackhammer
/DATA_ROOT/Desktop/matcher/Datasets/Urban8k/audio/fold4/110621-7-0-2.wav,jackhammer
/DATA_ROOT/Desktop/matcher/Datasets/Urban8k/audio/fold4/110621-7-0-3.wav,jackhammer
/DATA_ROOT/Desktop/matcher/Datasets/Urban8k/audio/fold3/110622-6-0-0.wav,gun_shot
/DATA_ROOT/Desktop/matcher/Datasets/Urban8k/audio/fold6/110868-9-0-11.wav,street_music
/DATA_ROOT/Desktop/matcher/Datasets/Urban8k/audio/fold6/110868-9-0-13.wav,street_music
/DATA_ROOT/Desktop/matcher/Datasets/Urban8k/audio/fold6/110868-9-0-14.wav,street_music
/DATA_ROOT/Desktop/matcher/Datasets/Urban8k/audio/fold6/110868-9-0-15.wav,street_music
/DATA_ROOT/Desktop/matcher/Datasets/Urban8k/audio/fold6/110868-9-0-6.wav,street_music
/DATA_ROOT/Desktop/matcher/Datasets/Urban8k/audio/fold6/110868-9-0-8.wav,street_music
/DATA_ROOT/Desktop/matcher/Datasets/Urban8k/audio/fold6/111048-6-0-0.wav,gun_shot
/DATA_ROOT/Desktop/matcher/Datasets/Urban8k/audio/fold6/111386-5-0-0.wav,engine+engine_idling
/DATA_ROOT/Desktop/matcher/Datasets/Urban8k/audio/fold6/111386-5-0-1.wav,engine+engine_idling
/DATA_ROOT/Desktop/matcher/Datasets/Urban8k/audio/fold6/111386-5-0-2.wav,engine+engine_idling
/DATA_ROOT/Desktop/matcher/Datasets/Urban8k/audio/fold6/111386-5-0-3.wav,engine+engine_idling
/DATA_ROOT/Desktop/matcher/Datasets/Urban8k/audio/fold6/111386-5-0-4.wav,engine+engine_idling
/DATA_ROOT/Desktop/matcher/Datasets/Urban8k/audio/fold6/111386-5-0-5.wav,engine+engine_idling
/DATA_ROOT/Desktop/matcher/Datasets/Urban8k/audio/fold6/111386-5-0-6.wav,engine+engine_idling
/DATA_ROOT/Desktop/matcher/Datasets/Urban8k/audio/fold6/111386-5-0-7.wav,engine+engine_idling
/DATA_ROOT/Desktop/matcher/Datasets/Urban8k/audio/fold6/111386-5-1-0.wav,engine+engine_idling
/DATA_ROOT/Desktop/matcher/Datasets/Urban8k/audio/fold6/111386-5-1-1.wav,engine+engine_idling
/DATA_ROOT/Desktop/matcher/Datasets/Urban8k/audio/fold6/111386-5-1-10.wav,engine+engine_idling
/DATA_ROOT/Desktop/matcher/Datasets/Urban8k/audio/fold6/111386-5-1-11.wav,engine+engine_idling
/DATA_ROOT/Desktop/matcher/Datasets/Urban8k/audio/fold6/111386-5-1-12.wav,engine+engine_idling
/DATA_ROOT/Desktop/matcher/Datasets/Urban8k/audio/fold6/111386-5-1-13.wav,engine+engine_idling
/DATA_ROOT/Desktop/matcher/Datasets/Urban8k/audio/fold6/111386-5-1-14.wav,engine+engine_idling
/DATA_ROOT/Desktop/matcher/Datasets/Urban8k/audio/fold6/111386-5-1-2.wav,engine+engine_idling
/DATA_ROOT/Desktop/matcher/Datasets/Urban8k/audio/fold6/111386-5-1-3.wav,engine+engine_idling
/DATA_ROOT/Desktop/matcher/Datasets/Urban8k/audio/fold6/111386-5-1-4.wav,engine+engine_idling
/DATA_ROOT/Desktop/matcher/Datasets/Urban8k/audio/fold6/111386-5-1-5.wav,engine+engine_idling
/DATA_ROOT/Desktop/matcher/Datasets/Urban8k/audio/fold6/111386-5-1-6.wav,engine+engine_idling
/DATA_ROOT/Desktop/matcher/Datasets/Urban8k/audio/fold6/111386-5-1-7.wav,engine+engine_idling
/DATA_ROOT/Desktop/matcher/Datasets/Urban8k/audio/fold6/111386-5-1-8.wav,engine+engine_idling
/DATA_ROOT/Desktop/matcher/Datasets/Urban8k/audio/fold6/111386-5-1-9.wav,engine+engine_idling
/DATA_ROOT/Desktop/matcher/Datasets/Urban8k/audio/fold3/112075-5-0-0.wav,engine+engine_idling
/DATA_ROOT/Desktop/matcher/Datasets/Urban8k/audio/fold3/112075-5-0-1.wav,engine+engine_idling
/DATA_ROOT/Desktop/matcher/Datasets/Urban8k/audio/fold3/112075-5-0-2.wav,engine+engine_idling
/DATA_ROOT/Desktop/matcher/Datasets/Urban8k/audio/fold2/113201-5-0-0.wav,engine+engine_idling
/DATA_ROOT/Desktop/matcher/Datasets/Urban8k/audio/fold2/113201-5-0-1.wav,engine+engine_idling
/DATA_ROOT/Desktop/matcher/Datasets/Urban8k/audio/fold2/113201-5-0-2.wav,engine+engine_idling
/DATA_ROOT/Desktop/matcher/Datasets/Urban8k/audio/fold2/113201-5-0-3.wav,engine+engine_idling
/DATA_ROOT/Desktop/matcher/Datasets/Urban8k/audio/fold2/113201-5-0-4.wav,engine+engine_idling
/DATA_ROOT/Desktop/matcher/Datasets/Urban8k/audio/fold2/113201-5-0-5.wav,engine+engine_idling
/DATA_ROOT/Desktop/matcher/Datasets/Urban8k/audio/fold2/113201-5-0-6.wav,engine+engine_idling
/DATA_ROOT/Desktop/matcher/Datasets/Urban8k/audio/fold2/113201-5-0-7.wav,engine+engine_idling
/DATA_ROOT/Desktop/matcher/Datasets/Urban8k/audio/fold8/113202-5-0-0.wav,engine+engine_idling
/DATA_ROOT/Desktop/matcher/Datasets/Urban8k/audio/fold8/113202-5-0-1.wav,engine+engine_idling
/DATA_ROOT/Desktop/matcher/Datasets/Urban8k/audio/fold8/113202-5-0-10.wav,engine+engine_idling
/DATA_ROOT/Desktop/matcher/Datasets/Urban8k/audio/fold8/113202-5-0-11.wav,engine+engine_idling
/DATA_ROOT/Desktop/matcher/Datasets/Urban8k/audio/fold8/113202-5-0-12.wav,engine+engine_idling
/DATA_ROOT/Desktop/matcher/Datasets/Urban8k/audio/fold8/113202-5-0-13.wav,engine+engine_idling
/DATA_ROOT/Desktop/matcher/Datasets/Urban8k/audio/fold8/113202-5-0-14.wav,engine+engine_idling
/DATA_ROOT/Desktop/matcher/Datasets/Urban8k/audio/fold8/113202-5-0-15.wav,engine+engine_idling
/DATA_ROOT/Desktop/matcher/Datasets/Urban8k/audio/fold8/113202-5-0-16.wav,engine+engine_idling
/DATA_ROOT/Desktop/matcher/Datasets/Urban8k/audio/fold8/113202-5-0-17.wav,engine+engine_idling
/DATA_ROOT/Desktop/matcher/Datasets/Urban8k/audio/fold8/113202-5-0-18.wav,engine+engine_idling
/DATA_ROOT/Desktop/matcher/Datasets/Urban8k/audio/fold8/113202-5-0-19.wav,engine+engine_idling
/DATA_ROOT/Desktop/matcher/Datasets/Urban8k/audio/fold8/113202-5-0-2.wav,engine+engine_idling
/DATA_ROOT/Desktop/matcher/Datasets/Urban8k/audio/fold8/113202-5-0-20.wav,engine+engine_idling
/DATA_ROOT/Desktop/matcher/Datasets/Urban8k/audio/fold8/113202-5-0-21.wav,engine+engine_idling
/DATA_ROOT/Desktop/matcher/Datasets/Urban8k/audio/fold8/113202-5-0-22.wav,engine+engine_idling
/DATA_ROOT/Desktop/matcher/Datasets/Urban8k/audio/fold8/113202-5-0-23.wav,engine+engine_idling
/DATA_ROOT/Desktop/matcher/Datasets/Urban8k/audio/fold8/113202-5-0-24.wav,engine+engine_idling
/DATA_ROOT/Desktop/matcher/Datasets/Urban8k/audio/fold8/113202-5-0-25.wav,engine+engine_idling
/DATA_ROOT/Desktop/matcher/Datasets/Urban8k/audio/fold8/113202-5-0-26.wav,engine+engine_idling
/DATA_ROOT/Desktop/matcher/Datasets/Urban8k/audio/fold8/113202-5-0-27.wav,engine+engine_idling
/DATA_ROOT/Desktop/matcher/Datasets/Urban8k/audio/fold8/113202-5-0-28.wav,engine+engine_idling
/DATA_ROOT/Desktop/matcher/Datasets/Urban8k/audio/fold8/113202-5-0-3.wav,engine+engine_idling
/DATA_ROOT/Desktop/matcher/Datasets/Urban8k/audio/fold8/113202-5-0-4.wav,engine+engine_idling
/DATA_ROOT/Desktop/matcher/Datasets/Urban8k/audio/fold8/113202-5-0-5.wav,engine+engine_idling
/DATA_ROOT/Desktop/matcher/Datasets/Urban8k/audio/fold8/113202-5-0-6.wav,engine+engine_idling
/DATA_ROOT/Desktop/matcher/Datasets/Urban8k/audio/fold8/113202-5-0-7.wav,engine+engine_idling
/DATA_ROOT/Desktop/matcher/Datasets/Urban8k/audio/fold8/113202-5-0-8.wav,engine+engine_idling
/DATA_ROOT/Desktop/matcher/Datasets/Urban8k/audio/fold8/113202-5-0-9.wav,engine+engine_idling
/DATA_ROOT/Desktop/matcher/Datasets/Urban8k/audio/fold8/113203-5-0-0.wav,engine+engine_idling
/DATA_ROOT/Desktop/matcher/Datasets/Urban8k/audio/fold8/113203-5-0-1.wav,engine+engine_idling
/DATA_ROOT/Desktop/matcher/Datasets/Urban8k/audio/fold8/113203-5-0-2.wav,engine+engine_idling
/DATA_ROOT/Desktop/matcher/Datasets/Urban8k/audio/fold8/113203-5-0-3.wav,engine+engine_idling
/DATA_ROOT/Desktop/matcher/Datasets/Urban8k/audio/fold8/113203-5-0-4.wav,engine+engine_idling
/DATA_ROOT/Desktop/matcher/Datasets/Urban8k/audio/fold8/113203-5-0-5.wav,engine+engine_idling
/DATA_ROOT/Desktop/matcher/Datasets/Urban8k/audio/fold8/113203-5-0-6.wav,engine+engine_idling
/DATA_ROOT/Desktop/matcher/Datasets/Urban8k/audio/fold8/113203-5-0-7.wav,engine+engine_idling
/DATA_ROOT/Desktop/matcher/Datasets/Urban8k/audio/fold8/113203-5-0-8.wav,engine+engine_idling
/DATA_ROOT/Desktop/matcher/Datasets/Urban8k/audio/fold8/113203-5-1-0.wav,engine+engine_idling
/DATA_ROOT/Desktop/matcher/Datasets/Urban8k/audio/fold8/113203-5-1-1.wav,engine+engine_idling
/DATA_ROOT/Desktop/matcher/Datasets/Urban8k/audio/fold8/113203-5-1-2.wav,engine+engine_idling
/DATA_ROOT/Desktop/matcher/Datasets/Urban8k/audio/fold8/113203-5-2-0.wav,engine+engine_idling
/DATA_ROOT/Desktop/matcher/Datasets/Urban8k/audio/fold8/113203-5-3-0.wav,engine+engine_idling
/DATA_ROOT/Desktop/matcher/Datasets/Urban8k/audio/fold8/113203-5-3-1.wav,engine+engine_idling
/DATA_ROOT/Desktop/matcher/Datasets/Urban8k/audio/fold8/113203-5-4-0.wav,engine+engine_idling
/DATA_ROOT/Desktop/matcher/Datasets/Urban8k/audio/fold8/113203-5-5-0.wav,engine+engine_idling
/DATA_ROOT/Desktop/matcher/Datasets/Urban8k/audio/fold8/113203-5-6-0.wav,engine+engine_idling
/DATA_ROOT/Desktop/matcher/Datasets/Urban8k/audio/fold8/113203-5-7-0.wav,engine+engine_idling
/DATA_ROOT/Desktop/matcher/Datasets/Urban8k/audio/fold8/113203-5-8-0.wav,engine+engine_idling
/DATA_ROOT/Desktop/matcher/Datasets/Urban8k/audio/fold1/113205-5-0-0.wav,engine+engine_idling
/DATA_ROOT/Desktop/matcher/Datasets/Urban8k/audio/fold1/113205-5-1-0.wav,engine+engine_idling
/DATA_ROOT/Desktop/matcher/Datasets/Urban8k/audio/fold1/113205-5-1-1.wav,engine+engine_idling
/DATA_ROOT/Desktop/matcher/Datasets/Urban8k/audio/fold1/113205-5-1-2.wav,engine+engine_idling
/DATA_ROOT/Desktop/matcher/Datasets/Urban8k/audio/fold1/113205-5-1-3.wav,engine+engine_idling
/DATA_ROOT/Desktop/matcher/Datasets/Urban8k/audio/fold1/113205-5-1-4.wav,engine+engine_idling
/DATA_ROOT/Desktop/matcher/Datasets/Urban8k/audio/fold1/113205-5-1-5.wav,engine+engine_idling
/DATA_ROOT/Desktop/matcher/Datasets/Urban8k/audio/fold1/113205-5-1-6.wav,engine+engine_idling
/DATA_ROOT/Desktop/matcher/Datasets/Urban8k/audio/fold1/113205-5-1-7.wav,engine+engine_idling
/DATA_ROOT/Desktop/matcher/Datasets/Urban8k/audio/fold1/113205-5-1-8.wav,engine+engine_idling
/DATA_ROOT/Desktop/matcher/Datasets/Urban8k/audio/fold1/113205-5-1-9.wav,engine+engine_idling
/DATA_ROOT/Desktop/matcher/Datasets/Urban8k/audio/fold8/113216-5-0-0.wav,engine+engine_idling
/DATA_ROOT/Desktop/matcher/Datasets/Urban8k/audio/fold8/113216-5-0-1.wav,engine+engine_idling
/DATA_ROOT/Desktop/matcher/Datasets/Urban8k/audio/fold8/113216-5-0-2.wav,engine+engine_idling
/DATA_ROOT/Desktop/matcher/Datasets/Urban8k/audio/fold8/113216-5-0-3.wav,engine+engine_idling
/DATA_ROOT/Desktop/matcher/Datasets/Urban8k/audio/fold8/113216-5-0-4.wav,engine+engine_idling
/DATA_ROOT/Desktop/matcher/Datasets/Urban8k/audio/fold5/113601-9-0-22.wav,street_music
/DATA_ROOT/Desktop/matcher/Datasets/Urban8k/audio/fold5/113601-9-0-3.wav,street_music
/DATA_ROOT/Desktop/matcher/Datasets/Urban8k/audio/fold5/113601-9-0-33.wav,street_music
/DATA_ROOT/Desktop/matcher/Datasets/Urban8k/audio/fold5/113601-9-0-34.wav,street_music
/DATA_ROOT/Desktop/matcher/Datasets/Urban8k/audio/fold5/113601-9-0-35.wav,street_music
/DATA_ROOT/Desktop/matcher/Datasets/Urban8k/audio/fold5/113601-9-0-42.wav,street_music
/DATA_ROOT/Desktop/matcher/Datasets/Urban8k/audio/fold5/115239-9-0-0.wav,street_music
/DATA_ROOT/Desktop/matcher/Datasets/Urban8k/audio/fold5/115239-9-0-1.wav,street_music
/DATA_ROOT/Desktop/matcher/Datasets/Urban8k/audio/fold5/115239-9-0-2.wav,street_music
/DATA_ROOT/Desktop/matcher/Datasets/Urban8k/audio/fold5/115239-9-0-3.wav,street_music
/DATA_ROOT/Desktop/matcher/Datasets/Urban8k/audio/fold5/115239-9-0-4.wav,street_music
/DATA_ROOT/Desktop/matcher/Datasets/Urban8k/audio/fold5/115239-9-0-5.wav,street_music
/DATA_ROOT/Desktop/matcher/Datasets/Urban8k/audio/fold8/115240-9-0-1.wav,street_music
/DATA_ROOT/Desktop/matcher/Datasets/Urban8k/audio/fold8/115240-9-0-16.wav,street_music
/DATA_ROOT/Desktop/matcher/Datasets/Urban8k/audio/fold8/115240-9-0-28.wav,street_music
/DATA_ROOT/Desktop/matcher/Datasets/Urban8k/audio/fold8/115240-9-0-34.wav,street_music
/DATA_ROOT/Desktop/matcher/Datasets/Urban8k/audio/fold8/115240-9-0-36.wav,street_music
/DATA_ROOT/Desktop/matcher/Datasets/Urban8k/audio/fold8/115240-9-0-4.wav,street_music
/DATA_ROOT/Desktop/matcher/Datasets/Urban8k/audio/fold10/115241-9-0-1.wav,street_music
/DATA_ROOT/Desktop/matcher/Datasets/Urban8k/audio/fold10/115241-9-0-14.wav,street_music
/DATA_ROOT/Desktop/matcher/Datasets/Urban8k/audio/fold10/115241-9-0-2.wav,street_music
/DATA_ROOT/Desktop/matcher/Datasets/Urban8k/audio/fold10/115241-9-0-20.wav,street_music
/DATA_ROOT/Desktop/matcher/Datasets/Urban8k/audio/fold10/115241-9-0-6.wav,street_music
/DATA_ROOT/Desktop/matcher/Datasets/Urban8k/audio/fold10/115241-9-0-8.wav,street_music
/DATA_ROOT/Desktop/matcher/Datasets/Urban8k/audio/fold10/115241-9-0-9.wav,street_music
/DATA_ROOT/Desktop/matcher/Datasets/Urban8k/audio/fold7/115242-9-0-14.wav,street_music
/DATA_ROOT/Desktop/matcher/Datasets/Urban8k/audio/fold7/115242-9-0-44.wav,street_music
/DATA_ROOT/Desktop/matcher/Datasets/Urban8k/audio/fold7/115242-9-0-55.wav,street_music
/DATA_ROOT/Desktop/matcher/Datasets/Urban8k/audio/fold7/115242-9-0-68.wav,street_music
/DATA_ROOT/Desktop/matcher/Datasets/Urban8k/audio/fold7/115242-9-0-70.wav,street_music
/DATA_ROOT/Desktop/matcher/Datasets/Urban8k/audio/fold7/115242-9-0-83.wav,street_music
/DATA_ROOT/Desktop/matcher/Datasets/Urban8k/audio/fold6/115243-9-0-0.wav,street_music
/DATA_ROOT/Desktop/matcher/Datasets/Urban8k/audio/fold6/115243-9-0-16.wav,street_music
/DATA_ROOT/Desktop/matcher/Datasets/Urban8k/audio/fold6/115243-9-0-4.wav,street_music
/DATA_ROOT/Desktop/matcher/Datasets/Urban8k/audio/fold6/115243-9-0-46.wav,street_music
/DATA_ROOT/Desktop/matcher/Datasets/Urban8k/audio/fold6/115243-9-0-81.wav,street_music
/DATA_ROOT/Desktop/matcher/Datasets/Urban8k/audio/fold6/115243-9-0-94.wav,street_music
/DATA_ROOT/Desktop/matcher/Datasets/Urban8k/audio/fold4/115415-9-0-0.wav,street_music
/DATA_ROOT/Desktop/matcher/Datasets/Urban8k/audio/fold4/115415-9-0-1.wav,street_music
/DATA_ROOT/Desktop/matcher/Datasets/Urban8k/audio/fold4/115415-9-0-4.wav,street_music
/DATA_ROOT/Desktop/matcher/Datasets/Urban8k/audio/fold4/115415-9-0-5.wav,street_music
/DATA_ROOT/Desktop/matcher/Datasets/Urban8k/audio/fold4/115415-9-0-6.wav,street_music
/DATA_ROOT/Desktop/matcher/Datasets/Urban8k/audio/fold4/115415-9-0-7.wav,street_music
/DATA_ROOT/Desktop/matcher/Datasets/Urban8k/audio/fold10/115418-9-0-11.wav,street_music
/DATA_ROOT/Desktop/matcher/Datasets/Urban8k/audio/fold10/115418-9-0-12.wav,street_music
/DATA_ROOT/Desktop/matcher/Datasets/Urban8k/audio/fold10/115418-9-0-15.wav,street_music
/DATA_ROOT/Desktop/matcher/Datasets/Urban8k/audio/fold10/115418-9-0-20.wav,street_music
/DATA_ROOT/Desktop/matcher/Datasets/Urban8k/audio/fold10/115418-9-0-29.wav,street_music
/DATA_ROOT/Desktop/matcher/Datasets/Urban8k/audio/fold10/115418-9-0-6.wav,street_music
/DATA_ROOT/Desktop/matcher/Datasets/Urban8k/audio/fold6/116423-2-0-0.wav,children_playing
/DATA_ROOT/Desktop/matcher/Datasets/Urban8k/audio/fold6/116423-2-0-1.wav,children_playing
/DATA_ROOT/Desktop/matcher/Datasets/Urban8k/audio/fold6/116423-2-0-2.wav,children_playing
/DATA_ROOT/Desktop/matcher/Datasets/Urban8k/audio/fold6/116423-2-0-3.wav,children_playing
/DATA_ROOT/Desktop/matcher/Datasets/Urban8k/audio/fold6/116423-2-0-4.wav,children_playing
/DATA_ROOT/Desktop/matcher/Datasets/Urban8k/audio/fold10/117889-9-0-12.wav,street_music
/DATA_ROOT/Desktop/matcher/Datasets/Urban8k/audio/fold10/117889-9-0-20.wav,street_music
/DATA_ROOT/Desktop/matcher/Datasets/Urban8k/audio/fold10/117889-9-0-30.wav,street_music
/DATA_ROOT/Desktop/matcher/Datasets/Urban8k/audio/fold10/117889-9-0-36.wav,street_music
/DATA_ROOT/Desktop/matcher/Datasets/Urban8k/audio/fold10/117889-9-0-39.wav,street_music
/DATA_ROOT/Desktop/matcher/Datasets/Urban8k/audio/fold10/117889-9-0-40.wav,street_music
/DATA_ROOT/Desktop/matcher/Datasets/Urban8k/audio/fold10/118278-4-0-0.wav,drilling
/DATA_ROOT/Desktop/matcher/Datasets/Urban8k/audio/fold10/118278-4-0-1.wav,drilling
/DATA_ROOT/Desktop/matcher/Datasets/Urban8k/audio/fold10/118278-4-0-10.wav,drilling
/DATA_ROOT/Desktop/matcher/Datasets/Urban8k/audio/fold10/118278-4-0-11.wav,drilling
/DATA_ROOT/Desktop/matcher/Datasets/Urban8k/audio/fold10/118278-4-0-12.wav,drilling
/DATA_ROOT/Desktop/matcher/Datasets/Urban8k/audio/fold10/118278-4-0-13.wav,drilling
/DATA_ROOT/Desktop/matcher/Datasets/Urban8k/audio/fold10/118278-4-0-2.wav,drilling
/DATA_ROOT/Desktop/matcher/Datasets/Urban8k/audio/fold10/118278-4-0-3.wav,drilling
/DATA_ROOT/Desktop/matcher/Datasets/Urban8k/audio/fold10/118278-4-0-4.wav,drilling
/DATA_ROOT/Desktop/matcher/Datasets/Urban8k/audio/fold10/118278-4-0-5.wav,drilling
/DATA_ROOT/Desktop/matcher/Datasets/Urban8k/audio/fold10/118278-4-0-6.wav,drilling
/DATA_ROOT/Desktop/matcher/Datasets/Urban8k/audio/fold10/118278-4-0-7.wav,drilling
/DATA_ROOT/Desktop/matcher/Datasets/Urban8k/audio/fold10/118278-4-0-8.wav,drilling
/DATA_ROOT/Desktop/matcher/Datasets/Urban8k/audio/fold10/118278-4-0-9.wav,drilling
/DATA_ROOT/Desktop/matcher/Datasets/Urban8k/audio/fold5/118440-4-0-0.wav,drilling
/DATA_ROOT/Desktop/matcher/Datasets/Urban8k/audio/fold5/118440-4-1-0.wav,drilling
/DATA_ROOT/Desktop/matcher/Datasets/Urban8k/audio/fold5/118440-4-2-0.wav,drilling
/DATA_ROOT/Desktop/matcher/Datasets/Urban8k/audio/fold5/118440-4-3-0.wav,drilling
/DATA_ROOT/Desktop/matcher/Datasets/Urban8k/audio/fold5/118440-4-4-0.wav,drilling
/DATA_ROOT/Desktop/matcher/Datasets/Urban8k/audio/fold5/118440-4-5-0.wav,drilling
/DATA_ROOT/Desktop/matcher/Datasets/Urban8k/audio/fold5/118440-4-6-0.wav,drilling
/DATA_ROOT/Desktop/matcher/Datasets/Urban8k/audio/fold5/118440-4-7-0.wav,drilling
/DATA_ROOT/Desktop/matcher/Datasets/Urban8k/audio/fold5/118440-4-8-0.wav,drilling
/DATA_ROOT/Desktop/matcher/Datasets/Urban8k/audio/fold10/118558-5-0-0.wav,engine+engine_idling
/DATA_ROOT/Desktop/matcher/Datasets/Urban8k/audio/fold10/118558-5-0-1.wav,engine+engine_idling
/DATA_ROOT/Desktop/matcher/Datasets/Urban8k/audio/fold10/118558-5-0-2.wav,engine+engine_idling
/DATA_ROOT/Desktop/matcher/Datasets/Urban8k/audio/fold10/118558-5-1-0.wav,engine+engine_idling
/DATA_ROOT/Desktop/matcher/Datasets/Urban8k/audio/fold10/118558-5-1-1.wav,engine+engine_idling
/DATA_ROOT/Desktop/matcher/Datasets/Urban8k/audio/fold10/118558-5-1-2.wav,engine+engine_idling
/DATA_ROOT/Desktop/matcher/Datasets/Urban8k/audio/fold10/118558-5-2-0.wav,engine+engine_idling
/DATA_ROOT/Desktop/matcher/Datasets/Urban8k/audio/fold10/118558-5-2-1.wav,engine+engine_idling
/DATA_ROOT/Desktop/matcher/Datasets/Urban8k/audio/fold10/118558-5-2-2.wav,engine+engine_idling
/DATA_ROOT/Desktop/matcher/Datasets/Urban8k/audio/fold10/118558-5-2-3.wav,engine+engine_idling
/DATA_ROOT/Desktop/matcher/Datasets/Urban8k/audio/fold2/118723-4-0-0.wav,drilling
/DATA_ROOT/Desktop/matcher/Datasets/Urban8k/audio/fold10/119067-0-0-0.wav,air_conditioner
/DATA_ROOT/Desktop/matcher/Datasets/Urban8k/audio/fold10/119067-0-0-1.wav,air_conditioner
/DATA_ROOT/Desktop/matcher/Datasets/Urban8k/audio/fold10/119067-0-0-2.wav,air_conditioner
/DATA_ROOT/Desktop/matcher/Datasets/Urban8k/audio/fold9/119449-5-0-0.wav,engine+engine_idling
/DATA_ROOT/Desktop/matcher/Datasets/Urban8k/audio/fold9/119449-5-0-1.wav,engine+engine_idling
/DATA_ROOT/Desktop/matcher/Datasets/Urban8k/audio/fold9/119449-5-0-2.wav,engine+engine_idling
/DATA_ROOT/Desktop/matcher/Datasets/Urban8k/audio/fold9/119449-5-0-3.wav,engine+engine_idling
/DATA_ROOT/Desktop/matcher/Datasets/Urban8k/audio/fold9/119449-5-0-4.wav,engine+engine_idling
/DATA_ROOT/Desktop/matcher/Datasets/Urban8k/audio/fold9/119449-5-0-5.wav,engine+engine_idling
/DATA_ROOT/Desktop/matcher/Datasets/Urban8k/audio/fold9/119449-5-0-6.wav,engine+engine_idling
/DATA_ROOT/Desktop/matcher/Datasets/Urban8k/audio/fold1/119455-5-0-0.wav,engine+engine_idling
/DATA_ROOT/Desktop/matcher/Datasets/Urban8k/audio/fold1/119455-5-0-1.wav,engine+engine_idling
/DATA_ROOT/Desktop/matcher/Datasets/Urban8k/audio/fold1/119455-5-0-2.wav,engine+engine_idling
/DATA_ROOT/Desktop/matcher/Datasets/Urban8k/audio/fold1/119455-5-0-3.wav,engine+engine_idling
/DATA_ROOT/Desktop/matcher/Datasets/Urban8k/audio/fold1/119455-5-0-4.wav,engine+engine_idling
/DATA_ROOT/Desktop/matcher/Datasets/Urban8k/audio/fold1/119455-5-0-5.wav,engine+engine_idling
/DATA_ROOT/Desktop/matcher/Datasets/Urban8k/audio/fold1/119455-5-0-6.wav,engine+engine_idling
/DATA_ROOT/Desktop/matcher/Datasets/Urban8k/audio/fold1/119455-5-0-7.wav,engine+engine_idling
/DATA_ROOT/Desktop/matcher/Datasets/Urban8k/audio/fold9/119809-7-0-0.wav,jackhammer
/DATA_ROOT/Desktop/matcher/Datasets/Urban8k/audio/fold9/119809-7-0-1.wav,jackhammer
/DATA_ROOT/Desktop/matcher/Datasets/Urban8k/audio/fold9/119809-7-0-2.wav,jackhammer
/DATA_ROOT/Desktop/matcher/Datasets/Urban8k/audio/fold9/119809-7-0-3.wav,jackhammer
/DATA_ROOT/Desktop/matcher/Datasets/Urban8k/audio/fold9/119809-7-0-4.wav,jackhammer
/DATA_ROOT/Desktop/matcher/Datasets/Urban8k/audio/fold9/119809-7-0-5.wav,jackhammer
/DATA_ROOT/Desktop/matcher/Datasets/Urban8k/audio/fold9/119809-7-0-6.wav,jackhammer
/DATA_ROOT/Desktop/matcher/Datasets/Urban8k/audio/fold6/121285-0-0-0.wav,air_conditioner
/DATA_ROOT/Desktop/matcher/Datasets/Urban8k/audio/fold6/121285-0-0-1.wav,air_conditioner
/DATA_ROOT/Desktop/matcher/Datasets/Urban8k/audio/fold6/121285-0-0-2.wav,air_conditioner
/DATA_ROOT/Desktop/matcher/Datasets/Urban8k/audio/fold6/121285-0-0-3.wav,air_conditioner
/DATA_ROOT/Desktop/matcher/Datasets/Urban8k/audio/fold6/121285-0-0-4.wav,air_conditioner
/DATA_ROOT/Desktop/matcher/Datasets/Urban8k/audio/fold6/121285-0-0-5.wav,air_conditioner
/DATA_ROOT/Desktop/matcher/Datasets/Urban8k/audio/fold6/121285-0-0-6.wav,air_conditioner
/DATA_ROOT/Desktop/matcher/Datasets/Urban8k/audio/fold6/121285-0-0-7.wav,air_conditioner
/DATA_ROOT/Desktop/matcher/Datasets/Urban8k/audio/fold6/121285-0-0-8.wav,air_conditioner
/DATA_ROOT/Desktop/matcher/Datasets/Urban8k/audio/fold6/121285-0-0-9.wav,air_conditioner
/DATA_ROOT/Desktop/matcher/Datasets/Urban8k/audio/fold5/121286-0-0-0.wav,air_conditioner
/DATA_ROOT/Desktop/matcher/Datasets/Urban8k/audio/fold5/121286-0-0-1.wav,air_conditioner
/DATA_ROOT/Desktop/matcher/Datasets/Urban8k/audio/fold5/121286-0-0-10.wav,air_conditioner
/DATA_ROOT/Desktop/matcher/Datasets/Urban8k/audio/fold5/121286-0-0-11.wav,air_conditioner
/DATA_ROOT/Desktop/matcher/Datasets/Urban8k/audio/fold5/121286-0-0-12.wav,air_conditioner
/DATA_ROOT/Desktop/matcher/Datasets/Urban8k/audio/fold5/121286-0-0-13.wav,air_conditioner
/DATA_ROOT/Desktop/matcher/Datasets/Urban8k/audio/fold5/121286-0-0-14.wav,air_conditioner
/DATA_ROOT/Desktop/matcher/Datasets/Urban8k/audio/fold5/121286-0-0-15.wav,air_conditioner
/DATA_ROOT/Desktop/matcher/Datasets/Urban8k/audio/fold5/121286-0-0-2.wav,air_conditioner
/DATA_ROOT/Desktop/matcher/Datasets/Urban8k/audio/fold5/121286-0-0-3.wav,air_conditioner
/DATA_ROOT/Desktop/matcher/Datasets/Urban8k/audio/fold5/121286-0-0-4.wav,air_conditioner
/DATA_ROOT/Desktop/matcher/Datasets/Urban8k/audio/fold5/121286-0-0-5.wav,air_conditioner
/DATA_ROOT/Desktop/matcher/Datasets/Urban8k/audio/fold5/121286-0-0-6.wav,air_conditioner
/DATA_ROOT/Desktop/matcher/Datasets/Urban8k/audio/fold5/121286-0-0-7.wav,air_conditioner
/DATA_ROOT/Desktop/matcher/Datasets/Urban8k/audio/fold5/121286-0-0-8.wav,air_conditioner
/DATA_ROOT/Desktop/matcher/Datasets/Urban8k/audio/fold5/121286-0-0-9.wav,air_conditioner
/DATA_ROOT/Desktop/matcher/Datasets/Urban8k/audio/fold1/122690-6-0-0.wav,gun_shot
/DATA_ROOT/Desktop/matcher/Datasets/Urban8k/audio/fold6/122738-9-0-11.wav,street_music
/DATA_ROOT/Desktop/matcher/Datasets/Urban8k/audio/fold6/122738-9-0-12.wav,street_music
/DATA_ROOT/Desktop/matcher/Datasets/Urban8k/audio/fold6/122738-9-0-2.wav,street_music
/DATA_ROOT/Desktop/matcher/Datasets/Urban8k/audio/fold6/122738-9-0-3.wav,street_music
/DATA_ROOT/Desktop/matcher/Datasets/Urban8k/audio/fold6/122738-9-0-5.wav,street_music
/DATA_ROOT/Desktop/matcher/Datasets/Urban8k/audio/fold6/122738-9-0-9.wav,street_music
/DATA_ROOT/Desktop/matcher/Datasets/Urban8k/audio/fold3/123399-2-0-13.wav,children_playing
/DATA_ROOT/Desktop/matcher/Datasets/Urban8k/audio/fold3/123399-2-0-19.wav,children_playing
/DATA_ROOT/Desktop/matcher/Datasets/Urban8k/audio/fold3/123399-2-0-22.wav,children_playing
/DATA_ROOT/Desktop/matcher/Datasets/Urban8k/audio/fold3/123399-2-0-5.wav,children_playing
/DATA_ROOT/Desktop/matcher/Datasets/Urban8k/audio/fold3/123399-2-0-54.wav,children_playing
/DATA_ROOT/Desktop/matcher/Datasets/Urban8k/audio/fold3/123399-2-0-74.wav,children_playing
/DATA_ROOT/Desktop/matcher/Datasets/Urban8k/audio/fold3/123399-2-0-83.wav,children_playing
/DATA_ROOT/Desktop/matcher/Datasets/Urban8k/audio/fold3/123399-2-0-91.wav,children_playing
/DATA_ROOT/Desktop/matcher/Datasets/Urban8k/audio/fold7/123685-5-0-0.wav,engine+engine_idling
/DATA_ROOT/Desktop/matcher/Datasets/Urban8k/audio/fold7/123685-5-0-1.wav,engine+engine_idling
/DATA_ROOT/Desktop/matcher/Datasets/Urban8k/audio/fold7/123685-5-0-2.wav,engine+engine_idling
/DATA_ROOT/Desktop/matcher/Datasets/Urban8k/audio/fold7/123685-5-0-3.wav,engine+engine_idling
/DATA_ROOT/Desktop/matcher/Datasets/Urban8k/audio/fold7/123685-5-0-4.wav,engine+engine_idling
/DATA_ROOT/Desktop/matcher/Datasets/Urban8k/audio/fold7/123685-5-0-5.wav,engine+engine_idling
/DATA_ROOT/Desktop/matcher/Datasets/Urban8k/audio/fold7/123685-5-0-6.wav,engine+engine_idling
/DATA_ROOT/Desktop/matcher/Datasets/Urban8k/audio/fold7/123685-5-0-7.wav,engine+engine_idling
/DATA_ROOT/Desktop/matcher/Datasets/Urban8k/audio/fold7/123685-5-0-8.wav,engine+engine_idling
/DATA_ROOT/Desktop/matcher/Datasets/Urban8k/audio/fold1/124489-9-0-12.wav,street_music
/DATA_ROOT/Desktop/matcher/Datasets/Urban8k/audio/fold1/124489-9-0-14.wav,street_music
/DATA_ROOT/Desktop/matcher/Datasets/Urban8k/audio/fold1/124489-9-0-16.wav,street_music
/DATA_ROOT/Desktop/matcher/Datasets/Urban8k/audio/fold1/124489-9-0-17.wav,street_music
/DATA_ROOT/Desktop/matcher/Datasets/Urban8k/audio/fold1/124489-9-0-18.wav,street_music
/DATA_ROOT/Desktop/matcher/Datasets/Urban8k/audio/fold1/124489-9-0-6.wav,street_music
/DATA_ROOT/Desktop/matcher/Datasets/Urban8k/audio/fold8/125678-7-0-0.wav,jackhammer
/DATA_ROOT/Desktop/matcher/Datasets/Urban8k/audio/fold8/125678-7-0-1.wav,jackhammer
/DATA_ROOT/Desktop/matcher/Datasets/Urban8k/audio/fold8/125678-7-0-2.wav,jackhammer
/DATA_ROOT/Desktop/matcher/Datasets/Urban8k/audio/fold8/125678-7-0-3.wav,jackhammer
/DATA_ROOT/Desktop/matcher/Datasets/Urban8k/audio/fold8/125678-7-0-4.wav,jackhammer
/DATA_ROOT/Desktop/matcher/Datasets/Urban8k/audio/fold8/125678-7-0-5.wav,jackhammer
/DATA_ROOT/Desktop/matcher/Datasets/Urban8k/audio/fold8/125678-7-0-6.wav,jackhammer
/DATA_ROOT/Desktop/matcher/Datasets/Urban8k/audio/fold8/125678-7-0-7.wav,jackhammer
/DATA_ROOT/Desktop/matcher/Datasets/Urban8k/audio/fold8/125678-7-0-8.wav,jackhammer
/DATA_ROOT/Desktop/matcher/Datasets/Urban8k/audio/fold8/125678-7-0-9.wav,jackhammer
/DATA_ROOT/Desktop/matcher/Datasets/Urban8k/audio/fold8/125678-7-1-0.wav,jackhammer
/DATA_ROOT/Desktop/matcher/Datasets/Urban8k/audio/fold8/125678-7-1-1.wav,jackhammer
/DATA_ROOT/Desktop/matcher/Datasets/Urban8k/audio/fold8/125678-7-1-2.wav,jackhammer
/DATA_ROOT/Desktop/matcher/Datasets/Urban8k/audio/fold8/125678-7-1-3.wav,jackhammer
/DATA_ROOT/Desktop/matcher/Datasets/Urban8k/audio/fold8/125678-7-1-4.wav,jackhammer
/DATA_ROOT/Desktop/matcher/Datasets/Urban8k/audio/fold8/125678-7-1-5.wav,jackhammer
/DATA_ROOT/Desktop/matcher/Datasets/Urban8k/audio/fold8/125678-7-1-6.wav,jackhammer
/DATA_ROOT/Desktop/matcher/Datasets/Urban8k/audio/fold8/125678-7-1-7.wav,jackhammer
/DATA_ROOT/Desktop/matcher/Datasets/Urban8k/audio/fold8/125678-7-1-8.wav,jackhammer
/DATA_ROOT/Desktop/matcher/Datasets/Urban8k/audio/fold8/125678-7-2-0.wav,jackhammer
/DATA_ROOT/Desktop/matcher/Datasets/Urban8k/audio/fold8/125678-7-2-1.wav,jackhammer
/DATA_ROOT/Desktop/matcher/Datasets/Urban8k/audio/fold8/125678-7-2-2.wav,jackhammer
/DATA_ROOT/Desktop/matcher/Datasets/Urban8k/audio/fold8/125678-7-2-3.wav,jackhammer
/DATA_ROOT/Desktop/matcher/Datasets/Urban8k/audio/fold8/125678-7-2-4.wav,jackhammer
/DATA_ROOT/Desktop/matcher/Datasets/Urban8k/audio/fold8/125678-7-2-5.wav,jackhammer
/DATA_ROOT/Desktop/matcher/Datasets/Urban8k/audio/fold8/125678-7-2-6.wav,jackhammer
/DATA_ROOT/Desktop/matcher/Datasets/Urban8k/audio/fold8/125678-7-2-7.wav,jackhammer
/DATA_ROOT/Desktop/matcher/Datasets/Urban8k/audio/fold8/125678-7-2-8.wav,jackhammer
/DATA_ROOT/Desktop/matcher/Datasets/Urban8k/audio/fold8/125678-7-3-0.wav,jackhammer
/DATA_ROOT/Desktop/matcher/Datasets/Urban8k/audio/fold8/125678-7-3-1.wav,jackhammer
/DATA_ROOT/Desktop/matcher/Datasets/Urban8k/audio/fold8/125678-7-3-2.wav,jackhammer
/DATA_ROOT/Desktop/matcher/Datasets/Urban8k/audio/fold8/125678-7-3-3.wav,jackhammer
/DATA_ROOT/Desktop/matcher/Datasets/Urban8k/audio/fold8/125678-7-3-4.wav,jackhammer
/DATA_ROOT/Desktop/matcher/Datasets/Urban8k/audio/fold8/125678-7-3-5.wav,jackhammer
/DATA_ROOT/Desktop/matcher/Datasets/Urban8k/audio/fold8/125678-7-3-6.wav,jackhammer
/DATA_ROOT/Desktop/matcher/Datasets/Urban8k/audio/fold8/125678-7-3-7.wav,jackhammer
/DATA_ROOT/Desktop/matcher/Datasets/Urban8k/audio/fold8/125678-7-4-0.wav,jackhammer
/DATA_ROOT/Desktop/matcher/Datasets/Urban8k/audio/fold8/125678-7-4-1.wav,jackhammer
/DATA_ROOT/Desktop/matcher/Datasets/Urban8k/audio/fold8/125678-7-4-2.wav,jackhammer
/DATA_ROOT/Desktop/matcher/Datasets/Urban8k/audio/fold8/125678-7-4-3.wav,jackhammer
/DATA_ROOT/Desktop/matcher/Datasets/Urban8k/audio/fold8/125678-7-4-4.wav,jackhammer
/DATA_ROOT/Desktop/matcher/Datasets/Urban8k/audio/fold8/125678-7-4-5.wav,jackhammer
/DATA_ROOT/Desktop/matcher/Datasets/Urban8k/audio/fold8/125678-7-4-6.wav,jackhammer
/DATA_ROOT/Desktop/matcher/Datasets/Urban8k/audio/fold8/125678-7-4-7.wav,jackhammer
/DATA_ROOT/Desktop/matcher/Datasets/Urban8k/audio/fold8/125678-7-4-8.wav,jackhammer
/DATA_ROOT/Desktop/matcher/Datasets/Urban8k/audio/fold8/126153-9-0-0.wav,street_music
/DATA_ROOT/Desktop/matcher/Datasets/Urban8k/audio/fold8/126153-9-0-1.wav,street_music
/DATA_ROOT/Desktop/matcher/Datasets/Urban8k/audio/fold8/126153-9-0-11.wav,street_music
/DATA_ROOT/Desktop/matcher/Datasets/Urban8k/audio/fold8/126153-9-0-4.wav,street_music
/DATA_ROOT/Desktop/matcher/Datasets/Urban8k/audio/fold8/126153-9-0-5.wav,street_music
/DATA_ROOT/Desktop/matcher/Datasets/Urban8k/audio/fold8/126153-9-0-6.wav,street_music
/DATA_ROOT/Desktop/matcher/Datasets/Urban8k/audio/fold8/126153-9-0-8.wav,street_music
/DATA_ROOT/Desktop/matcher/Datasets/Urban8k/audio/fold7/127443-4-0-0.wav,drilling
/DATA_ROOT/Desktop/matcher/Datasets/Urban8k/audio/fold7/127443-4-0-1.wav,drilling
/DATA_ROOT/Desktop/matcher/Datasets/Urban8k/audio/fold7/127443-4-0-10.wav,drilling
/DATA_ROOT/Desktop/matcher/Datasets/Urban8k/audio/fold7/127443-4-0-11.wav,drilling
/DATA_ROOT/Desktop/matcher/Datasets/Urban8k/audio/fold7/127443-4-0-12.wav,drilling
/DATA_ROOT/Desktop/matcher/Datasets/Urban8k/audio/fold7/127443-4-0-2.wav,drilling
/DATA_ROOT/Desktop/matcher/Datasets/Urban8k/audio/fold7/127443-4-0-3.wav,drilling
/DATA_ROOT/Desktop/matcher/Datasets/Urban8k/audio/fold7/127443-4-0-4.wav,drilling
/DATA_ROOT/Desktop/matcher/Datasets/Urban8k/audio/fold7/127443-4-0-5.wav,drilling
/DATA_ROOT/Desktop/matcher/Datasets/Urban8k/audio/fold7/127443-4-0-6.wav,drilling
/DATA_ROOT/Desktop/matcher/Datasets/Urban8k/audio/fold7/127443-4-0-7.wav,drilling
/DATA_ROOT/Desktop/matcher/Datasets/Urban8k/audio/fold7/127443-4-0-8.wav,drilling
/DATA_ROOT/Desktop/matcher/Datasets/Urban8k/audio/fold7/127443-4-0-9.wav,drilling
/DATA_ROOT/Desktop/matcher/Datasets/Urban8k/audio/fold9/127538-4-0-0.wav,drilling
/DATA_ROOT/Desktop/matcher/Datasets/Urban8k/audio/fold9/127538-4-1-0.wav,drilling
/DATA_ROOT/Desktop/matcher/Datasets/Urban8k/audio/fold9/127538-4-2-0.wav,drilling
/DATA_ROOT/Desktop/matcher/Datasets/Urban8k/audio/fold2/127872-0-0-0.wav,air_conditioner
/DATA_ROOT/Desktop/matcher/Datasets/Urban8k/audio/fold1/127873-0-0-0.wav,air_conditioner
/DATA_ROOT/Desktop/matcher/Datasets/Urban8k/audio/fold9/12812-5-0-0.wav,engine+engine_idling
/DATA_ROOT/Desktop/matcher/Datasets/Urban8k/audio/fold9/12812-5-0-1.wav,engine+engine_idling
/DATA_ROOT/Desktop/matcher/Datasets/Urban8k/audio/fold9/12812-5-0-2.wav,engine+engine_idling
/DATA_ROOT/Desktop/matcher/Datasets/Urban8k/audio/fold5/128152-9-0-10.wav,street_music
/DATA_ROOT/Desktop/matcher/Datasets/Urban8k/audio/fold5/128152-9-0-126.wav,street_music
/DATA_ROOT/Desktop/matcher/Datasets/Urban8k/audio/fold5/128152-9-0-167.wav,street_music
/DATA_ROOT/Desktop/matcher/Datasets/Urban8k/audio/fold5/128152-9-0-48.wav,street_music
/DATA_ROOT/Desktop/matcher/Datasets/Urban8k/audio/fold5/128152-9-0-49.wav,street_music
/DATA_ROOT/Desktop/matcher/Datasets/Urban8k/audio/fold5/128152-9-0-67.wav,street_music
/DATA_ROOT/Desktop/matcher/Datasets/Urban8k/audio/fold4/128160-5-0-0.wav,engine+engine_idling
/DATA_ROOT/Desktop/matcher/Datasets/Urban8k/audio/fold4/128160-5-0-1.wav,engine+engine_idling
/DATA_ROOT/Desktop/matcher/Datasets/Urban8k/audio/fold4/128160-5-0-10.wav,engine+engine_idling
/DATA_ROOT/Desktop/matcher/Datasets/Urban8k/audio/fold4/128160-5-0-11.wav,engine+engine_idling
/DATA_ROOT/Desktop/matcher/Datasets/Urban8k/audio/fold4/128160-5-0-12.wav,engine+engine_idling
/DATA_ROOT/Desktop/matcher/Datasets/Urban8k/audio/fold4/128160-5-0-13.wav,engine+engine_idling
/DATA_ROOT/Desktop/matcher/Datasets/Urban8k/audio/fold4/128160-5-0-14.wav,engine+engine_idling
/DATA_ROOT/Desktop/matcher/Datasets/Urban8k/audio/fold4/128160-5-0-15.wav,engine+engine_idling
/DATA_ROOT/Desktop/matcher/Datasets/Urban8k/audio/fold4/128160-5-0-2.wav,engine+engine_idling
/DATA_ROOT/Desktop/matcher/Datasets/Urban8k/audio/fold4/128160-5-0-3.wav,engine+engine_idling
/DATA_ROOT/Desktop/matcher/Datasets/Urban8k/audio/fold4/128160-5-0-4.wav,engine+engine_idling
/DATA_ROOT/Desktop/matcher/Datasets/Urban8k/audio/fold4/128160-5-0-5.wav,engine+engine_idling
/DATA_ROOT/Desktop/matcher/Datasets/Urban8k/audio/fold4/128160-5-0-6.wav,engine+engine_idling
/DATA_ROOT/Desktop/matcher/Datasets/Urban8k/audio/fold4/128160-5-0-7.wav,engine+engine_idling
/DATA_ROOT/Desktop/matcher/Datasets/Urban8k/audio/fold4/128160-5-0-8.wav,engine+engine_idling
/DATA_ROOT/Desktop/matcher/Datasets/Urban8k/audio/fold4/128160-5-0-9.wav,engine+engine_idling
/DATA_ROOT/Desktop/matcher/Datasets/Urban8k/audio/fold4/128607-4-0-0.wav,drilling
/DATA_ROOT/Desktop/matcher/Datasets/Urban8k/audio/fold4/128607-4-0-1.wav,drilling
/DATA_ROOT/Desktop/matcher/Datasets/Urban8k/audio/fold4/128607-4-0-2.wav,drilling
/DATA_ROOT/Desktop/matcher/Datasets/Urban8k/audio/fold4/128607-4-0-3.wav,drilling
/DATA_ROOT/Desktop/matcher/Datasets/Urban8k/audio/fold4/128607-4-0-4.wav,drilling
/DATA_ROOT/Desktop/matcher/Datasets/Urban8k/audio/fold4/128607-4-1-0.wav,drilling
/DATA_ROOT/Desktop/matcher/Datasets/Urban8k/audio/fold4/128607-4-1-1.wav,drilling
/DATA_ROOT/Desktop/matcher/Datasets/Urban8k/audio/fold4/128607-4-1-2.wav,drilling
/DATA_ROOT/Desktop/matcher/Datasets/Urban8k/audio/fold4/128607-4-1-3.wav,drilling
/DATA_ROOT/Desktop/matcher/Datasets/Urban8k/audio/fold6/129356-2-0-101.wav,children_playing
/DATA_ROOT/Desktop/matcher/Datasets/Urban8k/audio/fold6/129356-2-0-115.wav,children_playing
/DATA_ROOT/Desktop/matcher/Datasets/Urban8k/audio/fold6/129356-2-0-118.wav,children_playing
/DATA_ROOT/Desktop/matcher/Datasets/Urban8k/audio/fold6/129356-2-0-129.wav,children_playing
/DATA_ROOT/Desktop/matcher/Datasets/Urban8k/audio/fold6/129356-2-0-199.wav,children_playing
/DATA_ROOT/Desktop/matcher/Datasets/Urban8k/audio/fold6/129356-2-0-48.wav,children_playing
/DATA_ROOT/Desktop/matcher/Datasets/Urban8k/audio/fold6/129356-2-0-98.wav,children_playing
/DATA_ROOT/Desktop/matcher/Datasets/Urban8k/audio/fold10/129750-2-0-3.wav,children_playing
/DATA_ROOT/Desktop/matcher/Datasets/Urban8k/audio/fold10/129750-2-0-34.wav,children_playing
/DATA_ROOT/Desktop/matcher/Datasets/Urban8k/audio/fold10/129750-2-0-36.wav,children_playing
/DATA_ROOT/Desktop/matcher/Datasets/Urban8k/audio/fold10/129750-2-0-37.wav,children_playing
/DATA_ROOT/Desktop/matcher/Datasets/Urban8k/audio/fold10/129750-2-0-4.wav,children_playing
/DATA_ROOT/Desktop/matcher/Datasets/Urban8k/audio/fold10/129750-2-0-45.wav,children_playing
/DATA_ROOT/Desktop/matcher/Datasets/Urban8k/audio/fold10/129750-2-0-46.wav,children_playing
/DATA_ROOT/Desktop/matcher/Datasets/Urban8k/audio/fold10/129750-2-0-48.wav,children_playing
/DATA_ROOT/Desktop/matcher/Datasets/Urban8k/audio/fold7/130961-4-0-0.wav,drilling
/DATA_ROOT/Desktop/matcher/Datasets/Urban8k/audio/fold7/130961-4-1-1.wav,drilling
/DATA_ROOT/Desktop/matcher/Datasets/Urban8k/audio/fold7/130961-4-1-2.wav,drilling
/DATA_ROOT/Desktop/matcher/Datasets/Urban8k/audio/fold7/130961-4-1-3.wav,drilling
/DATA_ROOT/Desktop/matcher/Datasets/Urban8k/audio/fold7/130961-4-1-4.wav,drilling
/DATA_ROOT/Desktop/matcher/Datasets/Urban8k/audio/fold7/130961-4-2-1.wav,drilling
/DATA_ROOT/Desktop/matcher/Datasets/Urban8k/audio/fold7/130961-4-2-2.wav,drilling
/DATA_ROOT/Desktop/matcher/Datasets/Urban8k/audio/fold7/130961-4-3-0.wav,drilling
/DATA_ROOT/Desktop/matcher/Datasets/Urban8k/audio/fold7/130961-4-3-1.wav,drilling
/DATA_ROOT/Desktop/matcher/Datasets/Urban8k/audio/fold7/130961-4-3-2.wav,drilling
/DATA_ROOT/Desktop/matcher/Datasets/Urban8k/audio/fold7/130961-4-4-0.wav,drilling
/DATA_ROOT/Desktop/matcher/Datasets/Urban8k/audio/fold7/130961-4-5-0.wav,drilling
/DATA_ROOT/Desktop/matcher/Datasets/Urban8k/audio/fold7/130961-4-5-1.wav,drilling
/DATA_ROOT/Desktop/matcher/Datasets/Urban8k/audio/fold7/130961-4-5-2.wav,drilling
/DATA_ROOT/Desktop/matcher/Datasets/Urban8k/audio/fold7/130961-4-5-3.wav,drilling
/DATA_ROOT/Desktop/matcher/Datasets/Urban8k/audio/fold7/130961-4-5-4.wav,drilling
/DATA_ROOT/Desktop/matcher/Datasets/Urban8k/audio/fold7/130961-4-5-5.wav,drilling
/DATA_ROOT/Desktop/matcher/Datasets/Urban8k/audio/fold4/131428-9-0-3.wav,street_music
/DATA_ROOT/Desktop/matcher/Datasets/Urban8k/audio/fold4/131428-9-0-5.wav,street_music
/DATA_ROOT/Desktop/matcher/Datasets/Urban8k/audio/fold4/131428-9-1-0.wav,street_music
/DATA_ROOT/Desktop/matcher/Datasets/Urban8k/audio/fold4/131428-9-1-19.wav,street_music
/DATA_ROOT/Desktop/matcher/Datasets/Urban8k/audio/fold4/131428-9-1-8.wav,street_music
/DATA_ROOT/Desktop/matcher/Datasets/Urban8k/audio/fold4/131428-9-1-9.wav,street_music
/DATA_ROOT/Desktop/matcher/Datasets/Urban8k/audio/fold8/131571-6-0-0.wav,gun_shot
/DATA_ROOT/Desktop/matcher/Datasets/Urban8k/audio/fold6/131918-7-0-0.wav,jackhammer
/DATA_ROOT/Desktop/matcher/Datasets/Urban8k/audio/fold6/131918-7-0-1.wav,jackhammer
/DATA_ROOT/Desktop/matcher/Datasets/Urban8k/audio/fold6/131918-7-0-2.wav,jackhammer
/DATA_ROOT/Desktop/matcher/Datasets/Urban8k/audio/fold6/131918-7-0-3.wav,jackhammer
/DATA_ROOT/Desktop/matcher/Datasets/Urban8k/audio/fold6/131918-7-0-4.wav,jackhammer
/DATA_ROOT/Desktop/matcher/Datasets/Urban8k/audio/fold6/131918-7-0-5.wav,jackhammer
/DATA_ROOT/Desktop/matcher/Datasets/Urban8k/audio/fold6/131918-7-0-6.wav,jackhammer
/DATA_ROOT/Desktop/matcher/Datasets/Urban8k/audio/fold6/131918-7-0-7.wav,jackhammer
/DATA_ROOT/Desktop/matcher/Datasets/Urban8k/audio/fold6/131918-7-0-8.wav,jackhammer
/DATA_ROOT/Desktop/matcher/Datasets/Urban8k/audio/fold4/132016-7-0-0.wav,jackhammer
/DATA_ROOT/Desktop/matcher/Datasets/Urban8k/audio/fold4/132016-7-0-1.wav,jackhammer
/DATA_ROOT/Desktop/matcher/Datasets/Urban8k/audio/fold4/132016-7-0-2.wav,jackhammer
/DATA_ROOT/Desktop/matcher/Datasets/Urban8k/audio/fold4/132016-7-0-3.wav,jackhammer
/DATA_ROOT/Desktop/matcher/Datasets/Urban8k/audio/fold4/132016-7-0-4.wav,jackhammer
/DATA_ROOT/Desktop/matcher/Datasets/Urban8k/audio/fold4/132016-7-0-5.wav,jackhammer
/DATA_ROOT/Desktop/matcher/Datasets/Urban8k/audio/fold4/132016-7-0-6.wav,jackhammer
/DATA_ROOT/Desktop/matcher/Datasets/Urban8k/audio/fold4/132016-7-0-7.wav,jackhammer
/DATA_ROOT/Desktop/matcher/Datasets/Urban8k/audio/fold4/132016-7-0-8.wav,jackhammer
/DATA_ROOT/Desktop/matcher/Datasets/Urban8k/audio/fold1/132016-9-0-0.wav,street_music
/DATA_ROOT/Desktop/matcher/Datasets/Urban8k/audio/fold1/132016-9-0-11.wav,street_music
/DATA_ROOT/Desktop/matcher/Datasets/Urban8k/audio/fold1/132016-9-0-14.wav,street_music
/DATA_ROOT/Desktop/matcher/Datasets/Urban8k/audio/fold1/132016-9-0-16.wav,street_music
/DATA_ROOT/Desktop/matcher/Datasets/Urban8k/audio/fold1/132016-9-0-20.wav,street_music
/DATA_ROOT/Desktop/matcher/Datasets/Urban8k/audio/fold1/132016-9-0-6.wav,street_music
/DATA_ROOT/Desktop/matcher/Datasets/Urban8k/audio/fold6/132021-7-0-0.wav,jackhammer
/DATA_ROOT/Desktop/matcher/Datasets/Urban8k/audio/fold6/132021-7-0-1.wav,jackhammer
/DATA_ROOT/Desktop/matcher/Datasets/Urban8k/audio/fold6/132021-7-0-10.wav,jackhammer
/DATA_ROOT/Desktop/matcher/Datasets/Urban8k/audio/fold6/132021-7-0-11.wav,jackhammer
/DATA_ROOT/Desktop/matcher/Datasets/Urban8k/audio/fold6/132021-7-0-12.wav,jackhammer
/DATA_ROOT/Desktop/matcher/Datasets/Urban8k/audio/fold6/132021-7-0-2.wav,jackhammer
/DATA_ROOT/Desktop/matcher/Datasets/Urban8k/audio/fold6/132021-7-0-3.wav,jackhammer
/DATA_ROOT/Desktop/matcher/Datasets/Urban8k/audio/fold6/132021-7-0-4.wav,jackhammer
/DATA_ROOT/Desktop/matcher/Datasets/Urban8k/audio/fold6/132021-7-0-5.wav,jackhammer
/DATA_ROOT/Desktop/matcher/Datasets/Urban8k/audio/fold6/132021-7-0-6.wav,jackhammer
/DATA_ROOT/Desktop/matcher/Datasets/Urban8k/audio/fold6/132021-7-0-7.wav,jackhammer
/DATA_ROOT/Desktop/matcher/Datasets/Urban8k/audio/fold6/132021-7-0-8.wav,jackhammer
/DATA_ROOT/Desktop/matcher/Datasets/Urban8k/audio/fold6/132021-7-0-9.wav,jackhammer
/DATA_ROOT/Desktop/matcher/Datasets/Urban8k/audio/fold6/132021-7-1-0.wav,jackhammer
/DATA_ROOT/Desktop/matcher/Datasets/Urban8k/audio/fold4/132108-9-0-12.wav,street_music
/DATA_ROOT/Desktop/matcher/Datasets/Urban8k/audio/fold4/132108-9-0-21.wav,street_music
/DATA_ROOT/Desktop/matcher/Datasets/Urban8k/audio/fold4/132108-9-1-1.wav,street_music
/DATA_ROOT/Desktop/matcher/Datasets/Urban8k/audio/fold4/132108-9-1-24.wav,street_music
/DATA_ROOT/Desktop/matcher/Datasets/Urban8k/audio/fold4/132108-9-1-26.wav,street_music
/DATA_ROOT/Desktop/matcher/Datasets/Urban8k/audio/fold4/132108-9-1-27.wav,street_music
/DATA_ROOT/Desktop/matcher/Datasets/Urban8k/audio/fold6/132162-9-1-3.wav,street_music
/DATA_ROOT/Desktop/matcher/Datasets/Urban8k/audio/fold6/132162-9-1-58.wav,street_music
/DATA_ROOT/Desktop/matcher/Datasets/Urban8k/audio/fold6/132162-9-1-63.wav,street_music
/DATA_ROOT/Desktop/matcher/Datasets/Urban8k/audio/fold6/132162-9-1-67.wav,street_music
/DATA_ROOT/Desktop/matcher/Datasets/Urban8k/audio/fold6/132162-9-1-68.wav,street_music
/DATA_ROOT/Desktop/matcher/Datasets/Urban8k/audio/fold6/132162-9-1-73.wav,street_music
/DATA_ROOT/Desktop/matcher/Datasets/Urban8k/audio/fold3/13230-0-0-1.wav,air_conditioner
/DATA_ROOT/Desktop/matcher/Datasets/Urban8k/audio/fold3/13230-0-0-10.wav,air_conditioner
/DATA_ROOT/Desktop/matcher/Datasets/Urban8k/audio/fold3/13230-0-0-11.wav,air_conditioner
/DATA_ROOT/Desktop/matcher/Datasets/Urban8k/audio/fold3/13230-0-0-12.wav,air_conditioner
/DATA_ROOT/Desktop/matcher/Datasets/Urban8k/audio/fold3/13230-0-0-13.wav,air_conditioner
/DATA_ROOT/Desktop/matcher/Datasets/Urban8k/audio/fold3/13230-0-0-14.wav,air_conditioner
/DATA_ROOT/Desktop/matcher/Datasets/Urban8k/audio/fold3/13230-0-0-16.wav,air_conditioner
/DATA_ROOT/Desktop/matcher/Datasets/Urban8k/audio/fold3/13230-0-0-17.wav,air_conditioner
/DATA_ROOT/Desktop/matcher/Datasets/Urban8k/audio/fold3/13230-0-0-18.wav,air_conditioner
/DATA_ROOT/Desktop/matcher/Datasets/Urban8k/audio/fold3/13230-0-0-19.wav,air_conditioner
/DATA_ROOT/Desktop/matcher/Datasets/Urban8k/audio/fold3/13230-0-0-20.wav,air_conditioner
/DATA_ROOT/Desktop/matcher/Datasets/Urban8k/audio/fold3/13230-0-0-22.wav,air_conditioner
/DATA_ROOT/Desktop/matcher/Datasets/Urban8k/audio/fold3/13230-0-0-23.wav,air_conditioner
/DATA_ROOT/Desktop/matcher/Datasets/Urban8k/audio/fold3/13230-0-0-24.wav,air_conditioner
/DATA_ROOT/Desktop/matcher/Datasets/Urban8k/audio/fold3/13230-0-0-25.wav,air_conditioner
/DATA_ROOT/Desktop/matcher/Datasets/Urban8k/audio/fold3/13230-0-0-26.wav,air_conditioner
/DATA_ROOT/Desktop/matcher/Datasets/Urban8k/audio/fold3/13230-0-0-27.wav,air_conditioner
/DATA_ROOT/Desktop/matcher/Datasets/Urban8k/audio/fold3/13230-0-0-28.wav,air_conditioner
/DATA_ROOT/Desktop/matcher/Datasets/Urban8k/audio/fold3/13230-0-0-3.wav,air_conditioner
/DATA_ROOT/Desktop/matcher/Datasets/Urban8k/audio/fold3/13230-0-0-5.wav,air_conditioner
/DATA_ROOT/Desktop/matcher/Datasets/Urban8k/audio/fold3/13230-0-0-6.wav,air_conditioner
/DATA_ROOT/Desktop/matcher/Datasets/Urban8k/audio/fold3/13230-0-0-7.wav,air_conditioner
/DATA_ROOT/Desktop/matcher/Datasets/Urban8k/audio/fold3/13230-0-0-8.wav,air_conditioner
/DATA_ROOT/Desktop/matcher/Datasets/Urban8k/audio/fold3/13230-0-0-9.wav,air_conditioner
/DATA_ROOT/Desktop/matcher/Datasets/Urban8k/audio/fold3/132855-2-0-113.wav,children_playing
/DATA_ROOT/Desktop/matcher/Datasets/Urban8k/audio/fold3/132855-2-0-41.wav,children_playing
/DATA_ROOT/Desktop/matcher/Datasets/Urban8k/audio/fold3/132855-2-0-58.wav,children_playing
/DATA_ROOT/Desktop/matcher/Datasets/Urban8k/audio/fold3/132855-2-0-70.wav,children_playing
/DATA_ROOT/Desktop/matcher/Datasets/Urban8k/audio/fold3/132855-2-0-77.wav,children_playing
/DATA_ROOT/Desktop/matcher/Datasets/Urban8k/audio/fold3/132855-2-0-88.wav,children_playing
/DATA_ROOT/Desktop/matcher/Datasets/Urban8k/audio/fold3/132855-2-0-90.wav,children_playing
/DATA_ROOT/Desktop/matcher/Datasets/Urban8k/audio/fold3/132855-2-0-99.wav,children_playing
/DATA_ROOT/Desktop/matcher/Datasets/Urban8k/audio/fold8/133090-2-0-14.wav,children_playing
/DATA_ROOT/Desktop/matcher/Datasets/Urban8k/audio/fold8/133090-2-0-20.wav,children_playing
/DATA_ROOT/Desktop/matcher/Datasets/Urban8k/audio/fold8/133090-2-0-28.wav,children_playing
/DATA_ROOT/Desktop/matcher/Datasets/Urban8k/audio/fold8/133090-2-0-37.wav,children_playing
/DATA_ROOT/Desktop/matcher/Datasets/Urban8k/audio/fold8/133090-2-0-38.wav,children_playing
/DATA_ROOT/Desktop/matcher/Datasets/Urban8k/audio/fold8/133090-2-0-64.wav,children_playing
/DATA_ROOT/Desktop/matcher/Datasets/Urban8k/audio/fold8/133090-2-0-70.wav,children_playing
/DATA_ROOT/Desktop/matcher/Datasets/Urban8k/audio/fold8/133090-2-0-76.wav,children_playing
/DATA_ROOT/Desktop/matcher/Datasets/Urban8k/audio/fold6/133494-2-0-18.wav,children_playing
/DATA_ROOT/Desktop/matcher/Datasets/Urban8k/audio/fold6/133494-2-0-19.wav,children_playing
/DATA_ROOT/Desktop/matcher/Datasets/Urban8k/audio/fold6/133494-2-0-22.wav,children_playing
/DATA_ROOT/Desktop/matcher/Datasets/Urban8k/audio/fold6/133494-2-0-25.wav,children_playing
/DATA_ROOT/Desktop/matcher/Datasets/Urban8k/audio/fold6/133494-2-0-26.wav,children_playing
/DATA_ROOT/Desktop/matcher/Datasets/Urban8k/audio/fold6/133494-2-0-31.wav,children_playing
/DATA_ROOT/Desktop/matcher/Datasets/Urban8k/audio/fold6/133494-2-0-37.wav,children_playing
/DATA_ROOT/Desktop/matcher/Datasets/Urban8k/audio/fold6/133494-2-0-45.wav,children_playing
/DATA_ROOT/Desktop/matcher/Datasets/Urban8k/audio/fold6/133797-6-0-0.wav,gun_shot
/DATA_ROOT/Desktop/matcher/Datasets/Urban8k/audio/fold6/133797-6-1-0.wav,gun_shot
/DATA_ROOT/Desktop/matcher/Datasets/Urban8k/audio/fold6/133797-6-2-0.wav,gun_shot
/DATA_ROOT/Desktop/matcher/Datasets/Urban8k/audio/fold1/134717-0-0-0.wav,air_conditioner
/DATA_ROOT/Desktop/matcher/Datasets/Urban8k/audio/fold1/134717-0-0-1.wav,air_conditioner
/DATA_ROOT/Desktop/matcher/Datasets/Urban8k/audio/fold1/134717-0-0-12.wav,air_conditioner
/DATA_ROOT/Desktop/matcher/Datasets/Urban8k/audio/fold1/134717-0-0-13.wav,air_conditioner
/DATA_ROOT/Desktop/matcher/Datasets/Urban8k/audio/fold1/134717-0-0-14.wav,air_conditioner
/DATA_ROOT/Desktop/matcher/Datasets/Urban8k/audio/fold1/134717-0-0-15.wav,air_conditioner
/DATA_ROOT/Desktop/matcher/Datasets/Urban8k/audio/fold1/134717-0-0-16.wav,air_conditioner
/DATA_ROOT/Desktop/matcher/Datasets/Urban8k/audio/fold1/134717-0-0-18.wav,air_conditioner
/DATA_ROOT/Desktop/matcher/Datasets/Urban8k/audio/fold1/134717-0-0-19.wav,air_conditioner
/DATA_ROOT/Desktop/matcher/Datasets/Urban8k/audio/fold1/134717-0-0-2.wav,air_conditioner
/DATA_ROOT/Desktop/matcher/Datasets/Urban8k/audio/fold1/134717-0-0-20.wav,air_conditioner
/DATA_ROOT/Desktop/matcher/Datasets/Urban8k/audio/fold1/134717-0-0-21.wav,air_conditioner
/DATA_ROOT/Desktop/matcher/Datasets/Urban8k/audio/fold1/134717-0-0-22.wav,air_conditioner
/DATA_ROOT/Desktop/matcher/Datasets/Urban8k/audio/fold1/134717-0-0-23.wav,air_conditioner
/DATA_ROOT/Desktop/matcher/Datasets/Urban8k/audio/fold1/134717-0-0-24.wav,air_conditioner
/DATA_ROOT/Desktop/matcher/Datasets/Urban8k/audio/fold1/134717-0-0-25.wav,air_conditioner
/DATA_ROOT/Desktop/matcher/Datasets/Urban8k/audio/fold1/134717-0-0-26.wav,air_conditioner
/DATA_ROOT/Desktop/matcher/Datasets/Urban8k/audio/fold1/134717-0-0-27.wav,air_conditioner
/DATA_ROOT/Desktop/matcher/Datasets/Urban8k/audio/fold1/134717-0-0-28.wav,air_conditioner
/DATA_ROOT/Desktop/matcher/Datasets/Urban8k/audio/fold1/134717-0-0-4.wav,air_conditioner
/DATA_ROOT/Desktop/matcher/Datasets/Urban8k/audio/fold1/134717-0-0-5.wav,air_conditioner
/DATA_ROOT/Desktop/matcher/Datasets/Urban8k/audio/fold1/134717-0-0-6.wav,air_conditioner
/DATA_ROOT/Desktop/matcher/Datasets/Urban8k/audio/fold1/134717-0-0-7.wav,air_conditioner
/DATA_ROOT/Desktop/matcher/Datasets/Urban8k/audio/fold1/134717-0-0-8.wav,air_conditioner
/DATA_ROOT/Desktop/matcher/Datasets/Urban8k/audio/fold1/134717-0-0-9.wav,air_conditioner
/DATA_ROOT/Desktop/matcher/Datasets/Urban8k/audio/fold3/135526-6-0-0.wav,gun_shot
/DATA_ROOT/Desktop/matcher/Datasets/Urban8k/audio/fold3/135526-6-1-0.wav,gun_shot
/DATA_ROOT/Desktop/matcher/Datasets/Urban8k/audio/fold3/135526-6-10-0.wav,gun_shot
/DATA_ROOT/Desktop/matcher/Datasets/Urban8k/audio/fold3/135526-6-11-0.wav,gun_shot
/DATA_ROOT/Desktop/matcher/Datasets/Urban8k/audio/fold3/135526-6-12-0.wav,gun_shot
/DATA_ROOT/Desktop/matcher/Datasets/Urban8k/audio/fold3/135526-6-13-0.wav,gun_shot
/DATA_ROOT/Desktop/matcher/Datasets/Urban8k/audio/fold3/135526-6-2-0.wav,gun_shot
/DATA_ROOT/Desktop/matcher/Datasets/Urban8k/audio/fold3/135526-6-3-0.wav,gun_shot
/DATA_ROOT/Desktop/matcher/Datasets/Urban8k/audio/fold3/135526-6-4-0.wav,gun_shot
/DATA_ROOT/Desktop/matcher/Datasets/Urban8k/audio/fold3/135526-6-5-0.wav,gun_shot
/DATA_ROOT/Desktop/matcher/Datasets/Urban8k/audio/fold3/135526-6-6-0.wav,gun_shot
/DATA_ROOT/Desktop/matcher/Datasets/Urban8k/audio/fold3/135526-6-7-0.wav,gun_shot
/DATA_ROOT/Desktop/matcher/Datasets/Urban8k/audio/fold3/135526-6-8-0.wav,gun_shot
/DATA_ROOT/Desktop/matcher/Datasets/Urban8k/audio/fold3/135526-6-9-0.wav,gun_shot
/DATA_ROOT/Desktop/matcher/Datasets/Urban8k/audio/fold7/135527-6-0-0.wav,gun_shot
/DATA_ROOT/Desktop/matcher/Datasets/Urban8k/audio/fold7/135527-6-1-0.wav,gun_shot
/DATA_ROOT/Desktop/matcher/Datasets/Urban8k/audio/fold7/135527-6-10-0.wav,gun_shot
/DATA_ROOT/Desktop/matcher/Datasets/Urban8k/audio/fold7/135527-6-11-0.wav,gun_shot
/DATA_ROOT/Desktop/matcher/Datasets/Urban8k/audio/fold7/135527-6-12-0.wav,gun_shot
/DATA_ROOT/Desktop/matcher/Datasets/Urban8k/audio/fold7/135527-6-13-0.wav,gun_shot
/DATA_ROOT/Desktop/matcher/Datasets/Urban8k/audio/fold7/135527-6-14-0.wav,gun_shot
/DATA_ROOT/Desktop/matcher/Datasets/Urban8k/audio/fold7/135527-6-14-1.wav,gun_shot
/DATA_ROOT/Desktop/matcher/Datasets/Urban8k/audio/fold7/135527-6-14-10.wav,gun_shot
/DATA_ROOT/Desktop/matcher/Datasets/Urban8k/audio/fold7/135527-6-14-2.wav,gun_shot
/DATA_ROOT/Desktop/matcher/Datasets/Urban8k/audio/fold7/135527-6-14-3.wav,gun_shot
/DATA_ROOT/Desktop/matcher/Datasets/Urban8k/audio/fold7/135527-6-14-4.wav,gun_shot
/DATA_ROOT/Desktop/matcher/Datasets/Urban8k/audio/fold7/135527-6-14-5.wav,gun_shot
/DATA_ROOT/Desktop/matcher/Datasets/Urban8k/audio/fold7/135527-6-14-6.wav,gun_shot
/DATA_ROOT/Desktop/matcher/Datasets/Urban8k/audio/fold7/135527-6-14-7.wav,gun_shot
/DATA_ROOT/Desktop/matcher/Datasets/Urban8k/audio/fold7/135527-6-14-8.wav,gun_shot
/DATA_ROOT/Desktop/matcher/Datasets/Urban8k/audio/fold7/135527-6-14-9.wav,gun_shot
/DATA_ROOT/Desktop/matcher/Datasets/Urban8k/audio/fold7/135527-6-2-0.wav,gun_shot
/DATA_ROOT/Desktop/matcher/Datasets/Urban8k/audio/fold7/135527-6-3-0.wav,gun_shot
/DATA_ROOT/Desktop/matcher/Datasets/Urban8k/audio/fold7/135527-6-4-0.wav,gun_shot
/DATA_ROOT/Desktop/matcher/Datasets/Urban8k/audio/fold7/135527-6-5-0.wav,gun_shot
/DATA_ROOT/Desktop/matcher/Datasets/Urban8k/audio/fold7/135527-6-6-0.wav,gun_shot
/DATA_ROOT/Desktop/matcher/Datasets/Urban8k/audio/fold7/135527-6-7-0.wav,gun_shot
/DATA_ROOT/Desktop/matcher/Datasets/Urban8k/audio/fold7/135527-6-8-0.wav,gun_shot
/DATA_ROOT/Desktop/matcher/Datasets/Urban8k/audio/fold7/135527-6-9-0.wav,gun_shot
/DATA_ROOT/Desktop/matcher/Datasets/Urban8k/audio/fold4/135528-6-0-0.wav,gun_shot
/DATA_ROOT/Desktop/matcher/Datasets/Urban8k/audio/fold4/135528-6-1-0.wav,gun_shot
/DATA_ROOT/Desktop/matcher/Datasets/Urban8k/audio/fold4/135528-6-10-0.wav,gun_shot
/DATA_ROOT/Desktop/matcher/Datasets/Urban8k/audio/fold4/135528-6-11-0.wav,gun_shot
/DATA_ROOT/Desktop/matcher/Datasets/Urban8k/audio/fold4/135528-6-12-0.wav,gun_shot
/DATA_ROOT/Desktop/matcher/Datasets/Urban8k/audio/fold4/135528-6-2-0.wav,gun_shot
/DATA_ROOT/Desktop/matcher/Datasets/Urban8k/audio/fold4/135528-6-3-0.wav,gun_shot
/DATA_ROOT/Desktop/matcher/Datasets/Urban8k/audio/fold4/135528-6-4-0.wav,gun_shot
/DATA_ROOT/Desktop/matcher/Datasets/Urban8k/audio/fold4/135528-6-4-1.wav,gun_shot
/DATA_ROOT/Desktop/matcher/Datasets/Urban8k/audio/fold4/135528-6-4-2.wav,gun_shot
/DATA_ROOT/Desktop/matcher/Datasets/Urban8k/audio/fold4/135528-6-5-0.wav,gun_shot
/DATA_ROOT/Desktop/matcher/Datasets/Urban8k/audio/fold4/135528-6-6-0.wav,gun_shot
/DATA_ROOT/Desktop/matcher/Datasets/Urban8k/audio/fold4/135528-6-7-0.wav,gun_shot
/DATA_ROOT/Desktop/matcher/Datasets/Urban8k/audio/fold4/135528-6-8-0.wav,gun_shot
/DATA_ROOT/Desktop/matcher/Datasets/Urban8k/audio/fold4/135528-6-9-0.wav,gun_shot
/DATA_ROOT/Desktop/matcher/Datasets/Urban8k/audio/fold6/135544-6-0-0.wav,gun_shot
/DATA_ROOT/Desktop/matcher/Datasets/Urban8k/audio/fold6/135544-6-1-0.wav,gun_shot
/DATA_ROOT/Desktop/matcher/Datasets/Urban8k/audio/fold6/135544-6-10-0.wav,gun_shot
/DATA_ROOT/Desktop/matcher/Datasets/Urban8k/audio/fold6/135544-6-11-0.wav,gun_shot
/DATA_ROOT/Desktop/matcher/Datasets/Urban8k/audio/fold6/135544-6-12-0.wav,gun_shot
/DATA_ROOT/Desktop/matcher/Datasets/Urban8k/audio/fold6/135544-6-13-0.wav,gun_shot
/DATA_ROOT/Desktop/matcher/Datasets/Urban8k/audio/fold6/135544-6-14-0.wav,gun_shot
/DATA_ROOT/Desktop/matcher/Datasets/Urban8k/audio/fold6/135544-6-15-0.wav,gun_shot
/DATA_ROOT/Desktop/matcher/Datasets/Urban8k/audio/fold6/135544-6-16-0.wav,gun_shot
/DATA_ROOT/Desktop/matcher/Datasets/Urban8k/audio/fold6/135544-6-17-0.wav,gun_shot
/DATA_ROOT/Desktop/matcher/Datasets/Urban8k/audio/fold6/135544-6-18-0.wav,gun_shot
/DATA_ROOT/Desktop/matcher/Datasets/Urban8k/audio/fold6/135544-6-19-0.wav,gun_shot
/DATA_ROOT/Desktop/matcher/Datasets/Urban8k/audio/fold6/135544-6-2-0.wav,gun_shot
/DATA_ROOT/Desktop/matcher/Datasets/Urban8k/audio/fold6/135544-6-3-0.wav,gun_shot
/DATA_ROOT/Desktop/matcher/Datasets/Urban8k/audio/fold6/135544-6-4-0.wav,gun_shot
/DATA_ROOT/Desktop/matcher/Datasets/Urban8k/audio/fold6/135544-6-5-0.wav,gun_shot
/DATA_ROOT/Desktop/matcher/Datasets/Urban8k/audio/fold6/135544-6-6-0.wav,gun_shot
/DATA_ROOT/Desktop/matcher/Datasets/Urban8k/audio/fold6/135544-6-7-0.wav,gun_shot
/DATA_ROOT/Desktop/matcher/Datasets/Urban8k/audio/fold6/135544-6-8-0.wav,gun_shot
/DATA_ROOT/Desktop/matcher/Datasets/Urban8k/audio/fold6/135544-6-9-0.wav,gun_shot
/DATA_ROOT/Desktop/matcher/Datasets/Urban8k/audio/fold1/135776-2-0-32.wav,children_playing
/DATA_ROOT/Desktop/matcher/Datasets/Urban8k/audio/fold1/135776-2-0-37.wav,children_playing
/DATA_ROOT/Desktop/matcher/Datasets/Urban8k/audio/fold1/135776-2-0-40.wav,children_playing
/DATA_ROOT/Desktop/matcher/Datasets/Urban8k/audio/fold1/135776-2-0-49.wav,children_playing
/DATA_ROOT/Desktop/matcher/Datasets/Urban8k/audio/fold1/135776-2-0-50.wav,children_playing
/DATA_ROOT/Desktop/matcher/Datasets/Urban8k/audio/fold1/135776-2-0-65.wav,children_playing
/DATA_ROOT/Desktop/matcher/Datasets/Urban8k/audio/fold1/135776-2-0-85.wav,children_playing
/DATA_ROOT/Desktop/matcher/Datasets/Urban8k/audio/fold1/135776-2-0-90.wav,children_playing
/DATA_ROOT/Desktop/matcher/Datasets/Urban8k/audio/fold9/13579-2-0-15.wav,children_playing
/DATA_ROOT/Desktop/matcher/Datasets/Urban8k/audio/fold9/13579-2-0-16.wav,children_playing
/DATA_ROOT/Desktop/matcher/Datasets/Urban8k/audio/fold9/13579-2-0-17.wav,children_playing
/DATA_ROOT/Desktop/matcher/Datasets/Urban8k/audio/fold9/13579-2-0-2.wav,children_playing
/DATA_ROOT/Desktop/matcher/Datasets/Urban8k/audio/fold9/13579-2-0-38.wav,children_playing
/DATA_ROOT/Desktop/matcher/Datasets/Urban8k/audio/fold9/13579-2-0-48.wav,children_playing
/DATA_ROOT/Desktop/matcher/Datasets/Urban8k/audio/fold9/13579-2-0-53.wav,children_playing
/DATA_ROOT/Desktop/matcher/Datasets/Urban8k/audio/fold9/13579-2-0-62.wav,children_playing
/DATA_ROOT/Desktop/matcher/Datasets/Urban8k/audio/fold7/135849-4-0-0.wav,drilling
/DATA_ROOT/Desktop/matcher/Datasets/Urban8k/audio/fold9/136399-6-0-0.wav,gun_shot
/DATA_ROOT/Desktop/matcher/Datasets/Urban8k/audio/fold9/136399-6-1-0.wav,gun_shot
/DATA_ROOT/Desktop/matcher/Datasets/Urban8k/audio/fold9/136399-6-2-0.wav,gun_shot
/DATA_ROOT/Desktop/matcher/Datasets/Urban8k/audio/fold9/136399-6-3-0.wav,gun_shot
/DATA_ROOT/Desktop/matcher/Datasets/Urban8k/audio/fold9/136399-6-4-0.wav,gun_shot
/DATA_ROOT/Desktop/matcher/Datasets/Urban8k/audio/fold9/136399-6-5-0.wav,gun_shot
/DATA_ROOT/Desktop/matcher/Datasets/Urban8k/audio/fold9/136399-6-6-0.wav,gun_shot
/DATA_ROOT/Desktop/matcher/Datasets/Urban8k/audio/fold9/136399-6-7-0.wav,gun_shot
/DATA_ROOT/Desktop/matcher/Datasets/Urban8k/audio/fold9/136399-6-8-0.wav,gun_shot
/DATA_ROOT/Desktop/matcher/Datasets/Urban8k/audio/fold9/136399-6-9-0.wav,gun_shot
/DATA_ROOT/Desktop/matcher/Datasets/Urban8k/audio/fold10/136558-9-0-1.wav,street_music
/DATA_ROOT/Desktop/matcher/Datasets/Urban8k/audio/fold10/136558-9-0-2.wav,street_music
/DATA_ROOT/Desktop/matcher/Datasets/Urban8k/audio/fold10/136558-9-1-10.wav,street_music
/DATA_ROOT/Desktop/matcher/Datasets/Urban8k/audio/fold10/136558-9-1-21.wav,street_music
/DATA_ROOT/Desktop/matcher/Datasets/Urban8k/audio/fold10/136558-9-1-26.wav,street_music
/DATA_ROOT/Desktop/matcher/Datasets/Urban8k/audio/fold10/136558-9-1-39.wav,street_music
/DATA_ROOT/Desktop/matcher/Datasets/Urban8k/audio/fold1/137156-9-0-28.wav,street_music
/DATA_ROOT/Desktop/matcher/Datasets/Urban8k/audio/fold1/137156-9-0-30.wav,street_music
/DATA_ROOT/Desktop/matcher/Datasets/Urban8k/audio/fold1/137156-9-0-31.wav,street_music
/DATA_ROOT/Desktop/matcher/Datasets/Urban8k/audio/fold1/137156-9-0-5.wav,street_music
/DATA_ROOT/Desktop/matcher/Datasets/Urban8k/audio/fold1/137156-9-0-73.wav,street_music
/DATA_ROOT/Desktop/matcher/Datasets/Urban8k/audio/fold1/137156-9-0-79.wav,street_music
/DATA_ROOT/Desktop/matcher/Datasets/Urban8k/audio/fold9/137815-4-0-0.wav,drilling
/DATA_ROOT/Desktop/matcher/Datasets/Urban8k/audio/fold9/137815-4-0-1.wav,drilling
/DATA_ROOT/Desktop/matcher/Datasets/Urban8k/audio/fold9/137815-4-0-10.wav,drilling
/DATA_ROOT/Desktop/matcher/Datasets/Urban8k/audio/fold9/137815-4-0-2.wav,drilling
/DATA_ROOT/Desktop/matcher/Datasets/Urban8k/audio/fold9/137815-4-0-3.wav,drilling
/DATA_ROOT/Desktop/matcher/Datasets/Urban8k/audio/fold9/137815-4-0-4.wav,drilling
/DATA_ROOT/Desktop/matcher/Datasets/Urban8k/audio/fold9/137815-4-0-5.wav,drilling
/DATA_ROOT/Desktop/matcher/Datasets/Urban8k/audio/fold9/137815-4-0-6.wav,drilling
/DATA_ROOT/Desktop/matcher/Datasets/Urban8k/audio/fold9/137815-4-0-7.wav,drilling
/DATA_ROOT/Desktop/matcher/Datasets/Urban8k/audio/fold9/137815-4-0-8.wav,drilling
/DATA_ROOT/Desktop/matcher/Datasets/Urban8k/audio/fold9/137815-4-0-9.wav,drilling
/DATA_ROOT/Desktop/matcher/Datasets/Urban8k/audio/fold6/137969-2-0-18.wav,children_playing
/DATA_ROOT/Desktop/matcher/Datasets/Urban8k/audio/fold6/137969-2-0-20.wav,children_playing
/DATA_ROOT/Desktop/matcher/Datasets/Urban8k/audio/fold6/137969-2-0-37.wav,children_playing
/DATA_ROOT/Desktop/matcher/Datasets/Urban8k/audio/fold6/137969-2-0-4.wav,children_playing
/DATA_ROOT/Desktop/matcher/Datasets/Urban8k/audio/fold6/137969-2-0-41.wav,children_playing
/DATA_ROOT/Desktop/matcher/Datasets/Urban8k/audio/fold6/137969-2-0-55.wav,children_playing
/DATA_ROOT/Desktop/matcher/Datasets/Urban8k/audio/fold6/137969-2-0-56.wav,children_playing
/DATA_ROOT/Desktop/matcher/Datasets/Urban8k/audio/fold4/137971-2-0-0.wav,children_playing
/DATA_ROOT/Desktop/matcher/Datasets/Urban8k/audio/fold4/137971-2-0-2.wav,children_playing
/DATA_ROOT/Desktop/matcher/Datasets/Urban8k/audio/fold4/137971-2-0-3.wav,children_playing
/DATA_ROOT/Desktop/matcher/Datasets/Urban8k/audio/fold4/137971-2-0-4.wav,children_playing
/DATA_ROOT/Desktop/matcher/Datasets/Urban8k/audio/fold4/137971-2-0-5.wav,children_playing
/DATA_ROOT/Desktop/matcher/Datasets/Urban8k/audio/fold4/137971-2-0-6.wav,children_playing
/DATA_ROOT/Desktop/matcher/Datasets/Urban8k/audio/fold4/137971-2-0-8.wav,children_playing
/DATA_ROOT/Desktop/matcher/Datasets/Urban8k/audio/fold10/138017-9-0-2.wav,street_music
/DATA_ROOT/Desktop/matcher/Datasets/Urban8k/audio/fold10/138017-9-0-9.wav,street_music
/DATA_ROOT/Desktop/matcher/Datasets/Urban8k/audio/fold10/138017-9-1-10.wav,street_music
/DATA_ROOT/Desktop/matcher/Datasets/Urban8k/audio/fold10/138017-9-1-16.wav,street_music
/DATA_ROOT/Desktop/matcher/Datasets/Urban8k/audio/fold10/138017-9-1-4.wav,street_music
/DATA_ROOT/Desktop/matcher/Datasets/Urban8k/audio/fold10/138017-9-1-6.wav,street_music
/DATA_ROOT/Desktop/matcher/Datasets/Urban8k/audio/fold1/138031-2-0-13.wav,children_playing
/DATA_ROOT/Desktop/matcher/Datasets/Urban8k/audio/fold1/138031-2-0-2.wav,children_playing
/DATA_ROOT/Desktop/matcher/Datasets/Urban8k/audio/fold1/138031-2-0-22.wav,children_playing
/DATA_ROOT/Desktop/matcher/Datasets/Urban8k/audio/fold1/138031-2-0-23.wav,children_playing
/DATA_ROOT/Desktop/matcher/Datasets/Urban8k/audio/fold1/138031-2-0-28.wav,children_playing
/DATA_ROOT/Desktop/matcher/Datasets/Urban8k/audio/fold1/138031-2-0-45.wav,children_playing
/DATA_ROOT/Desktop/matcher/Datasets/Urban8k/audio/fold1/138031-2-0-47.wav,children_playing
/DATA_ROOT/Desktop/matcher/Datasets/Urban8k/audio/fold1/138031-2-0-7.wav,children_playing
/DATA_ROOT/Desktop/matcher/Datasets/Urban8k/audio/fold3/138473-9-0-12.wav,street_music
/DATA_ROOT/Desktop/matcher/Datasets/Urban8k/audio/fold3/138473-9-0-29.wav,street_music
/DATA_ROOT/Desktop/matcher/Datasets/Urban8k/audio/fold3/138473-9-0-35.wav,street_music
/DATA_ROOT/Desktop/matcher/Datasets/Urban8k/audio/fold3/138473-9-0-38.wav,street_music
/DATA_ROOT/Desktop/matcher/Datasets/Urban8k/audio/fold3/138473-9-0-5.wav,street_music
/DATA_ROOT/Desktop/matcher/Datasets/Urban8k/audio/fold3/138473-9-0-6.wav,street_music
/DATA_ROOT/Desktop/matcher/Datasets/Urban8k/audio/fold8/139000-4-0-0.wav,drilling
/DATA_ROOT/Desktop/matcher/Datasets/Urban8k/audio/fold8/139000-4-0-1.wav,drilling
/DATA_ROOT/Desktop/matcher/Datasets/Urban8k/audio/fold8/139000-4-0-2.wav,drilling
/DATA_ROOT/Desktop/matcher/Datasets/Urban8k/audio/fold5/139665-9-0-19.wav,street_music
/DATA_ROOT/Desktop/matcher/Datasets/Urban8k/audio/fold5/139665-9-0-23.wav,street_music
/DATA_ROOT/Desktop/matcher/Datasets/Urban8k/audio/fold5/139665-9-0-25.wav,street_music
/DATA_ROOT/Desktop/matcher/Datasets/Urban8k/audio/fold5/139665-9-0-32.wav,street_music
/DATA_ROOT/Desktop/matcher/Datasets/Urban8k/audio/fold5/139665-9-0-8.wav,street_music
/DATA_ROOT/Desktop/matcher/Datasets/Urban8k/audio/fold5/139665-9-0-9.wav,street_music
/DATA_ROOT/Desktop/matcher/Datasets/Urban8k/audio/fold1/139951-9-0-13.wav,street_music
/DATA_ROOT/Desktop/matcher/Datasets/Urban8k/audio/fold1/139951-9-0-17.wav,street_music
/DATA_ROOT/Desktop/matcher/Datasets/Urban8k/audio/fold1/139951-9-0-29.wav,street_music
/DATA_ROOT/Desktop/matcher/Datasets/Urban8k/audio/fold1/139951-9-0-33.wav,street_music
/DATA_ROOT/Desktop/matcher/Datasets/Urban8k/audio/fold1/139951-9-0-45.wav,street_music
/DATA_ROOT/Desktop/matcher/Datasets/Urban8k/audio/fold1/139951-9-0-9.wav,street_music
/DATA_ROOT/Desktop/matcher/Datasets/Urban8k/audio/fold4/140824-4-0-0.wav,drilling
/DATA_ROOT/Desktop/matcher/Datasets/Urban8k/audio/fold4/14110-4-0-0.wav,drilling
/DATA_ROOT/Desktop/matcher/Datasets/Urban8k/audio/fold4/14110-4-0-1.wav,drilling
/DATA_ROOT/Desktop/matcher/Datasets/Urban8k/audio/fold4/14110-4-0-2.wav,drilling
/DATA_ROOT/Desktop/matcher/Datasets/Urban8k/audio/fold9/14111-4-0-0.wav,drilling
/DATA_ROOT/Desktop/matcher/Datasets/Urban8k/audio/fold9/14111-4-0-1.wav,drilling
/DATA_ROOT/Desktop/matcher/Datasets/Urban8k/audio/fold9/14111-4-0-2.wav,drilling
/DATA_ROOT/Desktop/matcher/Datasets/Urban8k/audio/fold9/14111-4-0-3.wav,drilling
/DATA_ROOT/Desktop/matcher/Datasets/Urban8k/audio/fold9/14111-4-0-4.wav,drilling
/DATA_ROOT/Desktop/matcher/Datasets/Urban8k/audio/fold9/14111-4-0-5.wav,drilling
/DATA_ROOT/Desktop/matcher/Datasets/Urban8k/audio/fold9/14111-4-0-6.wav,drilling
/DATA_ROOT/Desktop/matcher/Datasets/Urban8k/audio/fold9/14111-4-0-7.wav,drilling
/DATA_ROOT/Desktop/matcher/Datasets/Urban8k/audio/fold1/14113-4-0-0.wav,drilling
/DATA_ROOT/Desktop/matcher/Datasets/Urban8k/audio/fold1/14113-4-0-1.wav,drilling
/DATA_ROOT/Desktop/matcher/Datasets/Urban8k/audio/fold6/14114-4-0-0.wav,drilling
/DATA_ROOT/Desktop/matcher/Datasets/Urban8k/audio/fold6/14114-4-0-1.wav,drilling
/DATA_ROOT/Desktop/matcher/Datasets/Urban8k/audio/fold6/14114-4-0-2.wav,drilling
/DATA_ROOT/Desktop/matcher/Datasets/Urban8k/audio/fold6/14114-4-0-3.wav,drilling
/DATA_ROOT/Desktop/matcher/Datasets/Urban8k/audio/fold3/14115-4-0-0.wav,drilling
/DATA_ROOT/Desktop/matcher/Datasets/Urban8k/audio/fold10/141240-5-0-0.wav,engine+engine_idling
/DATA_ROOT/Desktop/matcher/Datasets/Urban8k/audio/fold10/141240-5-1-0.wav,engine+engine_idling
/DATA_ROOT/Desktop/matcher/Datasets/Urban8k/audio/fold8/142003-2-0-0.wav,children_playing
/DATA_ROOT/Desktop/matcher/Datasets/Urban8k/audio/fold8/142003-2-0-1.wav,children_playing
/DATA_ROOT/Desktop/matcher/Datasets/Urban8k/audio/fold8/142003-2-0-19.wav,children_playing
/DATA_ROOT/Desktop/matcher/Datasets/Urban8k/audio/fold8/142003-2-0-20.wav,children_playing
/DATA_ROOT/Desktop/matcher/Datasets/Urban8k/audio/fold8/142003-2-0-21.wav,children_playing
/DATA_ROOT/Desktop/matcher/Datasets/Urban8k/audio/fold8/142003-2-0-24.wav,children_playing
/DATA_ROOT/Desktop/matcher/Datasets/Urban8k/audio/fold8/142003-2-0-30.wav,children_playing
/DATA_ROOT/Desktop/matcher/Datasets/Urban8k/audio/fold8/142003-2-0-8.wav,children_playing
/DATA_ROOT/Desktop/matcher/Datasets/Urban8k/audio/fold1/143604-5-0-0.wav,engine+engine_idling
/DATA_ROOT/Desktop/matcher/Datasets/Urban8k/audio/fold1/143651-2-0-0.wav,children_playing
/DATA_ROOT/Desktop/matcher/Datasets/Urban8k/audio/fold1/143651-2-0-16.wav,children_playing
/DATA_ROOT/Desktop/matcher/Datasets/Urban8k/audio/fold1/143651-2-0-20.wav,children_playing
/DATA_ROOT/Desktop/matcher/Datasets/Urban8k/audio/fold1/143651-2-0-22.wav,children_playing
/DATA_ROOT/Desktop/matcher/Datasets/Urban8k/audio/fold1/143651-2-0-39.wav,children_playing
/DATA_ROOT/Desktop/matcher/Datasets/Urban8k/audio/fold1/143651-2-0-55.wav,children_playing
/DATA_ROOT/Desktop/matcher/Datasets/Urban8k/audio/fold1/143651-2-0-59.wav,children_playing
/DATA_ROOT/Desktop/matcher/Datasets/Urban8k/audio/fold1/143651-2-0-63.wav,children_playing
/DATA_ROOT/Desktop/matcher/Datasets/Urban8k/audio/fold9/14385-9-0-10.wav,street_music
/DATA_ROOT/Desktop/matcher/Datasets/Urban8k/audio/fold9/14385-9-0-11.wav,street_music
/DATA_ROOT/Desktop/matcher/Datasets/Urban8k/audio/fold9/14385-9-0-13.wav,street_music
/DATA_ROOT/Desktop/matcher/Datasets/Urban8k/audio/fold9/14385-9-0-14.wav,street_music
/DATA_ROOT/Desktop/matcher/Datasets/Urban8k/audio/fold9/14385-9-0-17.wav,street_music
/DATA_ROOT/Desktop/matcher/Datasets/Urban8k/audio/fold9/14385-9-0-21.wav,street_music
/DATA_ROOT/Desktop/matcher/Datasets/Urban8k/audio/fold8/14386-9-0-11.wav,street_music
/DATA_ROOT/Desktop/matcher/Datasets/Urban8k/audio/fold8/14386-9-0-16.wav,street_music
/DATA_ROOT/Desktop/matcher/Datasets/Urban8k/audio/fold8/14386-9-0-17.wav,street_music
/DATA_ROOT/Desktop/matcher/Datasets/Urban8k/audio/fold8/14386-9-0-2.wav,street_music
/DATA_ROOT/Desktop/matcher/Datasets/Urban8k/audio/fold8/14386-9-0-20.wav,street_music
/DATA_ROOT/Desktop/matcher/Datasets/Urban8k/audio/fold8/14386-9-0-6.wav,street_music
/DATA_ROOT/Desktop/matcher/Datasets/Urban8k/audio/fold2/14387-9-0-11.wav,street_music
/DATA_ROOT/Desktop/matcher/Datasets/Urban8k/audio/fold2/14387-9-0-12.wav,street_music
/DATA_ROOT/Desktop/matcher/Datasets/Urban8k/audio/fold2/14387-9-0-15.wav,street_music
/DATA_ROOT/Desktop/matcher/Datasets/Urban8k/audio/fold2/14387-9-0-16.wav,street_music
/DATA_ROOT/Desktop/matcher/Datasets/Urban8k/audio/fold2/14387-9-0-19.wav,street_music
/DATA_ROOT/Desktop/matcher/Datasets/Urban8k/audio/fold2/14387-9-0-7.wav,street_music
/DATA_ROOT/Desktop/matcher/Datasets/Urban8k/audio/fold2/143970-5-0-0.wav,engine+engine_idling
/DATA_ROOT/Desktop/matcher/Datasets/Urban8k/audio/fold2/143970-5-0-1.wav,engine+engine_idling
/DATA_ROOT/Desktop/matcher/Datasets/Urban8k/audio/fold2/143970-5-0-2.wav,engine+engine_idling
/DATA_ROOT/Desktop/matcher/Datasets/Urban8k/audio/fold2/143970-5-0-3.wav,engine+engine_idling
/DATA_ROOT/Desktop/matcher/Datasets/Urban8k/audio/fold4/144007-5-0-0.wav,engine+engine_idling
/DATA_ROOT/Desktop/matcher/Datasets/Urban8k/audio/fold4/144007-5-0-1.wav,engine+engine_idling
/DATA_ROOT/Desktop/matcher/Datasets/Urban8k/audio/fold4/144007-5-0-10.wav,engine+engine_idling
/DATA_ROOT/Desktop/matcher/Datasets/Urban8k/audio/fold4/144007-5-0-11.wav,engine+engine_idling
/DATA_ROOT/Desktop/matcher/Datasets/Urban8k/audio/fold4/144007-5-0-12.wav,engine+engine_idling
/DATA_ROOT/Desktop/matcher/Datasets/Urban8k/audio/fold4/144007-5-0-13.wav,engine+engine_idling
/DATA_ROOT/Desktop/matcher/Datasets/Urban8k/audio/fold4/144007-5-0-14.wav,engine+engine_idling
/DATA_ROOT/Desktop/matcher/Datasets/Urban8k/audio/fold4/144007-5-0-15.wav,engine+engine_idling
/DATA_ROOT/Desktop/matcher/Datasets/Urban8k/audio/fold4/144007-5-0-16.wav,engine+engine_idling
/DATA_ROOT/Desktop/matcher/Datasets/Urban8k/audio/fold4/144007-5-0-17.wav,engine+engine_idling
/DATA_ROOT/Desktop/matcher/Datasets/Urban8k/audio/fold4/144007-5-0-18.wav,engine+engine_idling
/DATA_ROOT/Desktop/matcher/Datasets/Urban8k/audio/fold4/144007-5-0-19.wav,engine+engine_idling
/DATA_ROOT/Desktop/matcher/Datasets/Urban8k/audio/fold4/144007-5-0-2.wav,engine+engine_idling
/DATA_ROOT/Desktop/matcher/Datasets/Urban8k/audio/fold4/144007-5-0-20.wav,engine+engine_idling
/DATA_ROOT/Desktop/matcher/Datasets/Urban8k/audio/fold4/144007-5-0-21.wav,engine+engine_idling
/DATA_ROOT/Desktop/matcher/Datasets/Urban8k/audio/fold4/144007-5-0-3.wav,engine+engine_idling
/DATA_ROOT/Desktop/matcher/Datasets/Urban8k/audio/fold4/144007-5-0-4.wav,engine+engine_idling
/DATA_ROOT/Desktop/matcher/Datasets/Urban8k/audio/fold4/144007-5-0-5.wav,engine+engine_idling
/DATA_ROOT/Desktop/matcher/Datasets/Urban8k/audio/fold4/144007-5-0-6.wav,engine+engine_idling
/DATA_ROOT/Desktop/matcher/Datasets/Urban8k/audio/fold4/144007-5-0-7.wav,engine+engine_idling
/DATA_ROOT/Desktop/matcher/Datasets/Urban8k/audio/fold4/144007-5-0-8.wav,engine+engine_idling
/DATA_ROOT/Desktop/matcher/Datasets/Urban8k/audio/fold4/144007-5-0-9.wav,engine+engine_idling
/DATA_ROOT/Desktop/matcher/Datasets/Urban8k/audio/fold4/144007-5-1-0.wav,engine+engine_idling
/DATA_ROOT/Desktop/matcher/Datasets/Urban8k/audio/fold4/144007-5-1-1.wav,engine+engine_idling
/DATA_ROOT/Desktop/matcher/Datasets/Urban8k/audio/fold4/144007-5-1-10.wav,engine+engine_idling
/DATA_ROOT/Desktop/matcher/Datasets/Urban8k/audio/fold4/144007-5-1-11.wav,engine+engine_idling
/DATA_ROOT/Desktop/matcher/Datasets/Urban8k/audio/fold4/144007-5-1-2.wav,engine+engine_idling
/DATA_ROOT/Desktop/matcher/Datasets/Urban8k/audio/fold4/144007-5-1-3.wav,engine+engine_idling
/DATA_ROOT/Desktop/matcher/Datasets/Urban8k/audio/fold4/144007-5-1-4.wav,engine+engine_idling
/DATA_ROOT/Desktop/matcher/Datasets/Urban8k/audio/fold4/144007-5-1-5.wav,engine+engine_idling
/DATA_ROOT/Desktop/matcher/Datasets/Urban8k/audio/fold4/144007-5-1-6.wav,engine+engine_idling
/DATA_ROOT/Desktop/matcher/Datasets/Urban8k/audio/fold4/144007-5-1-7.wav,engine+engine_idling
/DATA_ROOT/Desktop/matcher/Datasets/Urban8k/audio/fold4/144007-5-1-8.wav,engine+engine_idling
/DATA_ROOT/Desktop/matcher/Datasets/Urban8k/audio/fold4/144007-5-1-9.wav,engine+engine_idling
/DATA_ROOT/Desktop/matcher/Datasets/Urban8k/audio/fold3/144068-5-0-0.wav,engine+engine_idling
/DATA_ROOT/Desktop/matcher/Datasets/Urban8k/audio/fold3/144068-5-0-1.wav,engine+engine_idling
/DATA_ROOT/Desktop/matcher/Datasets/Urban8k/audio/fold3/144068-5-0-10.wav,engine+engine_idling
/DATA_ROOT/Desktop/matcher/Datasets/Urban8k/audio/fold3/144068-5-0-11.wav,engine+engine_idling
/DATA_ROOT/Desktop/matcher/Datasets/Urban8k/audio/fold3/144068-5-0-12.wav,engine+engine_idling
/DATA_ROOT/Desktop/matcher/Datasets/Urban8k/audio/fold3/144068-5-0-13.wav,engine+engine_idling
/DATA_ROOT/Desktop/matcher/Datasets/Urban8k/audio/fold3/144068-5-0-14.wav,engine+engine_idling
/DATA_ROOT/Desktop/matcher/Datasets/Urban8k/audio/fold3/144068-5-0-15.wav,engine+engine_idling
/DATA_ROOT/Desktop/matcher/Datasets/Urban8k/audio/fold3/144068-5-0-16.wav,engine+engine_idling
/DATA_ROOT/Desktop/matcher/Datasets/Urban8k/audio/fold3/144068-5-0-17.wav,engine+engine_idling
/DATA_ROOT/Desktop/matcher/Datasets/Urban8k/audio/fold3/144068-5-0-18.wav,engine+engine_idling
/DATA_ROOT/Desktop/matcher/Datasets/Urban8k/audio/fold3/144068-5-0-2.wav,engine+engine_idling
/DATA_ROOT/Desktop/matcher/Datasets/Urban8k/audio/fold3/144068-5-0-3.wav,engine+engine_idling
/DATA_ROOT/Desktop/matcher/Datasets/Urban8k/audio/fold3/144068-5-0-4.wav,engine+engine_idling
/DATA_ROOT/Desktop/matcher/Datasets/Urban8k/audio/fold3/144068-5-0-5.wav,engine+engine_idling
/DATA_ROOT/Desktop/matcher/Datasets/Urban8k/audio/fold3/144068-5-0-6.wav,engine+engine_idling
/DATA_ROOT/Desktop/matcher/Datasets/Urban8k/audio/fold3/144068-5-0-7.wav,engine+engine_idling
/DATA_ROOT/Desktop/matcher/Datasets/Urban8k/audio/fold3/144068-5-0-8.wav,engine+engine_idling
/DATA_ROOT/Desktop/matcher/Datasets/Urban8k/audio/fold3/144068-5-0-9.wav,engine+engine_idling
/DATA_ROOT/Desktop/matcher/Datasets/Urban8k/audio/fold3/144068-5-1-0.wav,engine+engine_idling
/DATA_ROOT/Desktop/matcher/Datasets/Urban8k/audio/fold3/144068-5-2-0.wav,engine+engine_idling
/DATA_ROOT/Desktop/matcher/Datasets/Urban8k/audio/fold3/144068-5-3-0.wav,engine+engine_idling
/DATA_ROOT/Desktop/matcher/Datasets/Urban8k/audio/fold3/144068-5-4-0.wav,engine+engine_idling
/DATA_ROOT/Desktop/matcher/Datasets/Urban8k/audio/fold3/144068-5-4-1.wav,engine+engine_idling
/DATA_ROOT/Desktop/matcher/Datasets/Urban8k/audio/fold3/144068-5-4-2.wav,engine+engine_idling
/DATA_ROOT/Desktop/matcher/Datasets/Urban8k/audio/fold3/144068-5-4-3.wav,engine+engine_idling
/DATA_ROOT/Desktop/matcher/Datasets/Urban8k/audio/fold3/144068-5-4-4.wav,engine+engine_idling
/DATA_ROOT/Desktop/matcher/Datasets/Urban8k/audio/fold3/144068-5-4-5.wav,engine+engine_idling
/DATA_ROOT/Desktop/matcher/Datasets/Urban8k/audio/fold3/144068-5-4-6.wav,engine+engine_idling
/DATA_ROOT/Desktop/matcher/Datasets/Urban8k/audio/fold3/144068-5-4-7.wav,engine+engine_idling
/DATA_ROOT/Desktop/matcher/Datasets/Urban8k/audio/fold3/144068-5-4-8.wav,engine+engine_idling
/DATA_ROOT/Desktop/matcher/Datasets/Urban8k/audio/fold3/144068-5-5-0.wav,engine+engine_idling
/DATA_ROOT/Desktop/matcher/Datasets/Urban8k/audio/fold3/144068-5-5-1.wav,engine+engine_idling
/DATA_ROOT/Desktop/matcher/Datasets/Urban8k/audio/fold3/144068-5-5-2.wav,engine+engine_idling
/DATA_ROOT/Desktop/matcher/Datasets/Urban8k/audio/fold4/144351-4-0-0.wav,drilling
/DATA_ROOT/Desktop/matcher/Datasets/Urban8k/audio/fold4/144351-4-0-1.wav,drilling
/DATA_ROOT/Desktop/matcher/Datasets/Urban8k/audio/fold4/144351-4-0-2.wav,drilling
/DATA_ROOT/Desktop/matcher/Datasets/Urban8k/audio/fold4/144351-4-1-1.wav,drilling
/DATA_ROOT/Desktop/matcher/Datasets/Urban8k/audio/fold4/144351-4-2-0.wav,drilling
/DATA_ROOT/Desktop/matcher/Datasets/Urban8k/audio/fold4/144351-4-2-2.wav,drilling
/DATA_ROOT/Desktop/matcher/Datasets/Urban8k/audio/fold4/144351-4-2-4.wav,drilling
/DATA_ROOT/Desktop/matcher/Datasets/Urban8k/audio/fold4/144351-4-2-5.wav,drilling
/DATA_ROOT/Desktop/matcher/Datasets/Urban8k/audio/fold4/144351-4-2-6.wav,drilling
/DATA_ROOT/Desktop/matcher/Datasets/Urban8k/audio/fold4/144351-4-3-1.wav,drilling
/DATA_ROOT/Desktop/matcher/Datasets/Urban8k/audio/fold4/144351-4-3-10.wav,drilling
/DATA_ROOT/Desktop/matcher/Datasets/Urban8k/audio/fold4/144351-4-3-11.wav,drilling
/DATA_ROOT/Desktop/matcher/Datasets/Urban8k/audio/fold4/144351-4-3-12.wav,drilling
/DATA_ROOT/Desktop/matcher/Datasets/Urban8k/audio/fold4/144351-4-3-14.wav,drilling
/DATA_ROOT/Desktop/matcher/Datasets/Urban8k/audio/fold4/144351-4-3-15.wav,drilling
/DATA_ROOT/Desktop/matcher/Datasets/Urban8k/audio/fold4/144351-4-3-2.wav,drilling
/DATA_ROOT/Desktop/matcher/Datasets/Urban8k/audio/fold4/144351-4-3-3.wav,drilling
/DATA_ROOT/Desktop/matcher/Datasets/Urban8k/audio/fold4/144351-4-3-4.wav,drilling
/DATA_ROOT/Desktop/matcher/Datasets/Urban8k/audio/fold4/144351-4-3-5.wav,drilling
/DATA_ROOT/Desktop/matcher/Datasets/Urban8k/audio/fold4/144351-4-3-7.wav,drilling
/DATA_ROOT/Desktop/matcher/Datasets/Urban8k/audio/fold10/14470-2-0-10.wav,children_playing
/DATA_ROOT/Desktop/matcher/Datasets/Urban8k/audio/fold10/14470-2-0-14.wav,children_playing
/DATA_ROOT/Desktop/matcher/Datasets/Urban8k/audio/fold10/14470-2-0-21.wav,children_playing
/DATA_ROOT/Desktop/matcher/Datasets/Urban8k/audio/fold10/14470-2-0-4.wav,children_playing
/DATA_ROOT/Desktop/matcher/Datasets/Urban8k/audio/fold10/14470-2-0-56.wav,children_playing
/DATA_ROOT/Desktop/matcher/Datasets/Urban8k/audio/fold10/14470-2-0-65.wav,children_playing
/DATA_ROOT/Desktop/matcher/Datasets/Urban8k/audio/fold10/14470-2-0-70.wav,children_playing
/DATA_ROOT/Desktop/matcher/Datasets/Urban8k/audio/fold10/14470-2-0-72.wav,children_playing
/DATA_ROOT/Desktop/matcher/Datasets/Urban8k/audio/fold8/145206-6-0-0.wav,gun_shot
/DATA_ROOT/Desktop/matcher/Datasets/Urban8k/audio/fold8/145206-6-1-0.wav,gun_shot
/DATA_ROOT/Desktop/matcher/Datasets/Urban8k/audio/fold8/145206-6-2-0.wav,gun_shot
/DATA_ROOT/Desktop/matcher/Datasets/Urban8k/audio/fold8/145206-6-3-0.wav,gun_shot
/DATA_ROOT/Desktop/matcher/Datasets/Urban8k/audio/fold8/145206-6-4-0.wav,gun_shot
/DATA_ROOT/Desktop/matcher/Datasets/Urban8k/audio/fold8/145206-6-5-0.wav,gun_shot
/DATA_ROOT/Desktop/matcher/Datasets/Urban8k/audio/fold9/14527-9-0-0.wav,street_music
/DATA_ROOT/Desktop/matcher/Datasets/Urban8k/audio/fold9/14527-9-0-2.wav,street_music
/DATA_ROOT/Desktop/matcher/Datasets/Urban8k/audio/fold9/14527-9-0-3.wav,street_music
/DATA_ROOT/Desktop/matcher/Datasets/Urban8k/audio/fold9/14527-9-0-4.wav,street_music
/DATA_ROOT/Desktop/matcher/Datasets/Urban8k/audio/fold9/14527-9-0-5.wav,street_music
/DATA_ROOT/Desktop/matcher/Datasets/Urban8k/audio/fold9/14527-9-0-6.wav,street_music
/DATA_ROOT/Desktop/matcher/Datasets/Urban8k/audio/fold9/14527-9-0-7.wav,street_music
/DATA_ROOT/Desktop/matcher/Datasets/Urban8k/audio/fold9/145390-9-0-13.wav,street_music
/DATA_ROOT/Desktop/matcher/Datasets/Urban8k/audio/fold9/145390-9-0-15.wav,street_music
/DATA_ROOT/Desktop/matcher/Datasets/Urban8k/audio/fold9/145390-9-0-22.wav,street_music
/DATA_ROOT/Desktop/matcher/Datasets/Urban8k/audio/fold9/145390-9-0-26.wav,street_music
/DATA_ROOT/Desktop/matcher/Datasets/Urban8k/audio/fold9/145390-9-0-3.wav,street_music
/DATA_ROOT/Desktop/matcher/Datasets/Urban8k/audio/fold9/145390-9-0-34.wav,street_music
/DATA_ROOT/Desktop/matcher/Datasets/Urban8k/audio/fold9/145390-9-0-7.wav,street_music
/DATA_ROOT/Desktop/matcher/Datasets/Urban8k/audio/fold2/145608-6-0-0.wav,gun_shot
/DATA_ROOT/Desktop/matcher/Datasets/Urban8k/audio/fold2/145608-6-1-0.wav,gun_shot
/DATA_ROOT/Desktop/matcher/Datasets/Urban8k/audio/fold2/145608-6-2-0.wav,gun_shot
/DATA_ROOT/Desktop/matcher/Datasets/Urban8k/audio/fold2/145608-6-3-0.wav,gun_shot
/DATA_ROOT/Desktop/matcher/Datasets/Urban8k/audio/fold5/145609-6-0-0.wav,gun_shot
/DATA_ROOT/Desktop/matcher/Datasets/Urban8k/audio/fold5/145609-6-1-0.wav,gun_shot
/DATA_ROOT/Desktop/matcher/Datasets/Urban8k/audio/fold5/145611-6-0-0.wav,gun_shot
/DATA_ROOT/Desktop/matcher/Datasets/Urban8k/audio/fold5/145611-6-1-0.wav,gun_shot
/DATA_ROOT/Desktop/matcher/Datasets/Urban8k/audio/fold5/145611-6-2-0.wav,gun_shot
/DATA_ROOT/Desktop/matcher/Datasets/Urban8k/audio/fold5/145611-6-3-0.wav,gun_shot
/DATA_ROOT/Desktop/matcher/Datasets/Urban8k/audio/fold5/145611-6-4-0.wav,gun_shot
/DATA_ROOT/Desktop/matcher/Datasets/Urban8k/audio/fold8/145612-6-0-0.wav,gun_shot
/DATA_ROOT/Desktop/matcher/Datasets/Urban8k/audio/fold8/145612-6-1-0.wav,gun_shot
/DATA_ROOT/Desktop/matcher/Datasets/Urban8k/audio/fold8/145612-6-2-0.wav,gun_shot
/DATA_ROOT/Desktop/matcher/Datasets/Urban8k/audio/fold8/145612-6-3-0.wav,gun_shot
/DATA_ROOT/Desktop/matcher/Datasets/Urban8k/audio/fold9/145683-6-0-0.wav,gun_shot
/DATA_ROOT/Desktop/matcher/Datasets/Urban8k/audio/fold9/145683-6-1-0.wav,gun_shot
/DATA_ROOT/Desktop/matcher/Datasets/Urban8k/audio/fold9/145683-6-2-0.wav,gun_shot
/DATA_ROOT/Desktop/matcher/Datasets/Urban8k/audio/fold9/145683-6-3-0.wav,gun_shot
/DATA_ROOT/Desktop/matcher/Datasets/Urban8k/audio/fold9/145683-6-4-0.wav,gun_shot
/DATA_ROOT/Desktop/matcher/Datasets/Urban8k/audio/fold9/145683-6-5-0.wav,gun_shot
/DATA_ROOT/Desktop/matcher/Datasets/Urban8k/audio/fold1/146186-5-0-0.wav,engine+engine_idling
/DATA_ROOT/Desktop/matcher/Datasets/Urban8k/audio/fold1/146186-5-0-1.wav,engine+engine_idling
/DATA_ROOT/Desktop/matcher/Datasets/Urban8k/audio/fold1/146186-5-0-10.wav,engine+engine_idling
/DATA_ROOT/Desktop/matcher/Datasets/Urban8k/audio/fold1/146186-5-0-11.wav,engine+engine_idling
/DATA_ROOT/Desktop/matcher/Datasets/Urban8k/audio/fold1/146186-5-0-12.wav,engine+engine_idling
/DATA_ROOT/Desktop/matcher/Datasets/Urban8k/audio/fold1/146186-5-0-13.wav,engine+engine_idling
/DATA_ROOT/Desktop/matcher/Datasets/Urban8k/audio/fold1/146186-5-0-2.wav,engine+engine_idling
/DATA_ROOT/Desktop/matcher/Datasets/Urban8k/audio/fold1/146186-5-0-3.wav,engine+engine_idling
/DATA_ROOT/Desktop/matcher/Datasets/Urban8k/audio/fold1/146186-5-0-4.wav,engine+engine_idling
/DATA_ROOT/Desktop/matcher/Datasets/Urban8k/audio/fold1/146186-5-0-5.wav,engine+engine_idling
/DATA_ROOT/Desktop/matcher/Datasets/Urban8k/audio/fold1/146186-5-0-6.wav,engine+engine_idling
/DATA_ROOT/Desktop/matcher/Datasets/Urban8k/audio/fold1/146186-5-0-7.wav,engine+engine_idling
/DATA_ROOT/Desktop/matcher/Datasets/Urban8k/audio/fold1/146186-5-0-8.wav,engine+engine_idling
/DATA_ROOT/Desktop/matcher/Datasets/Urban8k/audio/fold1/146186-5-0-9.wav,engine+engine_idling
/DATA_ROOT/Desktop/matcher/Datasets/Urban8k/audio/fold10/146244-4-0-0.wav,drilling
/DATA_ROOT/Desktop/matcher/Datasets/Urban8k/audio/fold9/146249-4-0-0.wav,drilling
/DATA_ROOT/Desktop/matcher/Datasets/Urban8k/audio/fold2/146690-0-0-100.wav,air_conditioner
/DATA_ROOT/Desktop/matcher/Datasets/Urban8k/audio/fold2/146690-0-0-112.wav,air_conditioner
/DATA_ROOT/Desktop/matcher/Datasets/Urban8k/audio/fold2/146690-0-0-115.wav,air_conditioner
/DATA_ROOT/Desktop/matcher/Datasets/Urban8k/audio/fold2/146690-0-0-116.wav,air_conditioner
/DATA_ROOT/Desktop/matcher/Datasets/Urban8k/audio/fold2/146690-0-0-117.wav,air_conditioner
/DATA_ROOT/Desktop/matcher/Datasets/Urban8k/audio/fold2/146690-0-0-125.wav,air_conditioner
/DATA_ROOT/Desktop/matcher/Datasets/Urban8k/audio/fold2/146690-0-0-137.wav,air_conditioner
/DATA_ROOT/Desktop/matcher/Datasets/Urban8k/audio/fold2/146690-0-0-140.wav,air_conditioner
/DATA_ROOT/Desktop/matcher/Datasets/Urban8k/audio/fold2/146690-0-0-151.wav,air_conditioner
/DATA_ROOT/Desktop/matcher/Datasets/Urban8k/audio/fold2/146690-0-0-154.wav,air_conditioner
/DATA_ROOT/Desktop/matcher/Datasets/Urban8k/audio/fold2/146690-0-0-155.wav,air_conditioner
/DATA_ROOT/Desktop/matcher/Datasets/Urban8k/audio/fold2/146690-0-0-165.wav,air_conditioner
/DATA_ROOT/Desktop/matcher/Datasets/Urban8k/audio/fold2/146690-0-0-17.wav,air_conditioner
/DATA_ROOT/Desktop/matcher/Datasets/Urban8k/audio/fold2/146690-0-0-18.wav,air_conditioner
/DATA_ROOT/Desktop/matcher/Datasets/Urban8k/audio/fold2/146690-0-0-25.wav,air_conditioner
/DATA_ROOT/Desktop/matcher/Datasets/Urban8k/audio/fold2/146690-0-0-35.wav,air_conditioner
/DATA_ROOT/Desktop/matcher/Datasets/Urban8k/audio/fold2/146690-0-0-38.wav,air_conditioner
/DATA_ROOT/Desktop/matcher/Datasets/Urban8k/audio/fold2/146690-0-0-43.wav,air_conditioner
/DATA_ROOT/Desktop/matcher/Datasets/Urban8k/audio/fold2/146690-0-0-47.wav,air_conditioner
/DATA_ROOT/Desktop/matcher/Datasets/Urban8k/audio/fold2/146690-0-0-64.wav,air_conditioner
/DATA_ROOT/Desktop/matcher/Datasets/Urban8k/audio/fold2/146690-0-0-8.wav,air_conditioner
/DATA_ROOT/Desktop/matcher/Datasets/Urban8k/audio/fold2/146690-0-0-80.wav,air_conditioner
/DATA_ROOT/Desktop/matcher/Datasets/Urban8k/audio/fold2/146690-0-0-86.wav,air_conditioner
/DATA_ROOT/Desktop/matcher/Datasets/Urban8k/audio/fold2/146690-0-0-87.wav,air_conditioner
/DATA_ROOT/Desktop/matcher/Datasets/Urban8k/audio/fold2/146690-0-0-93.wav,air_conditioner
/DATA_ROOT/Desktop/matcher/Datasets/Urban8k/audio/fold4/146709-0-0-1.wav,air_conditioner
/DATA_ROOT/Desktop/matcher/Datasets/Urban8k/audio/fold4/146709-0-0-11.wav,air_conditioner
/DATA_ROOT/Desktop/matcher/Datasets/Urban8k/audio/fold4/146709-0-0-12.wav,air_conditioner
/DATA_ROOT/Desktop/matcher/Datasets/Urban8k/audio/fold4/146709-0-0-17.wav,air_conditioner
/DATA_ROOT/Desktop/matcher/Datasets/Urban8k/audio/fold4/146709-0-0-18.wav,air_conditioner
/DATA_ROOT/Desktop/matcher/Datasets/Urban8k/audio/fold4/146709-0-0-19.wav,air_conditioner
/DATA_ROOT/Desktop/matcher/Datasets/Urban8k/audio/fold4/146709-0-0-20.wav,air_conditioner
/DATA_ROOT/Desktop/matcher/Datasets/Urban8k/audio/fold4/146709-0-0-22.wav,air_conditioner
/DATA_ROOT/Desktop/matcher/Datasets/Urban8k/audio/fold4/146709-0-0-25.wav,air_conditioner
/DATA_ROOT/Desktop/matcher/Datasets/Urban8k/audio/fold4/146709-0-0-26.wav,air_conditioner
/DATA_ROOT/Desktop/matcher/Datasets/Urban8k/audio/fold4/146709-0-0-3.wav,air_conditioner
/DATA_ROOT/Desktop/matcher/Datasets/Urban8k/audio/fold4/146709-0-0-30.wav,air_conditioner
/DATA_ROOT/Desktop/matcher/Datasets/Urban8k/audio/fold4/146709-0-0-33.wav,air_conditioner
/DATA_ROOT/Desktop/matcher/Datasets/Urban8k/audio/fold4/146709-0-0-34.wav,air_conditioner
/DATA_ROOT/Desktop/matcher/Datasets/Urban8k/audio/fold4/146709-0-0-37.wav,air_conditioner
/DATA_ROOT/Desktop/matcher/Datasets/Urban8k/audio/fold4/146709-0-0-44.wav,air_conditioner
/DATA_ROOT/Desktop/matcher/Datasets/Urban8k/audio/fold4/146709-0-0-48.wav,air_conditioner
/DATA_ROOT/Desktop/matcher/Datasets/Urban8k/audio/fold4/146709-0-0-53.wav,air_conditioner
/DATA_ROOT/Desktop/matcher/Datasets/Urban8k/audio/fold4/146709-0-0-59.wav,air_conditioner
/DATA_ROOT/Desktop/matcher/Datasets/Urban8k/audio/fold4/146709-0-0-63.wav,air_conditioner
/DATA_ROOT/Desktop/matcher/Datasets/Urban8k/audio/fold4/146709-0-0-65.wav,air_conditioner
/DATA_ROOT/Desktop/matcher/Datasets/Urban8k/audio/fold4/146709-0-0-66.wav,air_conditioner
/DATA_ROOT/Desktop/matcher/Datasets/Urban8k/audio/fold4/146709-0-0-68.wav,air_conditioner
/DATA_ROOT/Desktop/matcher/Datasets/Urban8k/audio/fold4/146709-0-0-7.wav,air_conditioner
/DATA_ROOT/Desktop/matcher/Datasets/Urban8k/audio/fold3/146714-0-0-0.wav,air_conditioner
/DATA_ROOT/Desktop/matcher/Datasets/Urban8k/audio/fold3/146714-0-0-12.wav,air_conditioner
/DATA_ROOT/Desktop/matcher/Datasets/Urban8k/audio/fold3/146714-0-0-13.wav,air_conditioner
/DATA_ROOT/Desktop/matcher/Datasets/Urban8k/audio/fold3/146714-0-0-17.wav,air_conditioner
/DATA_ROOT/Desktop/matcher/Datasets/Urban8k/audio/fold3/146714-0-0-18.wav,air_conditioner
/DATA_ROOT/Desktop/matcher/Datasets/Urban8k/audio/fold3/146714-0-0-2.wav,air_conditioner
/DATA_ROOT/Desktop/matcher/Datasets/Urban8k/audio/fold3/146714-0-0-21.wav,air_conditioner
/DATA_ROOT/Desktop/matcher/Datasets/Urban8k/audio/fold3/146714-0-0-22.wav,air_conditioner
/DATA_ROOT/Desktop/matcher/Datasets/Urban8k/audio/fold3/146714-0-0-27.wav,air_conditioner
/DATA_ROOT/Desktop/matcher/Datasets/Urban8k/audio/fold3/146714-0-0-33.wav,air_conditioner
/DATA_ROOT/Desktop/matcher/Datasets/Urban8k/audio/fold3/146714-0-0-35.wav,air_conditioner
/DATA_ROOT/Desktop/matcher/Datasets/Urban8k/audio/fold3/146714-0-0-36.wav,air_conditioner
/DATA_ROOT/Desktop/matcher/Datasets/Urban8k/audio/fold3/146714-0-0-38.wav,air_conditioner
/DATA_ROOT/Desktop/matcher/Datasets/Urban8k/audio/fold3/146714-0-0-41.wav,air_conditioner
/DATA_ROOT/Desktop/matcher/Datasets/Urban8k/audio/fold3/146714-0-0-43.wav,air_conditioner
/DATA_ROOT/Desktop/matcher/Datasets/Urban8k/audio/fold3/146714-0-0-45.wav,air_conditioner
/DATA_ROOT/Desktop/matcher/Datasets/Urban8k/audio/fold3/146714-0-0-47.wav,air_conditioner
/DATA_ROOT/Desktop/matcher/Datasets/Urban8k/audio/fold3/146714-0-0-49.wav,air_conditioner
/DATA_ROOT/Desktop/matcher/Datasets/Urban8k/audio/fold3/146714-0-0-50.wav,air_conditioner
/DATA_ROOT/Desktop/matcher/Datasets/Urban8k/audio/fold3/146714-0-0-53.wav,air_conditioner
/DATA_ROOT/Desktop/matcher/Datasets/Urban8k/audio/fold3/146714-0-0-55.wav,air_conditioner
/DATA_ROOT/Desktop/matcher/Datasets/Urban8k/audio/fold3/146714-0-0-56.wav,air_conditioner
/DATA_ROOT/Desktop/matcher/Datasets/Urban8k/audio/fold3/146714-0-0-58.wav,air_conditioner
/DATA_ROOT/Desktop/matcher/Datasets/Urban8k/audio/fold3/146714-0-0-6.wav,air_conditioner
/DATA_ROOT/Desktop/matcher/Datasets/Urban8k/audio/fold7/146845-0-0-0.wav,air_conditioner
/DATA_ROOT/Desktop/matcher/Datasets/Urban8k/audio/fold7/146845-0-0-1.wav,air_conditioner
/DATA_ROOT/Desktop/matcher/Datasets/Urban8k/audio/fold7/146845-0-0-10.wav,air_conditioner
/DATA_ROOT/Desktop/matcher/Datasets/Urban8k/audio/fold7/146845-0-0-11.wav,air_conditioner
/DATA_ROOT/Desktop/matcher/Datasets/Urban8k/audio/fold7/146845-0-0-12.wav,air_conditioner
/DATA_ROOT/Desktop/matcher/Datasets/Urban8k/audio/fold7/146845-0-0-13.wav,air_conditioner
/DATA_ROOT/Desktop/matcher/Datasets/Urban8k/audio/fold7/146845-0-0-14.wav,air_conditioner
/DATA_ROOT/Desktop/matcher/Datasets/Urban8k/audio/fold7/146845-0-0-15.wav,air_conditioner
/DATA_ROOT/Desktop/matcher/Datasets/Urban8k/audio/fold7/146845-0-0-16.wav,air_conditioner
/DATA_ROOT/Desktop/matcher/Datasets/Urban8k/audio/fold7/146845-0-0-17.wav,air_conditioner
/DATA_ROOT/Desktop/matcher/Datasets/Urban8k/audio/fold7/146845-0-0-18.wav,air_conditioner
/DATA_ROOT/Desktop/matcher/Datasets/Urban8k/audio/fold7/146845-0-0-19.wav,air_conditioner
/DATA_ROOT/Desktop/matcher/Datasets/Urban8k/audio/fold7/146845-0-0-2.wav,air_conditioner
/DATA_ROOT/Desktop/matcher/Datasets/Urban8k/audio/fold7/146845-0-0-20.wav,air_conditioner
/DATA_ROOT/Desktop/matcher/Datasets/Urban8k/audio/fold7/146845-0-0-21.wav,air_conditioner
/DATA_ROOT/Desktop/matcher/Datasets/Urban8k/audio/fold7/146845-0-0-22.wav,air_conditioner
/DATA_ROOT/Desktop/matcher/Datasets/Urban8k/audio/fold7/146845-0-0-24.wav,air_conditioner
/DATA_ROOT/Desktop/matcher/Datasets/Urban8k/audio/fold7/146845-0-0-25.wav,air_conditioner
/DATA_ROOT/Desktop/matcher/Datasets/Urban8k/audio/fold7/146845-0-0-26.wav,air_conditioner
/DATA_ROOT/Desktop/matcher/Datasets/Urban8k/audio/fold7/146845-0-0-27.wav,air_conditioner
/DATA_ROOT/Desktop/matcher/Datasets/Urban8k/audio/fold7/146845-0-0-3.wav,air_conditioner
/DATA_ROOT/Desktop/matcher/Datasets/Urban8k/audio/fold7/146845-0-0-30.wav,air_conditioner
/DATA_ROOT/Desktop/matcher/Datasets/Urban8k/audio/fold7/146845-0-0-31.wav,air_conditioner
/DATA_ROOT/Desktop/matcher/Datasets/Urban8k/audio/fold7/146845-0-0-32.wav,air_conditioner
/DATA_ROOT/Desktop/matcher/Datasets/Urban8k/audio/fold7/146845-0-0-33.wav,air_conditioner
/DATA_ROOT/Desktop/matcher/Datasets/Urban8k/audio/fold7/146845-0-0-35.wav,air_conditioner
/DATA_ROOT/Desktop/matcher/Datasets/Urban8k/audio/fold7/146845-0-0-36.wav,air_conditioner
/DATA_ROOT/Desktop/matcher/Datasets/Urban8k/audio/fold7/146845-0-0-5.wav,air_conditioner
/DATA_ROOT/Desktop/matcher/Datasets/Urban8k/audio/fold7/146845-0-0-6.wav,air_conditioner
/DATA_ROOT/Desktop/matcher/Datasets/Urban8k/audio/fold7/146845-0-0-7.wav,air_conditioner
/DATA_ROOT/Desktop/matcher/Datasets/Urban8k/audio/fold7/146845-0-0-8.wav,air_conditioner
/DATA_ROOT/Desktop/matcher/Datasets/Urban8k/audio/fold7/146845-0-0-9.wav,air_conditioner
/DATA_ROOT/Desktop/matcher/Datasets/Urban8k/audio/fold8/147019-4-0-0.wav,drilling
/DATA_ROOT/Desktop/matcher/Datasets/Urban8k/audio/fold7/147317-6-0-0.wav,gun_shot
/DATA_ROOT/Desktop/matcher/Datasets/Urban8k/audio/fold10/147491-9-0-0.wav,street_music
/DATA_ROOT/Desktop/matcher/Datasets/Urban8k/audio/fold10/147491-9-0-5.wav,street_music
/DATA_ROOT/Desktop/matcher/Datasets/Urban8k/audio/fold10/147491-9-2-10.wav,street_music
/DATA_ROOT/Desktop/matcher/Datasets/Urban8k/audio/fold10/147491-9-2-25.wav,street_music
/DATA_ROOT/Desktop/matcher/Datasets/Urban8k/audio/fold10/147491-9-2-32.wav,street_music
/DATA_ROOT/Desktop/matcher/Datasets/Urban8k/audio/fold10/147491-9-2-6.wav,street_music
/DATA_ROOT/Desktop/matcher/Datasets/Urban8k/audio/fold7/14772-7-0-0.wav,jackhammer
/DATA_ROOT/Desktop/matcher/Datasets/Urban8k/audio/fold7/14772-7-1-0.wav,jackhammer
/DATA_ROOT/Desktop/matcher/Datasets/Urban8k/audio/fold7/14772-7-2-0.wav,jackhammer
/DATA_ROOT/Desktop/matcher/Datasets/Urban8k/audio/fold7/14772-7-3-0.wav,jackhammer
/DATA_ROOT/Desktop/matcher/Datasets/Urban8k/audio/fold7/14772-7-4-0.wav,jackhammer
/DATA_ROOT/Desktop/matcher/Datasets/Urban8k/audio/fold7/14772-7-5-0.wav,jackhammer
/DATA_ROOT/Desktop/matcher/Datasets/Urban8k/audio/fold7/14772-7-6-0.wav,jackhammer
/DATA_ROOT/Desktop/matcher/Datasets/Urban8k/audio/fold7/14772-7-7-0.wav,jackhammer
/DATA_ROOT/Desktop/matcher/Datasets/Urban8k/audio/fold7/14772-7-8-0.wav,jackhammer
/DATA_ROOT/Desktop/matcher/Datasets/Urban8k/audio/fold7/14772-7-9-0.wav,jackhammer
/DATA_ROOT/Desktop/matcher/Datasets/Urban8k/audio/fold1/147764-4-0-0.wav,drilling
/DATA_ROOT/Desktop/matcher/Datasets/Urban8k/audio/fold1/147764-4-1-0.wav,drilling
/DATA_ROOT/Desktop/matcher/Datasets/Urban8k/audio/fold1/147764-4-2-0.wav,drilling
/DATA_ROOT/Desktop/matcher/Datasets/Urban8k/audio/fold1/147764-4-3-0.wav,drilling
/DATA_ROOT/Desktop/matcher/Datasets/Urban8k/audio/fold1/147764-4-4-0.wav,drilling
/DATA_ROOT/Desktop/matcher/Datasets/Urban8k/audio/fold1/147764-4-4-1.wav,drilling
/DATA_ROOT/Desktop/matcher/Datasets/Urban8k/audio/fold1/147764-4-4-2.wav,drilling
/DATA_ROOT/Desktop/matcher/Datasets/Urban8k/audio/fold1/147764-4-5-0.wav,drilling
/DATA_ROOT/Desktop/matcher/Datasets/Urban8k/audio/fold1/147764-4-6-0.wav,drilling
/DATA_ROOT/Desktop/matcher/Datasets/Urban8k/audio/fold1/147764-4-7-0.wav,drilling
/DATA_ROOT/Desktop/matcher/Datasets/Urban8k/audio/fold1/147764-4-8-0.wav,drilling
/DATA_ROOT/Desktop/matcher/Datasets/Urban8k/audio/fold2/14780-9-0-0.wav,street_music
/DATA_ROOT/Desktop/matcher/Datasets/Urban8k/audio/fold2/14780-9-0-1.wav,street_music
/DATA_ROOT/Desktop/matcher/Datasets/Urban8k/audio/fold2/14780-9-0-2.wav,street_music
/DATA_ROOT/Desktop/matcher/Datasets/Urban8k/audio/fold2/147926-0-0-10.wav,air_conditioner
/DATA_ROOT/Desktop/matcher/Datasets/Urban8k/audio/fold2/147926-0-0-11.wav,air_conditioner
/DATA_ROOT/Desktop/matcher/Datasets/Urban8k/audio/fold2/147926-0-0-12.wav,air_conditioner
/DATA_ROOT/Desktop/matcher/Datasets/Urban8k/audio/fold2/147926-0-0-16.wav,air_conditioner
/DATA_ROOT/Desktop/matcher/Datasets/Urban8k/audio/fold2/147926-0-0-17.wav,air_conditioner
/DATA_ROOT/Desktop/matcher/Datasets/Urban8k/audio/fold2/147926-0-0-2.wav,air_conditioner
/DATA_ROOT/Desktop/matcher/Datasets/Urban8k/audio/fold2/147926-0-0-20.wav,air_conditioner
/DATA_ROOT/Desktop/matcher/Datasets/Urban8k/audio/fold2/147926-0-0-21.wav,air_conditioner
/DATA_ROOT/Desktop/matcher/Datasets/Urban8k/audio/fold2/147926-0-0-27.wav,air_conditioner
/DATA_ROOT/Desktop/matcher/Datasets/Urban8k/audio/fold2/147926-0-0-28.wav,air_conditioner
/DATA_ROOT/Desktop/matcher/Datasets/Urban8k/audio/fold2/147926-0-0-34.wav,air_conditioner
/DATA_ROOT/Desktop/matcher/Datasets/Urban8k/audio/fold2/147926-0-0-35.wav,air_conditioner
/DATA_ROOT/Desktop/matcher/Datasets/Urban8k/audio/fold2/147926-0-0-36.wav,air_conditioner
/DATA_ROOT/Desktop/matcher/Datasets/Urban8k/audio/fold2/147926-0-0-37.wav,air_conditioner
/DATA_ROOT/Desktop/matcher/Datasets/Urban8k/audio/fold2/147926-0-0-39.wav,air_conditioner
/DATA_ROOT/Desktop/matcher/Datasets/Urban8k/audio/fold2/147926-0-0-4.wav,air_conditioner
/DATA_ROOT/Desktop/matcher/Datasets/Urban8k/audio/fold2/147926-0-0-41.wav,air_conditioner
/DATA_ROOT/Desktop/matcher/Datasets/Urban8k/audio/fold2/147926-0-0-42.wav,air_conditioner
/DATA_ROOT/Desktop/matcher/Datasets/Urban8k/audio/fold2/147926-0-0-44.wav,air_conditioner
/DATA_ROOT/Desktop/matcher/Datasets/Urban8k/audio/fold2/147926-0-0-5.wav,air_conditioner
/DATA_ROOT/Desktop/matcher/Datasets/Urban8k/audio/fold2/147926-0-0-50.wav,air_conditioner
/DATA_ROOT/Desktop/matcher/Datasets/Urban8k/audio/fold2/147926-0-0-52.wav,air_conditioner
/DATA_ROOT/Desktop/matcher/Datasets/Urban8k/audio/fold2/147926-0-0-54.wav,air_conditioner
/DATA_ROOT/Desktop/matcher/Datasets/Urban8k/audio/fold2/147926-0-0-7.wav,air_conditioner
/DATA_ROOT/Desktop/matcher/Datasets/Urban8k/audio/fold9/148166-6-0-0.wav,gun_shot
/DATA_ROOT/Desktop/matcher/Datasets/Urban8k/audio/fold4/148463-7-2-0.wav,jackhammer
/DATA_ROOT/Desktop/matcher/Datasets/Urban8k/audio/fold4/148463-7-2-1.wav,jackhammer
/DATA_ROOT/Desktop/matcher/Datasets/Urban8k/audio/fold4/148463-7-2-2.wav,jackhammer
/DATA_ROOT/Desktop/matcher/Datasets/Urban8k/audio/fold4/148463-7-3-0.wav,jackhammer
/DATA_ROOT/Desktop/matcher/Datasets/Urban8k/audio/fold4/148463-7-3-1.wav,jackhammer
/DATA_ROOT/Desktop/matcher/Datasets/Urban8k/audio/fold4/148463-7-3-10.wav,jackhammer
/DATA_ROOT/Desktop/matcher/Datasets/Urban8k/audio/fold4/148463-7-3-2.wav,jackhammer
/DATA_ROOT/Desktop/matcher/Datasets/Urban8k/audio/fold4/148463-7-3-3.wav,jackhammer
/DATA_ROOT/Desktop/matcher/Datasets/Urban8k/audio/fold4/148463-7-3-4.wav,jackhammer
/DATA_ROOT/Desktop/matcher/Datasets/Urban8k/audio/fold4/148463-7-3-5.wav,jackhammer
/DATA_ROOT/Desktop/matcher/Datasets/Urban8k/audio/fold4/148463-7-3-6.wav,jackhammer
/DATA_ROOT/Desktop/matcher/Datasets/Urban8k/audio/fold4/148463-7-3-7.wav,jackhammer
/DATA_ROOT/Desktop/matcher/Datasets/Urban8k/audio/fold4/148463-7-3-8.wav,jackhammer
/DATA_ROOT/Desktop/matcher/Datasets/Urban8k/audio/fold4/148463-7-3-9.wav,jackhammer
/DATA_ROOT/Desktop/matcher/Datasets/Urban8k/audio/fold7/148827-6-0-0.wav,gun_shot
/DATA_ROOT/Desktop/matcher/Datasets/Urban8k/audio/fold7/148827-6-1-0.wav,gun_shot
/DATA_ROOT/Desktop/matcher/Datasets/Urban8k/audio/fold7/148827-6-2-0.wav,gun_shot
/DATA_ROOT/Desktop/matcher/Datasets/Urban8k/audio/fold7/148827-6-3-0.wav,gun_shot
/DATA_ROOT/Desktop/matcher/Datasets/Urban8k/audio/fold7/148827-6-4-0.wav,gun_shot
/DATA_ROOT/Desktop/matcher/Datasets/Urban8k/audio/fold7/148828-6-0-0.wav,gun_shot
/DATA_ROOT/Desktop/matcher/Datasets/Urban8k/audio/fold7/148828-6-1-0.wav,gun_shot
/DATA_ROOT/Desktop/matcher/Datasets/Urban8k/audio/fold6/148833-6-0-0.wav,gun_shot
/DATA_ROOT/Desktop/matcher/Datasets/Urban8k/audio/fold6/148833-6-1-0.wav,gun_shot
/DATA_ROOT/Desktop/matcher/Datasets/Urban8k/audio/fold6/148834-6-0-0.wav,gun_shot
/DATA_ROOT/Desktop/matcher/Datasets/Urban8k/audio/fold6/148835-6-0-0.wav,gun_shot
/DATA_ROOT/Desktop/matcher/Datasets/Urban8k/audio/fold6/148835-6-1-0.wav,gun_shot
/DATA_ROOT/Desktop/matcher/Datasets/Urban8k/audio/fold6/148835-6-2-0.wav,gun_shot
/DATA_ROOT/Desktop/matcher/Datasets/Urban8k/audio/fold6/148835-6-3-0.wav,gun_shot
/DATA_ROOT/Desktop/matcher/Datasets/Urban8k/audio/fold6/148835-6-4-0.wav,gun_shot
/DATA_ROOT/Desktop/matcher/Datasets/Urban8k/audio/fold4/148837-6-0-0.wav,gun_shot
/DATA_ROOT/Desktop/matcher/Datasets/Urban8k/audio/fold4/148837-6-1-0.wav,gun_shot
/DATA_ROOT/Desktop/matcher/Datasets/Urban8k/audio/fold4/148837-6-2-0.wav,gun_shot
/DATA_ROOT/Desktop/matcher/Datasets/Urban8k/audio/fold3/148838-6-0-0.wav,gun_shot
/DATA_ROOT/Desktop/matcher/Datasets/Urban8k/audio/fold3/148838-6-1-0.wav,gun_shot
/DATA_ROOT/Desktop/matcher/Datasets/Urban8k/audio/fold3/148838-6-2-0.wav,gun_shot
/DATA_ROOT/Desktop/matcher/Datasets/Urban8k/audio/fold5/148841-6-0-0.wav,gun_shot
/DATA_ROOT/Desktop/matcher/Datasets/Urban8k/audio/fold5/148841-6-1-0.wav,gun_shot
/DATA_ROOT/Desktop/matcher/Datasets/Urban8k/audio/fold5/148841-6-2-0.wav,gun_shot
/DATA_ROOT/Desktop/matcher/Datasets/Urban8k/audio/fold2/149177-6-0-0.wav,gun_shot
/DATA_ROOT/Desktop/matcher/Datasets/Urban8k/audio/fold7/149193-5-0-0.wav,engine+engine_idling
/DATA_ROOT/Desktop/matcher/Datasets/Urban8k/audio/fold7/149193-5-0-1.wav,engine+engine_idling
/DATA_ROOT/Desktop/matcher/Datasets/Urban8k/audio/fold7/149193-5-0-2.wav,engine+engine_idling
/DATA_ROOT/Desktop/matcher/Datasets/Urban8k/audio/fold7/149193-5-0-3.wav,engine+engine_idling
/DATA_ROOT/Desktop/matcher/Datasets/Urban8k/audio/fold7/149193-5-0-4.wav,engine+engine_idling
/DATA_ROOT/Desktop/matcher/Datasets/Urban8k/audio/fold7/149193-5-0-5.wav,engine+engine_idling
/DATA_ROOT/Desktop/matcher/Datasets/Urban8k/audio/fold2/149254-9-0-25.wav,street_music
/DATA_ROOT/Desktop/matcher/Datasets/Urban8k/audio/fold2/149254-9-0-29.wav,street_music
/DATA_ROOT/Desktop/matcher/Datasets/Urban8k/audio/fold2/149254-9-0-30.wav,street_music
/DATA_ROOT/Desktop/matcher/Datasets/Urban8k/audio/fold2/149254-9-0-42.wav,street_music
/DATA_ROOT/Desktop/matcher/Datasets/Urban8k/audio/fold2/149254-9-0-51.wav,street_music
/DATA_ROOT/Desktop/matcher/Datasets/Urban8k/audio/fold2/149254-9-0-56.wav,street_music
/DATA_ROOT/Desktop/matcher/Datasets/Urban8k/audio/fold9/149255-9-0-0.wav,street_music
/DATA_ROOT/Desktop/matcher/Datasets/Urban8k/audio/fold9/149255-9-0-13.wav,street_music
/DATA_ROOT/Desktop/matcher/Datasets/Urban8k/audio/fold9/149255-9-0-3.wav,street_music
/DATA_ROOT/Desktop/matcher/Datasets/Urban8k/audio/fold9/149255-9-0-4.wav,street_music
/DATA_ROOT/Desktop/matcher/Datasets/Urban8k/audio/fold9/149255-9-0-5.wav,street_music
/DATA_ROOT/Desktop/matcher/Datasets/Urban8k/audio/fold9/149255-9-0-7.wav,street_music
/DATA_ROOT/Desktop/matcher/Datasets/Urban8k/audio/fold2/149370-9-0-15.wav,street_music
/DATA_ROOT/Desktop/matcher/Datasets/Urban8k/audio/fold2/149370-9-0-19.wav,street_music
/DATA_ROOT/Desktop/matcher/Datasets/Urban8k/audio/fold2/149370-9-0-21.wav,street_music
/DATA_ROOT/Desktop/matcher/Datasets/Urban8k/audio/fold2/149370-9-0-22.wav,street_music
/DATA_ROOT/Desktop/matcher/Datasets/Urban8k/audio/fold2/149370-9-0-32.wav,street_music
/DATA_ROOT/Desktop/matcher/Datasets/Urban8k/audio/fold2/149370-9-0-37.wav,street_music
/DATA_ROOT/Desktop/matcher/Datasets/Urban8k/audio/fold9/149929-9-0-0.wav,street_music
/DATA_ROOT/Desktop/matcher/Datasets/Urban8k/audio/fold9/149929-9-0-2.wav,street_music
/DATA_ROOT/Desktop/matcher/Datasets/Urban8k/audio/fold9/149929-9-0-5.wav,street_music
/DATA_ROOT/Desktop/matcher/Datasets/Urban8k/audio/fold9/149929-9-1-0.wav,street_music
/DATA_ROOT/Desktop/matcher/Datasets/Urban8k/audio/fold9/149929-9-1-1.wav,street_music
/DATA_ROOT/Desktop/matcher/Datasets/Urban8k/audio/fold9/149929-9-1-4.wav,street_music
/DATA_ROOT/Desktop/matcher/Datasets/Urban8k/audio/fold4/151005-4-0-0.wav,drilling
/DATA_ROOT/Desktop/matcher/Datasets/Urban8k/audio/fold4/151005-4-0-1.wav,drilling
/DATA_ROOT/Desktop/matcher/Datasets/Urban8k/audio/fold4/151005-4-0-2.wav,drilling
/DATA_ROOT/Desktop/matcher/Datasets/Urban8k/audio/fold4/151005-4-0-3.wav,drilling
/DATA_ROOT/Desktop/matcher/Datasets/Urban8k/audio/fold4/151005-4-1-0.wav,drilling
/DATA_ROOT/Desktop/matcher/Datasets/Urban8k/audio/fold4/151005-4-1-1.wav,drilling
/DATA_ROOT/Desktop/matcher/Datasets/Urban8k/audio/fold4/151005-4-1-2.wav,drilling
/DATA_ROOT/Desktop/matcher/Datasets/Urban8k/audio/fold4/151005-4-2-0.wav,drilling
/DATA_ROOT/Desktop/matcher/Datasets/Urban8k/audio/fold4/151005-4-2-1.wav,drilling
/DATA_ROOT/Desktop/matcher/Datasets/Urban8k/audio/fold4/151005-4-3-0.wav,drilling
/DATA_ROOT/Desktop/matcher/Datasets/Urban8k/audio/fold4/151005-4-3-1.wav,drilling
/DATA_ROOT/Desktop/matcher/Datasets/Urban8k/audio/fold4/151005-4-3-2.wav,drilling
/DATA_ROOT/Desktop/matcher/Datasets/Urban8k/audio/fold7/151065-6-0-0.wav,gun_shot
/DATA_ROOT/Desktop/matcher/Datasets/Urban8k/audio/fold8/151069-6-0-0.wav,gun_shot
/DATA_ROOT/Desktop/matcher/Datasets/Urban8k/audio/fold3/151071-6-0-0.wav,gun_shot
/DATA_ROOT/Desktop/matcher/Datasets/Urban8k/audio/fold3/151149-2-0-11.wav,children_playing
/DATA_ROOT/Desktop/matcher/Datasets/Urban8k/audio/fold3/151149-2-0-12.wav,children_playing
/DATA_ROOT/Desktop/matcher/Datasets/Urban8k/audio/fold3/151149-2-0-15.wav,children_playing
/DATA_ROOT/Desktop/matcher/Datasets/Urban8k/audio/fold3/151149-2-0-22.wav,children_playing
/DATA_ROOT/Desktop/matcher/Datasets/Urban8k/audio/fold3/151149-2-0-3.wav,children_playing
/DATA_ROOT/Desktop/matcher/Datasets/Urban8k/audio/fold3/151149-2-0-4.wav,children_playing
/DATA_ROOT/Desktop/matcher/Datasets/Urban8k/audio/fold3/151149-2-0-54.wav,children_playing
/DATA_ROOT/Desktop/matcher/Datasets/Urban8k/audio/fold3/151149-2-0-56.wav,children_playing
/DATA_ROOT/Desktop/matcher/Datasets/Urban8k/audio/fold4/151877-5-0-0.wav,engine+engine_idling
/DATA_ROOT/Desktop/matcher/Datasets/Urban8k/audio/fold4/151877-5-1-0.wav,engine+engine_idling
/DATA_ROOT/Desktop/matcher/Datasets/Urban8k/audio/fold1/151977-0-0-0.wav,air_conditioner
/DATA_ROOT/Desktop/matcher/Datasets/Urban8k/audio/fold1/151977-0-0-1.wav,air_conditioner
/DATA_ROOT/Desktop/matcher/Datasets/Urban8k/audio/fold1/151977-0-0-10.wav,air_conditioner
/DATA_ROOT/Desktop/matcher/Datasets/Urban8k/audio/fold1/151977-0-0-11.wav,air_conditioner
/DATA_ROOT/Desktop/matcher/Datasets/Urban8k/audio/fold1/151977-0-0-12.wav,air_conditioner
/DATA_ROOT/Desktop/matcher/Datasets/Urban8k/audio/fold1/151977-0-0-13.wav,air_conditioner
/DATA_ROOT/Desktop/matcher/Datasets/Urban8k/audio/fold1/151977-0-0-2.wav,air_conditioner
/DATA_ROOT/Desktop/matcher/Datasets/Urban8k/audio/fold1/151977-0-0-3.wav,air_conditioner
/DATA_ROOT/Desktop/matcher/Datasets/Urban8k/audio/fold1/151977-0-0-4.wav,air_conditioner
/DATA_ROOT/Desktop/matcher/Datasets/Urban8k/audio/fold1/151977-0-0-5.wav,air_conditioner
/DATA_ROOT/Desktop/matcher/Datasets/Urban8k/audio/fold1/151977-0-0-6.wav,air_conditioner
/DATA_ROOT/Desktop/matcher/Datasets/Urban8k/audio/fold1/151977-0-0-7.wav,air_conditioner
/DATA_ROOT/Desktop/matcher/Datasets/Urban8k/audio/fold1/151977-0-0-8.wav,air_conditioner
/DATA_ROOT/Desktop/matcher/Datasets/Urban8k/audio/fold1/151977-0-0-9.wav,air_conditioner
/DATA_ROOT/Desktop/matcher/Datasets/Urban8k/audio/fold9/152570-9-0-0.wav,street_music
/DATA_ROOT/Desktop/matcher/Datasets/Urban8k/audio/fold9/152570-9-1-41.wav,street_music
/DATA_ROOT/Desktop/matcher/Datasets/Urban8k/audio/fold9/152570-9-1-42.wav,street_music
/DATA_ROOT/Desktop/matcher/Datasets/Urban8k/audio/fold9/152570-9-1-61.wav,street_music
/DATA_ROOT/Desktop/matcher/Datasets/Urban8k/audio/fold9/152570-9-1-63.wav,street_music
/DATA_ROOT/Desktop/matcher/Datasets/Urban8k/audio/fold9/152570-9-1-81.wav,street_music
/DATA_ROOT/Desktop/matcher/Datasets/Urban8k/audio/fold2/152908-5-0-0.wav,engine+engine_idling
/DATA_ROOT/Desktop/matcher/Datasets/Urban8k/audio/fold2/152908-5-0-1.wav,engine+engine_idling
/DATA_ROOT/Desktop/matcher/Datasets/Urban8k/audio/fold2/152908-5-0-10.wav,engine+engine_idling
/DATA_ROOT/Desktop/matcher/Datasets/Urban8k/audio/fold2/152908-5-0-11.wav,engine+engine_idling
/DATA_ROOT/Desktop/matcher/Datasets/Urban8k/audio/fold2/152908-5-0-12.wav,engine+engine_idling
/DATA_ROOT/Desktop/matcher/Datasets/Urban8k/audio/fold2/152908-5-0-13.wav,engine+engine_idling
/DATA_ROOT/Desktop/matcher/Datasets/Urban8k/audio/fold2/152908-5-0-2.wav,engine+engine_idling
/DATA_ROOT/Desktop/matcher/Datasets/Urban8k/audio/fold2/152908-5-0-3.wav,engine+engine_idling
/DATA_ROOT/Desktop/matcher/Datasets/Urban8k/audio/fold2/152908-5-0-4.wav,engine+engine_idling
/DATA_ROOT/Desktop/matcher/Datasets/Urban8k/audio/fold2/152908-5-0-5.wav,engine+engine_idling
/DATA_ROOT/Desktop/matcher/Datasets/Urban8k/audio/fold2/152908-5-0-6.wav,engine+engine_idling
/DATA_ROOT/Desktop/matcher/Datasets/Urban8k/audio/fold2/152908-5-0-7.wav,engine+engine_idling
/DATA_ROOT/Desktop/matcher/Datasets/Urban8k/audio/fold2/152908-5-0-8.wav,engine+engine_idling
/DATA_ROOT/Desktop/matcher/Datasets/Urban8k/audio/fold2/152908-5-0-9.wav,engine+engine_idling
/DATA_ROOT/Desktop/matcher/Datasets/Urban8k/audio/fold3/153261-0-0-0.wav,air_conditioner
/DATA_ROOT/Desktop/matcher/Datasets/Urban8k/audio/fold3/153261-0-0-1.wav,air_conditioner
/DATA_ROOT/Desktop/matcher/Datasets/Urban8k/audio/fold3/153261-0-0-2.wav,air_conditioner
/DATA_ROOT/Desktop/matcher/Datasets/Urban8k/audio/fold3/153261-0-0-3.wav,air_conditioner
/DATA_ROOT/Desktop/matcher/Datasets/Urban8k/audio/fold3/15356-2-0-0.wav,children_playing
/DATA_ROOT/Desktop/matcher/Datasets/Urban8k/audio/fold3/15356-2-0-1.wav,children_playing
/DATA_ROOT/Desktop/matcher/Datasets/Urban8k/audio/fold3/15356-2-0-2.wav,children_playing
/DATA_ROOT/Desktop/matcher/Datasets/Urban8k/audio/fold3/15356-2-0-3.wav,children_playing
/DATA_ROOT/Desktop/matcher/Datasets/Urban8k/audio/fold3/15356-2-0-4.wav,children_playing
/DATA_ROOT/Desktop/matcher/Datasets/Urban8k/audio/fold4/154758-5-0-0.wav,engine+engine_idling
/DATA_ROOT/Desktop/matcher/Datasets/Urban8k/audio/fold4/154758-5-0-1.wav,engine+engine_idling
/DATA_ROOT/Desktop/matcher/Datasets/Urban8k/audio/fold4/154758-5-0-10.wav,engine+engine_idling
/DATA_ROOT/Desktop/matcher/Datasets/Urban8k/audio/fold4/154758-5-0-11.wav,engine+engine_idling
/DATA_ROOT/Desktop/matcher/Datasets/Urban8k/audio/fold4/154758-5-0-12.wav,engine+engine_idling
/DATA_ROOT/Desktop/matcher/Datasets/Urban8k/audio/fold4/154758-5-0-13.wav,engine+engine_idling
/DATA_ROOT/Desktop/matcher/Datasets/Urban8k/audio/fold4/154758-5-0-14.wav,engine+engine_idling
/DATA_ROOT/Desktop/matcher/Datasets/Urban8k/audio/fold4/154758-5-0-15.wav,engine+engine_idling
/DATA_ROOT/Desktop/matcher/Datasets/Urban8k/audio/fold4/154758-5-0-16.wav,engine+engine_idling
/DATA_ROOT/Desktop/matcher/Datasets/Urban8k/audio/fold4/154758-5-0-17.wav,engine+engine_idling
/DATA_ROOT/Desktop/matcher/Datasets/Urban8k/audio/fold4/154758-5-0-18.wav,engine+engine_idling
/DATA_ROOT/Desktop/matcher/Datasets/Urban8k/audio/fold4/154758-5-0-19.wav,engine+engine_idling
/DATA_ROOT/Desktop/matcher/Datasets/Urban8k/audio/fold4/154758-5-0-2.wav,engine+engine_idling
/DATA_ROOT/Desktop/matcher/Datasets/Urban8k/audio/fold4/154758-5-0-20.wav,engine+engine_idling
/DATA_ROOT/Desktop/matcher/Datasets/Urban8k/audio/fold4/154758-5-0-21.wav,engine+engine_idling
/DATA_ROOT/Desktop/matcher/Datasets/Urban8k/audio/fold4/154758-5-0-3.wav,engine+engine_idling
/DATA_ROOT/Desktop/matcher/Datasets/Urban8k/audio/fold4/154758-5-0-4.wav,engine+engine_idling
/DATA_ROOT/Desktop/matcher/Datasets/Urban8k/audio/fold4/154758-5-0-5.wav,engine+engine_idling
/DATA_ROOT/Desktop/matcher/Datasets/Urban8k/audio/fold4/154758-5-0-6.wav,engine+engine_idling
/DATA_ROOT/Desktop/matcher/Datasets/Urban8k/audio/fold4/154758-5-0-7.wav,engine+engine_idling
/DATA_ROOT/Desktop/matcher/Datasets/Urban8k/audio/fold4/154758-5-0-8.wav,engine+engine_idling
/DATA_ROOT/Desktop/matcher/Datasets/Urban8k/audio/fold4/154758-5-0-9.wav,engine+engine_idling
/DATA_ROOT/Desktop/matcher/Datasets/Urban8k/audio/fold9/155044-9-0-11.wav,street_music
/DATA_ROOT/Desktop/matcher/Datasets/Urban8k/audio/fold9/155044-9-0-15.wav,street_music
/DATA_ROOT/Desktop/matcher/Datasets/Urban8k/audio/fold9/155044-9-0-19.wav,street_music
/DATA_ROOT/Desktop/matcher/Datasets/Urban8k/audio/fold9/155044-9-0-3.wav,street_music
/DATA_ROOT/Desktop/matcher/Datasets/Urban8k/audio/fold9/155044-9-0-37.wav,street_music
/DATA_ROOT/Desktop/matcher/Datasets/Urban8k/audio/fold9/155044-9-0-38.wav,street_music
/DATA_ROOT/Desktop/matcher/Datasets/Urban8k/audio/fold6/155127-9-0-2.wav,street_music
/DATA_ROOT/Desktop/matcher/Datasets/Urban8k/audio/fold6/155127-9-1-2.wav,street_music
/DATA_ROOT/Desktop/matcher/Datasets/Urban8k/audio/fold6/155127-9-1-23.wav,street_music
/DATA_ROOT/Desktop/matcher/Datasets/Urban8k/audio/fold6/155127-9-1-24.wav,street_music
/DATA_ROOT/Desktop/matcher/Datasets/Urban8k/audio/fold6/155127-9-1-25.wav,street_music
/DATA_ROOT/Desktop/matcher/Datasets/Urban8k/audio/fold6/155127-9-1-27.wav,street_music
/DATA_ROOT/Desktop/matcher/Datasets/Urban8k/audio/fold1/155202-9-0-124.wav,street_music
/DATA_ROOT/Desktop/matcher/Datasets/Urban8k/audio/fold1/155202-9-0-126.wav,street_music
/DATA_ROOT/Desktop/matcher/Datasets/Urban8k/audio/fold1/155202-9-0-135.wav,street_music
/DATA_ROOT/Desktop/matcher/Datasets/Urban8k/audio/fold1/155202-9-0-38.wav,street_music
/DATA_ROOT/Desktop/matcher/Datasets/Urban8k/audio/fold1/155202-9-0-42.wav,street_music
/DATA_ROOT/Desktop/matcher/Datasets/Urban8k/audio/fold1/155202-9-0-6.wav,street_music
/DATA_ROOT/Desktop/matcher/Datasets/Urban8k/audio/fold6/155212-9-0-13.wav,street_music
/DATA_ROOT/Desktop/matcher/Datasets/Urban8k/audio/fold6/155212-9-1-14.wav,street_music
/DATA_ROOT/Desktop/matcher/Datasets/Urban8k/audio/fold6/155212-9-1-49.wav,street_music
/DATA_ROOT/Desktop/matcher/Datasets/Urban8k/audio/fold6/155212-9-1-75.wav,street_music
/DATA_ROOT/Desktop/matcher/Datasets/Urban8k/audio/fold6/155212-9-1-85.wav,street_music
/DATA_ROOT/Desktop/matcher/Datasets/Urban8k/audio/fold6/155212-9-1-88.wav,street_music
/DATA_ROOT/Desktop/matcher/Datasets/Urban8k/audio/fold8/155217-9-0-27.wav,street_music
/DATA_ROOT/Desktop/matcher/Datasets/Urban8k/audio/fold8/155217-9-0-39.wav,street_music
/DATA_ROOT/Desktop/matcher/Datasets/Urban8k/audio/fold8/155217-9-0-57.wav,street_music
/DATA_ROOT/Desktop/matcher/Datasets/Urban8k/audio/fold8/155217-9-0-85.wav,street_music
/DATA_ROOT/Desktop/matcher/Datasets/Urban8k/audio/fold8/155217-9-1-24.wav,street_music
/DATA_ROOT/Desktop/matcher/Datasets/Urban8k/audio/fold8/155217-9-1-58.wav,street_music
/DATA_ROOT/Desktop/matcher/Datasets/Urban8k/audio/fold2/155219-2-0-0.wav,children_playing
/DATA_ROOT/Desktop/matcher/Datasets/Urban8k/audio/fold2/155219-2-0-1.wav,children_playing
/DATA_ROOT/Desktop/matcher/Datasets/Urban8k/audio/fold2/155219-2-0-22.wav,children_playing
/DATA_ROOT/Desktop/matcher/Datasets/Urban8k/audio/fold2/155219-2-0-24.wav,children_playing
/DATA_ROOT/Desktop/matcher/Datasets/Urban8k/audio/fold2/155219-2-0-25.wav,children_playing
/DATA_ROOT/Desktop/matcher/Datasets/Urban8k/audio/fold2/155219-2-0-26.wav,children_playing
/DATA_ROOT/Desktop/matcher/Datasets/Urban8k/audio/fold2/155219-2-0-51.wav,children_playing
/DATA_ROOT/Desktop/matcher/Datasets/Urban8k/audio/fold2/155219-2-0-57.wav,children_playing
/DATA_ROOT/Desktop/matcher/Datasets/Urban8k/audio/fold3/155227-9-0-2.wav,street_music
/DATA_ROOT/Desktop/matcher/Datasets/Urban8k/audio/fold3/155227-9-0-20.wav,street_music
/DATA_ROOT/Desktop/matcher/Datasets/Urban8k/audio/fold3/155227-9-0-23.wav,street_music
/DATA_ROOT/Desktop/matcher/Datasets/Urban8k/audio/fold3/155227-9-0-24.wav,street_music
/DATA_ROOT/Desktop/matcher/Datasets/Urban8k/audio/fold3/155227-9-0-27.wav,street_music
/DATA_ROOT/Desktop/matcher/Datasets/Urban8k/audio/fold3/155227-9-0-3.wav,street_music
/DATA_ROOT/Desktop/matcher/Datasets/Urban8k/audio/fold7/155238-2-0-17.wav,children_playing
/DATA_ROOT/Desktop/matcher/Datasets/Urban8k/audio/fold7/155238-2-0-3.wav,children_playing
/DATA_ROOT/Desktop/matcher/Datasets/Urban8k/audio/fold7/155238-2-0-31.wav,children_playing
/DATA_ROOT/Desktop/matcher/Datasets/Urban8k/audio/fold7/155238-2-0-36.wav,children_playing
/DATA_ROOT/Desktop/matcher/Datasets/Urban8k/audio/fold7/155238-2-0-47.wav,children_playing
/DATA_ROOT/Desktop/matcher/Datasets/Urban8k/audio/fold7/155238-2-0-67.wav,children_playing
/DATA_ROOT/Desktop/matcher/Datasets/Urban8k/audio/fold7/155238-2-0-75.wav,children_playing
/DATA_ROOT/Desktop/matcher/Datasets/Urban8k/audio/fold7/155238-2-0-97.wav,children_playing
/DATA_ROOT/Desktop/matcher/Datasets/Urban8k/audio/fold10/155241-9-0-50.wav,street_music
/DATA_ROOT/Desktop/matcher/Datasets/Urban8k/audio/fold10/155241-9-0-56.wav,street_music
/DATA_ROOT/Desktop/matcher/Datasets/Urban8k/audio/fold10/155241-9-0-69.wav,street_music
/DATA_ROOT/Desktop/matcher/Datasets/Urban8k/audio/fold10/155241-9-0-79.wav,street_music
/DATA_ROOT/Desktop/matcher/Datasets/Urban8k/audio/fold10/155241-9-0-8.wav,street_music
/DATA_ROOT/Desktop/matcher/Datasets/Urban8k/audio/fold10/155241-9-0-88.wav,street_music
/DATA_ROOT/Desktop/matcher/Datasets/Urban8k/audio/fold9/155242-9-0-12.wav,street_music
/DATA_ROOT/Desktop/matcher/Datasets/Urban8k/audio/fold9/155242-9-0-15.wav,street_music
/DATA_ROOT/Desktop/matcher/Datasets/Urban8k/audio/fold9/155242-9-0-27.wav,street_music
/DATA_ROOT/Desktop/matcher/Datasets/Urban8k/audio/fold9/155242-9-0-35.wav,street_music
/DATA_ROOT/Desktop/matcher/Datasets/Urban8k/audio/fold9/155242-9-0-4.wav,street_music
/DATA_ROOT/Desktop/matcher/Datasets/Urban8k/audio/fold9/155242-9-0-44.wav,street_music
/DATA_ROOT/Desktop/matcher/Datasets/Urban8k/audio/fold5/155243-9-0-18.wav,street_music
/DATA_ROOT/Desktop/matcher/Datasets/Urban8k/audio/fold5/155243-9-0-24.wav,street_music
/DATA_ROOT/Desktop/matcher/Datasets/Urban8k/audio/fold5/155243-9-0-32.wav,street_music
/DATA_ROOT/Desktop/matcher/Datasets/Urban8k/audio/fold5/155243-9-0-42.wav,street_music
/DATA_ROOT/Desktop/matcher/Datasets/Urban8k/audio/fold5/155243-9-0-53.wav,street_music
/DATA_ROOT/Desktop/matcher/Datasets/Urban8k/audio/fold5/155243-9-0-55.wav,street_music
/DATA_ROOT/Desktop/matcher/Datasets/Urban8k/audio/fold10/155262-2-0-101.wav,children_playing
/DATA_ROOT/Desktop/matcher/Datasets/Urban8k/audio/fold10/155262-2-0-11.wav,children_playing
/DATA_ROOT/Desktop/matcher/Datasets/Urban8k/audio/fold10/155262-2-0-15.wav,children_playing
/DATA_ROOT/Desktop/matcher/Datasets/Urban8k/audio/fold10/155262-2-0-2.wav,children_playing
/DATA_ROOT/Desktop/matcher/Datasets/Urban8k/audio/fold10/155262-2-0-21.wav,children_playing
/DATA_ROOT/Desktop/matcher/Datasets/Urban8k/audio/fold10/155262-2-0-48.wav,children_playing
/DATA_ROOT/Desktop/matcher/Datasets/Urban8k/audio/fold10/155262-2-0-58.wav,children_playing
/DATA_ROOT/Desktop/matcher/Datasets/Urban8k/audio/fold10/155262-2-0-63.wav,children_playing
/DATA_ROOT/Desktop/matcher/Datasets/Urban8k/audio/fold3/155263-2-0-12.wav,children_playing
/DATA_ROOT/Desktop/matcher/Datasets/Urban8k/audio/fold3/155263-2-0-22.wav,children_playing
/DATA_ROOT/Desktop/matcher/Datasets/Urban8k/audio/fold3/155263-2-0-23.wav,children_playing
/DATA_ROOT/Desktop/matcher/Datasets/Urban8k/audio/fold3/155263-2-0-34.wav,children_playing
/DATA_ROOT/Desktop/matcher/Datasets/Urban8k/audio/fold3/155263-2-0-43.wav,children_playing
/DATA_ROOT/Desktop/matcher/Datasets/Urban8k/audio/fold3/155263-2-0-50.wav,children_playing
/DATA_ROOT/Desktop/matcher/Datasets/Urban8k/audio/fold3/155263-2-0-57.wav,children_playing
/DATA_ROOT/Desktop/matcher/Datasets/Urban8k/audio/fold3/155263-2-0-61.wav,children_playing
/DATA_ROOT/Desktop/matcher/Datasets/Urban8k/audio/fold10/155280-2-0-10.wav,children_playing
/DATA_ROOT/Desktop/matcher/Datasets/Urban8k/audio/fold10/155280-2-0-11.wav,children_playing
/DATA_ROOT/Desktop/matcher/Datasets/Urban8k/audio/fold10/155280-2-0-13.wav,children_playing
/DATA_ROOT/Desktop/matcher/Datasets/Urban8k/audio/fold10/155280-2-0-15.wav,children_playing
/DATA_ROOT/Desktop/matcher/Datasets/Urban8k/audio/fold10/155280-2-0-3.wav,children_playing
/DATA_ROOT/Desktop/matcher/Datasets/Urban8k/audio/fold10/155280-2-0-5.wav,children_playing
/DATA_ROOT/Desktop/matcher/Datasets/Urban8k/audio/fold10/155280-2-0-6.wav,children_playing
/DATA_ROOT/Desktop/matcher/Datasets/Urban8k/audio/fold10/155280-2-0-7.wav,children_playing
/DATA_ROOT/Desktop/matcher/Datasets/Urban8k/audio/fold10/15544-5-0-0.wav,engine+engine_idling
/DATA_ROOT/Desktop/matcher/Datasets/Urban8k/audio/fold10/15544-5-0-1.wav,engine+engine_idling
/DATA_ROOT/Desktop/matcher/Datasets/Urban8k/audio/fold10/15544-5-0-10.wav,engine+engine_idling
/DATA_ROOT/Desktop/matcher/Datasets/Urban8k/audio/fold10/15544-5-0-11.wav,engine+engine_idling
/DATA_ROOT/Desktop/matcher/Datasets/Urban8k/audio/fold10/15544-5-0-12.wav,engine+engine_idling
/DATA_ROOT/Desktop/matcher/Datasets/Urban8k/audio/fold10/15544-5-0-13.wav,engine+engine_idling
/DATA_ROOT/Desktop/matcher/Datasets/Urban8k/audio/fold10/15544-5-0-14.wav,engine+engine_idling
/DATA_ROOT/Desktop/matcher/Datasets/Urban8k/audio/fold10/15544-5-0-15.wav,engine+engine_idling
/DATA_ROOT/Desktop/matcher/Datasets/Urban8k/audio/fold10/15544-5-0-16.wav,engine+engine_idling
/DATA_ROOT/Desktop/matcher/Datasets/Urban8k/audio/fold10/15544-5-0-17.wav,engine+engine_idling
/DATA_ROOT/Desktop/matcher/Datasets/Urban8k/audio/fold10/15544-5-0-18.wav,engine+engine_idling
/DATA_ROOT/Desktop/matcher/Datasets/Urban8k/audio/fold10/15544-5-0-19.wav,engine+engine_idling
/DATA_ROOT/Desktop/matcher/Datasets/Urban8k/audio/fold10/15544-5-0-2.wav,engine+engine_idling
/DATA_ROOT/Desktop/matcher/Datasets/Urban8k/audio/fold10/15544-5-0-3.wav,engine+engine_idling
/DATA_ROOT/Desktop/matcher/Datasets/Urban8k/audio/fold10/15544-5-0-4.wav,engine+engine_idling
/DATA_ROOT/Desktop/matcher/Datasets/Urban8k/audio/fold10/15544-5-0-5.wav,engine+engine_idling
/DATA_ROOT/Desktop/matcher/Datasets/Urban8k/audio/fold10/15544-5-0-6.wav,engine+engine_idling
/DATA_ROOT/Desktop/matcher/Datasets/Urban8k/audio/fold10/15544-5-0-7.wav,engine+engine_idling
/DATA_ROOT/Desktop/matcher/Datasets/Urban8k/audio/fold10/15544-5-0-8.wav,engine+engine_idling
/DATA_ROOT/Desktop/matcher/Datasets/Urban8k/audio/fold10/15544-5-0-9.wav,engine+engine_idling
/DATA_ROOT/Desktop/matcher/Datasets/Urban8k/audio/fold1/15564-2-0-0.wav,children_playing
/DATA_ROOT/Desktop/matcher/Datasets/Urban8k/audio/fold1/15564-2-0-1.wav,children_playing
/DATA_ROOT/Desktop/matcher/Datasets/Urban8k/audio/fold1/15564-2-0-2.wav,children_playing
/DATA_ROOT/Desktop/matcher/Datasets/Urban8k/audio/fold9/156200-2-0-0.wav,children_playing
/DATA_ROOT/Desktop/matcher/Datasets/Urban8k/audio/fold8/156358-5-0-0.wav,engine+engine_idling
/DATA_ROOT/Desktop/matcher/Datasets/Urban8k/audio/fold8/156358-5-0-1.wav,engine+engine_idling
/DATA_ROOT/Desktop/matcher/Datasets/Urban8k/audio/fold8/156358-5-0-2.wav,engine+engine_idling
/DATA_ROOT/Desktop/matcher/Datasets/Urban8k/audio/fold8/156358-5-0-3.wav,engine+engine_idling
/DATA_ROOT/Desktop/matcher/Datasets/Urban8k/audio/fold8/156358-5-0-4.wav,engine+engine_idling
/DATA_ROOT/Desktop/matcher/Datasets/Urban8k/audio/fold8/156358-5-0-5.wav,engine+engine_idling
/DATA_ROOT/Desktop/matcher/Datasets/Urban8k/audio/fold8/156358-5-0-6.wav,engine+engine_idling
/DATA_ROOT/Desktop/matcher/Datasets/Urban8k/audio/fold4/156362-4-0-0.wav,drilling
/DATA_ROOT/Desktop/matcher/Datasets/Urban8k/audio/fold4/156362-4-0-1.wav,drilling
/DATA_ROOT/Desktop/matcher/Datasets/Urban8k/audio/fold4/156362-4-0-2.wav,drilling
/DATA_ROOT/Desktop/matcher/Datasets/Urban8k/audio/fold4/156362-4-0-3.wav,drilling
/DATA_ROOT/Desktop/matcher/Datasets/Urban8k/audio/fold4/156362-4-1-0.wav,drilling
/DATA_ROOT/Desktop/matcher/Datasets/Urban8k/audio/fold4/156362-4-2-0.wav,drilling
/DATA_ROOT/Desktop/matcher/Datasets/Urban8k/audio/fold4/156362-4-2-1.wav,drilling
/DATA_ROOT/Desktop/matcher/Datasets/Urban8k/audio/fold4/156362-4-3-0.wav,drilling
/DATA_ROOT/Desktop/matcher/Datasets/Urban8k/audio/fold4/156362-4-3-1.wav,drilling
/DATA_ROOT/Desktop/matcher/Datasets/Urban8k/audio/fold4/156362-4-3-2.wav,drilling
/DATA_ROOT/Desktop/matcher/Datasets/Urban8k/audio/fold4/156362-4-3-3.wav,drilling
/DATA_ROOT/Desktop/matcher/Datasets/Urban8k/audio/fold4/156362-4-3-4.wav,drilling
/DATA_ROOT/Desktop/matcher/Datasets/Urban8k/audio/fold4/156362-4-3-5.wav,drilling
/DATA_ROOT/Desktop/matcher/Datasets/Urban8k/audio/fold4/156362-4-3-6.wav,drilling
/DATA_ROOT/Desktop/matcher/Datasets/Urban8k/audio/fold4/156362-4-3-7.wav,drilling
/DATA_ROOT/Desktop/matcher/Datasets/Urban8k/audio/fold4/156362-4-3-8.wav,drilling
/DATA_ROOT/Desktop/matcher/Datasets/Urban8k/audio/fold5/156634-5-0-0.wav,engine+engine_idling
/DATA_ROOT/Desktop/matcher/Datasets/Urban8k/audio/fold5/156634-5-0-1.wav,engine+engine_idling
/DATA_ROOT/Desktop/matcher/Datasets/Urban8k/audio/fold5/156634-5-0-10.wav,engine+engine_idling
/DATA_ROOT/Desktop/matcher/Datasets/Urban8k/audio/fold5/156634-5-0-11.wav,engine+engine_idling
/DATA_ROOT/Desktop/matcher/Datasets/Urban8k/audio/fold5/156634-5-0-12.wav,engine+engine_idling
/DATA_ROOT/Desktop/matcher/Datasets/Urban8k/audio/fold5/156634-5-0-2.wav,engine+engine_idling
/DATA_ROOT/Desktop/matcher/Datasets/Urban8k/audio/fold5/156634-5-0-3.wav,engine+engine_idling
/DATA_ROOT/Desktop/matcher/Datasets/Urban8k/audio/fold5/156634-5-0-4.wav,engine+engine_idling
/DATA_ROOT/Desktop/matcher/Datasets/Urban8k/audio/fold5/156634-5-0-5.wav,engine+engine_idling
/DATA_ROOT/Desktop/matcher/Datasets/Urban8k/audio/fold5/156634-5-0-6.wav,engine+engine_idling
/DATA_ROOT/Desktop/matcher/Datasets/Urban8k/audio/fold5/156634-5-0-7.wav,engine+engine_idling
/DATA_ROOT/Desktop/matcher/Datasets/Urban8k/audio/fold5/156634-5-0-8.wav,engine+engine_idling
/DATA_ROOT/Desktop/matcher/Datasets/Urban8k/audio/fold5/156634-5-0-9.wav,engine+engine_idling
/DATA_ROOT/Desktop/matcher/Datasets/Urban8k/audio/fold5/156634-5-1-0.wav,engine+engine_idling
/DATA_ROOT/Desktop/matcher/Datasets/Urban8k/audio/fold5/156634-5-2-0.wav,engine+engine_idling
/DATA_ROOT/Desktop/matcher/Datasets/Urban8k/audio/fold5/156634-5-2-1.wav,engine+engine_idling
/DATA_ROOT/Desktop/matcher/Datasets/Urban8k/audio/fold5/156634-5-2-2.wav,engine+engine_idling
/DATA_ROOT/Desktop/matcher/Datasets/Urban8k/audio/fold5/156634-5-2-3.wav,engine+engine_idling
/DATA_ROOT/Desktop/matcher/Datasets/Urban8k/audio/fold5/156634-5-2-4.wav,engine+engine_idling
/DATA_ROOT/Desktop/matcher/Datasets/Urban8k/audio/fold5/156634-5-2-5.wav,engine+engine_idling
/DATA_ROOT/Desktop/matcher/Datasets/Urban8k/audio/fold5/156634-5-2-6.wav,engine+engine_idling
/DATA_ROOT/Desktop/matcher/Datasets/Urban8k/audio/fold5/156634-5-2-7.wav,engine+engine_idling
/DATA_ROOT/Desktop/matcher/Datasets/Urban8k/audio/fold5/156634-5-2-8.wav,engine+engine_idling
/DATA_ROOT/Desktop/matcher/Datasets/Urban8k/audio/fold2/156893-7-0-0.wav,jackhammer
/DATA_ROOT/Desktop/matcher/Datasets/Urban8k/audio/fold2/156893-7-1-0.wav,jackhammer
/DATA_ROOT/Desktop/matcher/Datasets/Urban8k/audio/fold2/156893-7-10-0.wav,jackhammer
/DATA_ROOT/Desktop/matcher/Datasets/Urban8k/audio/fold2/156893-7-11-0.wav,jackhammer
/DATA_ROOT/Desktop/matcher/Datasets/Urban8k/audio/fold2/156893-7-2-0.wav,jackhammer
/DATA_ROOT/Desktop/matcher/Datasets/Urban8k/audio/fold2/156893-7-3-0.wav,jackhammer
/DATA_ROOT/Desktop/matcher/Datasets/Urban8k/audio/fold2/156893-7-4-0.wav,jackhammer
/DATA_ROOT/Desktop/matcher/Datasets/Urban8k/audio/fold2/156893-7-5-0.wav,jackhammer
/DATA_ROOT/Desktop/matcher/Datasets/Urban8k/audio/fold2/156893-7-6-0.wav,jackhammer
/DATA_ROOT/Desktop/matcher/Datasets/Urban8k/audio/fold2/156893-7-7-0.wav,jackhammer
/DATA_ROOT/Desktop/matcher/Datasets/Urban8k/audio/fold2/156893-7-8-0.wav,jackhammer
/DATA_ROOT/Desktop/matcher/Datasets/Urban8k/audio/fold2/156893-7-9-0.wav,jackhammer
/DATA_ROOT/Desktop/matcher/Datasets/Urban8k/audio/fold4/156897-6-0-0.wav,gun_shot
/DATA_ROOT/Desktop/matcher/Datasets/Urban8k/audio/fold10/157207-6-0-0.wav,gun_shot
/DATA_ROOT/Desktop/matcher/Datasets/Urban8k/audio/fold10/157207-6-1-0.wav,gun_shot
/DATA_ROOT/Desktop/matcher/Datasets/Urban8k/audio/fold10/157207-6-10-0.wav,gun_shot
/DATA_ROOT/Desktop/matcher/Datasets/Urban8k/audio/fold10/157207-6-2-0.wav,gun_shot
/DATA_ROOT/Desktop/matcher/Datasets/Urban8k/audio/fold10/157207-6-3-0.wav,gun_shot
/DATA_ROOT/Desktop/matcher/Datasets/Urban8k/audio/fold10/157207-6-4-0.wav,gun_shot
/DATA_ROOT/Desktop/matcher/Datasets/Urban8k/audio/fold10/157207-6-5-0.wav,gun_shot
/DATA_ROOT/Desktop/matcher/Datasets/Urban8k/audio/fold10/157207-6-6-0.wav,gun_shot
/DATA_ROOT/Desktop/matcher/Datasets/Urban8k/audio/fold10/157207-6-7-0.wav,gun_shot
/DATA_ROOT/Desktop/matcher/Datasets/Urban8k/audio/fold10/157207-6-8-0.wav,gun_shot
/DATA_ROOT/Desktop/matcher/Datasets/Urban8k/audio/fold10/157207-6-9-0.wav,gun_shot
/DATA_ROOT/Desktop/matcher/Datasets/Urban8k/audio/fold4/157799-6-0-0.wav,gun_shot
/DATA_ROOT/Desktop/matcher/Datasets/Urban8k/audio/fold10/157800-6-0-0.wav,gun_shot
/DATA_ROOT/Desktop/matcher/Datasets/Urban8k/audio/fold9/157801-6-0-0.wav,gun_shot
/DATA_ROOT/Desktop/matcher/Datasets/Urban8k/audio/fold7/157940-9-0-0.wav,street_music
/DATA_ROOT/Desktop/matcher/Datasets/Urban8k/audio/fold7/157940-9-0-2.wav,street_music
/DATA_ROOT/Desktop/matcher/Datasets/Urban8k/audio/fold7/157940-9-0-3.wav,street_music
/DATA_ROOT/Desktop/matcher/Datasets/Urban8k/audio/fold7/157940-9-0-4.wav,street_music
/DATA_ROOT/Desktop/matcher/Datasets/Urban8k/audio/fold7/157940-9-0-5.wav,street_music
/DATA_ROOT/Desktop/matcher/Datasets/Urban8k/audio/fold7/157940-9-0-6.wav,street_music
/DATA_ROOT/Desktop/matcher/Datasets/Urban8k/audio/fold7/158593-2-0-0.wav,children_playing
/DATA_ROOT/Desktop/matcher/Datasets/Urban8k/audio/fold7/158593-2-0-31.wav,children_playing
/DATA_ROOT/Desktop/matcher/Datasets/Urban8k/audio/fold7/158593-2-0-43.wav,children_playing
/DATA_ROOT/Desktop/matcher/Datasets/Urban8k/audio/fold7/158593-2-0-47.wav,children_playing
/DATA_ROOT/Desktop/matcher/Datasets/Urban8k/audio/fold7/158593-2-0-52.wav,children_playing
/DATA_ROOT/Desktop/matcher/Datasets/Urban8k/audio/fold7/158593-2-0-54.wav,children_playing
/DATA_ROOT/Desktop/matcher/Datasets/Urban8k/audio/fold7/158593-2-0-8.wav,children_playing
/DATA_ROOT/Desktop/matcher/Datasets/Urban8k/audio/fold2/158597-2-0-16.wav,children_playing
/DATA_ROOT/Desktop/matcher/Datasets/Urban8k/audio/fold2/158597-2-0-2.wav,children_playing
/DATA_ROOT/Desktop/matcher/Datasets/Urban8k/audio/fold2/158597-2-0-3.wav,children_playing
/DATA_ROOT/Desktop/matcher/Datasets/Urban8k/audio/fold2/158597-2-0-30.wav,children_playing
/DATA_ROOT/Desktop/matcher/Datasets/Urban8k/audio/fold2/158597-2-0-33.wav,children_playing
/DATA_ROOT/Desktop/matcher/Datasets/Urban8k/audio/fold2/158597-2-0-41.wav,children_playing
/DATA_ROOT/Desktop/matcher/Datasets/Urban8k/audio/fold2/158597-2-0-57.wav,children_playing
/DATA_ROOT/Desktop/matcher/Datasets/Urban8k/audio/fold2/158597-2-0-85.wav,children_playing
/DATA_ROOT/Desktop/matcher/Datasets/Urban8k/audio/fold4/158977-6-0-0.wav,gun_shot
/DATA_ROOT/Desktop/matcher/Datasets/Urban8k/audio/fold7/158978-6-0-0.wav,gun_shot
/DATA_ROOT/Desktop/matcher/Datasets/Urban8k/audio/fold6/158979-6-0-0.wav,gun_shot
/DATA_ROOT/Desktop/matcher/Datasets/Urban8k/audio/fold5/159439-2-0-0.wav,children_playing
/DATA_ROOT/Desktop/matcher/Datasets/Urban8k/audio/fold5/159439-2-0-10.wav,children_playing
/DATA_ROOT/Desktop/matcher/Datasets/Urban8k/audio/fold5/159439-2-0-11.wav,children_playing
/DATA_ROOT/Desktop/matcher/Datasets/Urban8k/audio/fold5/159439-2-0-19.wav,children_playing
/DATA_ROOT/Desktop/matcher/Datasets/Urban8k/audio/fold5/159439-2-0-21.wav,children_playing
/DATA_ROOT/Desktop/matcher/Datasets/Urban8k/audio/fold5/159439-2-0-29.wav,children_playing
/DATA_ROOT/Desktop/matcher/Datasets/Urban8k/audio/fold5/159439-2-0-30.wav,children_playing
/DATA_ROOT/Desktop/matcher/Datasets/Urban8k/audio/fold5/159701-6-0-0.wav,gun_shot
/DATA_ROOT/Desktop/matcher/Datasets/Urban8k/audio/fold5/159701-6-1-0.wav,gun_shot
/DATA_ROOT/Desktop/matcher/Datasets/Urban8k/audio/fold5/159701-6-2-0.wav,gun_shot
/DATA_ROOT/Desktop/matcher/Datasets/Urban8k/audio/fold5/159701-6-3-0.wav,gun_shot
/DATA_ROOT/Desktop/matcher/Datasets/Urban8k/audio/fold5/159701-6-4-0.wav,gun_shot
/DATA_ROOT/Desktop/matcher/Datasets/Urban8k/audio/fold5/159701-6-5-0.wav,gun_shot
/DATA_ROOT/Desktop/matcher/Datasets/Urban8k/audio/fold5/159701-6-6-0.wav,gun_shot
/DATA_ROOT/Desktop/matcher/Datasets/Urban8k/audio/fold6/159702-6-0-0.wav,gun_shot
/DATA_ROOT/Desktop/matcher/Datasets/Urban8k/audio/fold6/159702-6-1-0.wav,gun_shot
/DATA_ROOT/Desktop/matcher/Datasets/Urban8k/audio/fold6/159702-6-2-0.wav,gun_shot
/DATA_ROOT/Desktop/matcher/Datasets/Urban8k/audio/fold6/159702-6-3-0.wav,gun_shot
/DATA_ROOT/Desktop/matcher/Datasets/Urban8k/audio/fold6/159702-6-4-0.wav,gun_shot
/DATA_ROOT/Desktop/matcher/Datasets/Urban8k/audio/fold6/159702-6-5-0.wav,gun_shot
/DATA_ROOT/Desktop/matcher/Datasets/Urban8k/audio/fold6/159702-6-6-0.wav,gun_shot
/DATA_ROOT/Desktop/matcher/Datasets/Urban8k/audio/fold5/159703-6-0-0.wav,gun_shot
/DATA_ROOT/Desktop/matcher/Datasets/Urban8k/audio/fold6/159704-6-0-0.wav,gun_shot
/DATA_ROOT/Desktop/matcher/Datasets/Urban8k/audio/fold7/159705-6-0-0.wav,gun_shot
/DATA_ROOT/Desktop/matcher/Datasets/Urban8k/audio/fold8/159706-6-0-0.wav,gun_shot
/DATA_ROOT/Desktop/matcher/Datasets/Urban8k/audio/fold9/159707-6-0-0.wav,gun_shot
/DATA_ROOT/Desktop/matcher/Datasets/Urban8k/audio/fold7/159708-6-0-0.wav,gun_shot
/DATA_ROOT/Desktop/matcher/Datasets/Urban8k/audio/fold7/159708-6-1-0.wav,gun_shot
/DATA_ROOT/Desktop/matcher/Datasets/Urban8k/audio/fold7/159708-6-2-0.wav,gun_shot
/DATA_ROOT/Desktop/matcher/Datasets/Urban8k/audio/fold7/159708-6-3-0.wav,gun_shot
/DATA_ROOT/Desktop/matcher/Datasets/Urban8k/audio/fold7/159708-6-4-0.wav,gun_shot
/DATA_ROOT/Desktop/matcher/Datasets/Urban8k/audio/fold7/159708-6-5-0.wav,gun_shot
/DATA_ROOT/Desktop/matcher/Datasets/Urban8k/audio/fold7/159708-6-6-0.wav,gun_shot
/DATA_ROOT/Desktop/matcher/Datasets/Urban8k/audio/fold10/159709-6-0-0.wav,gun_shot
/DATA_ROOT/Desktop/matcher/Datasets/Urban8k/audio/fold2/159710-6-0-0.wav,gun_shot
/DATA_ROOT/Desktop/matcher/Datasets/Urban8k/audio/fold9/159735-2-0-11.wav,children_playing
/DATA_ROOT/Desktop/matcher/Datasets/Urban8k/audio/fold9/159735-2-0-121.wav,children_playing
/DATA_ROOT/Desktop/matcher/Datasets/Urban8k/audio/fold9/159735-2-0-17.wav,children_playing
/DATA_ROOT/Desktop/matcher/Datasets/Urban8k/audio/fold9/159735-2-0-22.wav,children_playing
/DATA_ROOT/Desktop/matcher/Datasets/Urban8k/audio/fold9/159735-2-0-34.wav,children_playing
/DATA_ROOT/Desktop/matcher/Datasets/Urban8k/audio/fold9/159735-2-0-80.wav,children_playing
/DATA_ROOT/Desktop/matcher/Datasets/Urban8k/audio/fold9/159735-2-0-9.wav,children_playing
/DATA_ROOT/Desktop/matcher/Datasets/Urban8k/audio/fold9/159735-2-0-99.wav,children_playing
/DATA_ROOT/Desktop/matcher/Datasets/Urban8k/audio/fold3/159761-0-0-0.wav,air_conditioner
/DATA_ROOT/Desktop/matcher/Datasets/Urban8k/audio/fold3/159761-0-0-1.wav,air_conditioner
/DATA_ROOT/Desktop/matcher/Datasets/Urban8k/audio/fold3/159761-0-0-2.wav,air_conditioner
/DATA_ROOT/Desktop/matcher/Datasets/Urban8k/audio/fold3/159761-0-0-3.wav,air_conditioner
/DATA_ROOT/Desktop/matcher/Datasets/Urban8k/audio/fold3/159761-0-0-4.wav,air_conditioner
/DATA_ROOT/Desktop/matcher/Datasets/Urban8k/audio/fold3/159761-0-0-5.wav,air_conditioner
/DATA_ROOT/Desktop/matcher/Datasets/Urban8k/audio/fold3/159761-0-0-6.wav,air_conditioner
/DATA_ROOT/Desktop/matcher/Datasets/Urban8k/audio/fold3/159761-0-0-7.wav,air_conditioner
/DATA_ROOT/Desktop/matcher/Datasets/Urban8k/audio/fold3/159761-0-0-8.wav,air_conditioner
/DATA_ROOT/Desktop/matcher/Datasets/Urban8k/audio/fold1/160009-2-0-1.wav,children_playing
/DATA_ROOT/Desktop/matcher/Datasets/Urban8k/audio/fold1/160009-2-0-11.wav,children_playing
/DATA_ROOT/Desktop/matcher/Datasets/Urban8k/audio/fold1/160009-2-0-22.wav,children_playing
/DATA_ROOT/Desktop/matcher/Datasets/Urban8k/audio/fold1/160009-2-0-30.wav,children_playing
/DATA_ROOT/Desktop/matcher/Datasets/Urban8k/audio/fold1/160009-2-0-31.wav,children_playing
/DATA_ROOT/Desktop/matcher/Datasets/Urban8k/audio/fold1/160009-2-0-47.wav,children_playing
/DATA_ROOT/Desktop/matcher/Datasets/Urban8k/audio/fold1/160009-2-0-5.wav,children_playing
/DATA_ROOT/Desktop/matcher/Datasets/Urban8k/audio/fold1/160009-2-0-50.wav,children_playing
/DATA_ROOT/Desktop/matcher/Datasets/Urban8k/audio/fold5/160010-2-0-19.wav,children_playing
/DATA_ROOT/Desktop/matcher/Datasets/Urban8k/audio/fold5/160010-2-0-21.wav,children_playing
/DATA_ROOT/Desktop/matcher/Datasets/Urban8k/audio/fold5/160010-2-0-30.wav,children_playing
/DATA_ROOT/Desktop/matcher/Datasets/Urban8k/audio/fold5/160010-2-0-32.wav,children_playing
/DATA_ROOT/Desktop/matcher/Datasets/Urban8k/audio/fold5/160010-2-0-33.wav,children_playing
/DATA_ROOT/Desktop/matcher/Datasets/Urban8k/audio/fold5/160010-2-0-37.wav,children_playing
/DATA_ROOT/Desktop/matcher/Datasets/Urban8k/audio/fold5/160010-2-0-38.wav,children_playing
/DATA_ROOT/Desktop/matcher/Datasets/Urban8k/audio/fold5/160010-2-0-49.wav,children_playing
/DATA_ROOT/Desktop/matcher/Datasets/Urban8k/audio/fold2/160011-2-0-0.wav,children_playing
/DATA_ROOT/Desktop/matcher/Datasets/Urban8k/audio/fold2/160011-2-0-1.wav,children_playing
/DATA_ROOT/Desktop/matcher/Datasets/Urban8k/audio/fold2/160011-2-0-12.wav,children_playing
/DATA_ROOT/Desktop/matcher/Datasets/Urban8k/audio/fold2/160011-2-0-3.wav,children_playing
/DATA_ROOT/Desktop/matcher/Datasets/Urban8k/audio/fold2/160011-2-0-34.wav,children_playing
/DATA_ROOT/Desktop/matcher/Datasets/Urban8k/audio/fold2/160011-2-0-5.wav,children_playing
/DATA_ROOT/Desktop/matcher/Datasets/Urban8k/audio/fold2/160011-2-0-7.wav,children_playing
/DATA_ROOT/Desktop/matcher/Datasets/Urban8k/audio/fold2/160011-2-0-9.wav,children_playing
/DATA_ROOT/Desktop/matcher/Datasets/Urban8k/audio/fold8/160016-2-0-13.wav,children_playing
/DATA_ROOT/Desktop/matcher/Datasets/Urban8k/audio/fold8/160016-2-0-25.wav,children_playing
/DATA_ROOT/Desktop/matcher/Datasets/Urban8k/audio/fold8/160016-2-0-26.wav,children_playing
/DATA_ROOT/Desktop/matcher/Datasets/Urban8k/audio/fold8/160016-2-0-37.wav,children_playing
/DATA_ROOT/Desktop/matcher/Datasets/Urban8k/audio/fold8/160016-2-0-40.wav,children_playing
/DATA_ROOT/Desktop/matcher/Datasets/Urban8k/audio/fold8/160016-2-0-5.wav,children_playing
/DATA_ROOT/Desktop/matcher/Datasets/Urban8k/audio/fold8/160016-2-0-8.wav,children_playing
/DATA_ROOT/Desktop/matcher/Datasets/Urban8k/audio/fold9/161005-2-0-0.wav,children_playing
/DATA_ROOT/Desktop/matcher/Datasets/Urban8k/audio/fold9/161005-2-0-12.wav,children_playing
/DATA_ROOT/Desktop/matcher/Datasets/Urban8k/audio/fold9/161005-2-0-14.wav,children_playing
/DATA_ROOT/Desktop/matcher/Datasets/Urban8k/audio/fold9/161005-2-0-19.wav,children_playing
/DATA_ROOT/Desktop/matcher/Datasets/Urban8k/audio/fold9/161005-2-0-27.wav,children_playing
/DATA_ROOT/Desktop/matcher/Datasets/Urban8k/audio/fold9/161005-2-0-28.wav,children_playing
/DATA_ROOT/Desktop/matcher/Datasets/Urban8k/audio/fold9/161005-2-0-4.wav,children_playing
/DATA_ROOT/Desktop/matcher/Datasets/Urban8k/audio/fold9/161005-2-0-6.wav,children_playing
/DATA_ROOT/Desktop/matcher/Datasets/Urban8k/audio/fold8/161129-4-0-1.wav,drilling
/DATA_ROOT/Desktop/matcher/Datasets/Urban8k/audio/fold8/161129-4-0-10.wav,drilling
/DATA_ROOT/Desktop/matcher/Datasets/Urban8k/audio/fold8/161129-4-0-11.wav,drilling
/DATA_ROOT/Desktop/matcher/Datasets/Urban8k/audio/fold8/161129-4-0-12.wav,drilling
/DATA_ROOT/Desktop/matcher/Datasets/Urban8k/audio/fold8/161129-4-0-13.wav,drilling
/DATA_ROOT/Desktop/matcher/Datasets/Urban8k/audio/fold8/161129-4-0-15.wav,drilling
/DATA_ROOT/Desktop/matcher/Datasets/Urban8k/audio/fold8/161129-4-0-16.wav,drilling
/DATA_ROOT/Desktop/matcher/Datasets/Urban8k/audio/fold8/161129-4-0-19.wav,drilling
/DATA_ROOT/Desktop/matcher/Datasets/Urban8k/audio/fold8/161129-4-0-2.wav,drilling
/DATA_ROOT/Desktop/matcher/Datasets/Urban8k/audio/fold8/161129-4-0-20.wav,drilling
/DATA_ROOT/Desktop/matcher/Datasets/Urban8k/audio/fold8/161129-4-0-3.wav,drilling
/DATA_ROOT/Desktop/matcher/Datasets/Urban8k/audio/fold8/161129-4-0-4.wav,drilling
/DATA_ROOT/Desktop/matcher/Datasets/Urban8k/audio/fold8/161129-4-0-5.wav,drilling
/DATA_ROOT/Desktop/matcher/Datasets/Urban8k/audio/fold8/161129-4-0-6.wav,drilling
/DATA_ROOT/Desktop/matcher/Datasets/Urban8k/audio/fold8/161129-4-0-7.wav,drilling
/DATA_ROOT/Desktop/matcher/Datasets/Urban8k/audio/fold8/161129-4-0-8.wav,drilling
/DATA_ROOT/Desktop/matcher/Datasets/Urban8k/audio/fold8/161129-4-0-9.wav,drilling
/DATA_ROOT/Desktop/matcher/Datasets/Urban8k/audio/fold3/161195-6-0-0.wav,gun_shot
/DATA_ROOT/Desktop/matcher/Datasets/Urban8k/audio/fold1/161702-9-0-26.wav,street_music
/DATA_ROOT/Desktop/matcher/Datasets/Urban8k/audio/fold1/161702-9-0-30.wav,street_music
/DATA_ROOT/Desktop/matcher/Datasets/Urban8k/audio/fold1/161702-9-0-37.wav,street_music
/DATA_ROOT/Desktop/matcher/Datasets/Urban8k/audio/fold1/161702-9-0-45.wav,street_music
/DATA_ROOT/Desktop/matcher/Datasets/Urban8k/audio/fold1/161702-9-0-6.wav,street_music
/DATA_ROOT/Desktop/matcher/Datasets/Urban8k/audio/fold1/161702-9-0-8.wav,street_music
/DATA_ROOT/Desktop/matcher/Datasets/Urban8k/audio/fold8/162103-0-0-0.wav,air_conditioner
/DATA_ROOT/Desktop/matcher/Datasets/Urban8k/audio/fold8/162103-0-0-1.wav,air_conditioner
/DATA_ROOT/Desktop/matcher/Datasets/Urban8k/audio/fold8/162103-0-0-10.wav,air_conditioner
/DATA_ROOT/Desktop/matcher/Datasets/Urban8k/audio/fold8/162103-0-0-11.wav,air_conditioner
/DATA_ROOT/Desktop/matcher/Datasets/Urban8k/audio/fold8/162103-0-0-12.wav,air_conditioner
/DATA_ROOT/Desktop/matcher/Datasets/Urban8k/audio/fold8/162103-0-0-13.wav,air_conditioner
/DATA_ROOT/Desktop/matcher/Datasets/Urban8k/audio/fold8/162103-0-0-14.wav,air_conditioner
/DATA_ROOT/Desktop/matcher/Datasets/Urban8k/audio/fold8/162103-0-0-15.wav,air_conditioner
/DATA_ROOT/Desktop/matcher/Datasets/Urban8k/audio/fold8/162103-0-0-16.wav,air_conditioner
/DATA_ROOT/Desktop/matcher/Datasets/Urban8k/audio/fold8/162103-0-0-17.wav,air_conditioner
/DATA_ROOT/Desktop/matcher/Datasets/Urban8k/audio/fold8/162103-0-0-2.wav,air_conditioner
/DATA_ROOT/Desktop/matcher/Datasets/Urban8k/audio/fold8/162103-0-0-3.wav,air_conditioner
/DATA_ROOT/Desktop/matcher/Datasets/Urban8k/audio/fold8/162103-0-0-4.wav,air_conditioner
/DATA_ROOT/Desktop/matcher/Datasets/Urban8k/audio/fold8/162103-0-0-5.wav,air_conditioner
/DATA_ROOT/Desktop/matcher/Datasets/Urban8k/audio/fold8/162103-0-0-6.wav,air_conditioner
/DATA_ROOT/Desktop/matcher/Datasets/Urban8k/audio/fold8/162103-0-0-7.wav,air_conditioner
/DATA_ROOT/Desktop/matcher/Datasets/Urban8k/audio/fold8/162103-0-0-8.wav,air_conditioner
/DATA_ROOT/Desktop/matcher/Datasets/Urban8k/audio/fold8/162103-0-0-9.wav,air_conditioner
/DATA_ROOT/Desktop/matcher/Datasets/Urban8k/audio/fold10/162134-7-0-0.wav,jackhammer
/DATA_ROOT/Desktop/matcher/Datasets/Urban8k/audio/fold10/162134-7-0-1.wav,jackhammer
/DATA_ROOT/Desktop/matcher/Datasets/Urban8k/audio/fold10/162134-7-0-2.wav,jackhammer
/DATA_ROOT/Desktop/matcher/Datasets/Urban8k/audio/fold10/162134-7-1-0.wav,jackhammer
/DATA_ROOT/Desktop/matcher/Datasets/Urban8k/audio/fold10/162134-7-10-0.wav,jackhammer
/DATA_ROOT/Desktop/matcher/Datasets/Urban8k/audio/fold10/162134-7-10-1.wav,jackhammer
/DATA_ROOT/Desktop/matcher/Datasets/Urban8k/audio/fold10/162134-7-10-2.wav,jackhammer
/DATA_ROOT/Desktop/matcher/Datasets/Urban8k/audio/fold10/162134-7-10-3.wav,jackhammer
/DATA_ROOT/Desktop/matcher/Datasets/Urban8k/audio/fold10/162134-7-11-0.wav,jackhammer
/DATA_ROOT/Desktop/matcher/Datasets/Urban8k/audio/fold10/162134-7-11-1.wav,jackhammer
/DATA_ROOT/Desktop/matcher/Datasets/Urban8k/audio/fold10/162134-7-11-2.wav,jackhammer
/DATA_ROOT/Desktop/matcher/Datasets/Urban8k/audio/fold10/162134-7-11-3.wav,jackhammer
/DATA_ROOT/Desktop/matcher/Datasets/Urban8k/audio/fold10/162134-7-11-4.wav,jackhammer
/DATA_ROOT/Desktop/matcher/Datasets/Urban8k/audio/fold10/162134-7-11-5.wav,jackhammer
/DATA_ROOT/Desktop/matcher/Datasets/Urban8k/audio/fold10/162134-7-11-6.wav,jackhammer
/DATA_ROOT/Desktop/matcher/Datasets/Urban8k/audio/fold10/162134-7-11-7.wav,jackhammer
/DATA_ROOT/Desktop/matcher/Datasets/Urban8k/audio/fold10/162134-7-12-0.wav,jackhammer
/DATA_ROOT/Desktop/matcher/Datasets/Urban8k/audio/fold10/162134-7-12-1.wav,jackhammer
/DATA_ROOT/Desktop/matcher/Datasets/Urban8k/audio/fold10/162134-7-12-2.wav,jackhammer
/DATA_ROOT/Desktop/matcher/Datasets/Urban8k/audio/fold10/162134-7-12-3.wav,jackhammer
/DATA_ROOT/Desktop/matcher/Datasets/Urban8k/audio/fold10/162134-7-12-4.wav,jackhammer
/DATA_ROOT/Desktop/matcher/Datasets/Urban8k/audio/fold10/162134-7-13-0.wav,jackhammer
/DATA_ROOT/Desktop/matcher/Datasets/Urban8k/audio/fold10/162134-7-13-1.wav,jackhammer
/DATA_ROOT/Desktop/matcher/Datasets/Urban8k/audio/fold10/162134-7-13-2.wav,jackhammer
/DATA_ROOT/Desktop/matcher/Datasets/Urban8k/audio/fold10/162134-7-13-3.wav,jackhammer
/DATA_ROOT/Desktop/matcher/Datasets/Urban8k/audio/fold10/162134-7-13-4.wav,jackhammer
/DATA_ROOT/Desktop/matcher/Datasets/Urban8k/audio/fold10/162134-7-14-0.wav,jackhammer
/DATA_ROOT/Desktop/matcher/Datasets/Urban8k/audio/fold10/162134-7-14-1.wav,jackhammer
/DATA_ROOT/Desktop/matcher/Datasets/Urban8k/audio/fold10/162134-7-14-2.wav,jackhammer
/DATA_ROOT/Desktop/matcher/Datasets/Urban8k/audio/fold10/162134-7-15-0.wav,jackhammer
/DATA_ROOT/Desktop/matcher/Datasets/Urban8k/audio/fold10/162134-7-15-1.wav,jackhammer
/DATA_ROOT/Desktop/matcher/Datasets/Urban8k/audio/fold10/162134-7-15-2.wav,jackhammer
/DATA_ROOT/Desktop/matcher/Datasets/Urban8k/audio/fold10/162134-7-15-3.wav,jackhammer
/DATA_ROOT/Desktop/matcher/Datasets/Urban8k/audio/fold10/162134-7-15-4.wav,jackhammer
/DATA_ROOT/Desktop/matcher/Datasets/Urban8k/audio/fold10/162134-7-16-0.wav,jackhammer
/DATA_ROOT/Desktop/matcher/Datasets/Urban8k/audio/fold10/162134-7-16-1.wav,jackhammer
/DATA_ROOT/Desktop/matcher/Datasets/Urban8k/audio/fold10/162134-7-17-0.wav,jackhammer
/DATA_ROOT/Desktop/matcher/Datasets/Urban8k/audio/fold10/162134-7-17-1.wav,jackhammer
/DATA_ROOT/Desktop/matcher/Datasets/Urban8k/audio/fold10/162134-7-17-2.wav,jackhammer
/DATA_ROOT/Desktop/matcher/Datasets/Urban8k/audio/fold10/162134-7-17-3.wav,jackhammer
/DATA_ROOT/Desktop/matcher/Datasets/Urban8k/audio/fold10/162134-7-17-4.wav,jackhammer
/DATA_ROOT/Desktop/matcher/Datasets/Urban8k/audio/fold10/162134-7-2-0.wav,jackhammer
/DATA_ROOT/Desktop/matcher/Datasets/Urban8k/audio/fold10/162134-7-3-0.wav,jackhammer
/DATA_ROOT/Desktop/matcher/Datasets/Urban8k/audio/fold10/162134-7-4-0.wav,jackhammer
/DATA_ROOT/Desktop/matcher/Datasets/Urban8k/audio/fold10/162134-7-5-0.wav,jackhammer
/DATA_ROOT/Desktop/matcher/Datasets/Urban8k/audio/fold10/162134-7-6-0.wav,jackhammer
/DATA_ROOT/Desktop/matcher/Datasets/Urban8k/audio/fold10/162134-7-7-0.wav,jackhammer
/DATA_ROOT/Desktop/matcher/Datasets/Urban8k/audio/fold10/162134-7-7-1.wav,jackhammer
/DATA_ROOT/Desktop/matcher/Datasets/Urban8k/audio/fold10/162134-7-8-0.wav,jackhammer
/DATA_ROOT/Desktop/matcher/Datasets/Urban8k/audio/fold10/162134-7-8-1.wav,jackhammer
/DATA_ROOT/Desktop/matcher/Datasets/Urban8k/audio/fold10/162134-7-8-2.wav,jackhammer
/DATA_ROOT/Desktop/matcher/Datasets/Urban8k/audio/fold10/162134-7-8-3.wav,jackhammer
/DATA_ROOT/Desktop/matcher/Datasets/Urban8k/audio/fold10/162134-7-8-4.wav,jackhammer
/DATA_ROOT/Desktop/matcher/Datasets/Urban8k/audio/fold10/162134-7-8-5.wav,jackhammer
/DATA_ROOT/Desktop/matcher/Datasets/Urban8k/audio/fold10/162134-7-8-6.wav,jackhammer
/DATA_ROOT/Desktop/matcher/Datasets/Urban8k/audio/fold10/162134-7-8-7.wav,jackhammer
/DATA_ROOT/Desktop/matcher/Datasets/Urban8k/audio/fold10/162134-7-9-0.wav,jackhammer
/DATA_ROOT/Desktop/matcher/Datasets/Urban8k/audio/fold10/162134-7-9-1.wav,jackhammer
/DATA_ROOT/Desktop/matcher/Datasets/Urban8k/audio/fold10/162134-7-9-2.wav,jackhammer
/DATA_ROOT/Desktop/matcher/Datasets/Urban8k/audio/fold10/162134-7-9-3.wav,jackhammer
/DATA_ROOT/Desktop/matcher/Datasets/Urban8k/audio/fold10/162134-7-9-4.wav,jackhammer
/DATA_ROOT/Desktop/matcher/Datasets/Urban8k/audio/fold5/162318-2-0-17.wav,children_playing
/DATA_ROOT/Desktop/matcher/Datasets/Urban8k/audio/fold5/162318-2-0-25.wav,children_playing
/DATA_ROOT/Desktop/matcher/Datasets/Urban8k/audio/fold5/162318-2-0-34.wav,children_playing
/DATA_ROOT/Desktop/matcher/Datasets/Urban8k/audio/fold5/162318-2-0-38.wav,children_playing
/DATA_ROOT/Desktop/matcher/Datasets/Urban8k/audio/fold5/162318-2-0-39.wav,children_playing
/DATA_ROOT/Desktop/matcher/Datasets/Urban8k/audio/fold5/162318-2-0-40.wav,children_playing
/DATA_ROOT/Desktop/matcher/Datasets/Urban8k/audio/fold5/162318-2-0-55.wav,children_playing
/DATA_ROOT/Desktop/matcher/Datasets/Urban8k/audio/fold5/162318-2-0-7.wav,children_playing
/DATA_ROOT/Desktop/matcher/Datasets/Urban8k/audio/fold3/162431-6-0-0.wav,gun_shot
/DATA_ROOT/Desktop/matcher/Datasets/Urban8k/audio/fold3/162431-6-1-0.wav,gun_shot
/DATA_ROOT/Desktop/matcher/Datasets/Urban8k/audio/fold3/162431-6-2-0.wav,gun_shot
/DATA_ROOT/Desktop/matcher/Datasets/Urban8k/audio/fold3/162431-6-3-0.wav,gun_shot
/DATA_ROOT/Desktop/matcher/Datasets/Urban8k/audio/fold5/162432-6-0-0.wav,gun_shot
/DATA_ROOT/Desktop/matcher/Datasets/Urban8k/audio/fold5/162432-6-1-0.wav,gun_shot
/DATA_ROOT/Desktop/matcher/Datasets/Urban8k/audio/fold5/162432-6-10-0.wav,gun_shot
/DATA_ROOT/Desktop/matcher/Datasets/Urban8k/audio/fold5/162432-6-11-0.wav,gun_shot
/DATA_ROOT/Desktop/matcher/Datasets/Urban8k/audio/fold5/162432-6-12-0.wav,gun_shot
/DATA_ROOT/Desktop/matcher/Datasets/Urban8k/audio/fold5/162432-6-13-0.wav,gun_shot
/DATA_ROOT/Desktop/matcher/Datasets/Urban8k/audio/fold5/162432-6-14-0.wav,gun_shot
/DATA_ROOT/Desktop/matcher/Datasets/Urban8k/audio/fold5/162432-6-2-0.wav,gun_shot
/DATA_ROOT/Desktop/matcher/Datasets/Urban8k/audio/fold5/162432-6-3-0.wav,gun_shot
/DATA_ROOT/Desktop/matcher/Datasets/Urban8k/audio/fold5/162432-6-4-0.wav,gun_shot
/DATA_ROOT/Desktop/matcher/Datasets/Urban8k/audio/fold5/162432-6-5-0.wav,gun_shot
/DATA_ROOT/Desktop/matcher/Datasets/Urban8k/audio/fold5/162432-6-6-0.wav,gun_shot
/DATA_ROOT/Desktop/matcher/Datasets/Urban8k/audio/fold5/162432-6-7-0.wav,gun_shot
/DATA_ROOT/Desktop/matcher/Datasets/Urban8k/audio/fold5/162432-6-8-0.wav,gun_shot
/DATA_ROOT/Desktop/matcher/Datasets/Urban8k/audio/fold5/162432-6-9-0.wav,gun_shot
/DATA_ROOT/Desktop/matcher/Datasets/Urban8k/audio/fold8/162433-6-0-0.wav,gun_shot
/DATA_ROOT/Desktop/matcher/Datasets/Urban8k/audio/fold8/162433-6-1-0.wav,gun_shot
/DATA_ROOT/Desktop/matcher/Datasets/Urban8k/audio/fold8/162433-6-2-0.wav,gun_shot
/DATA_ROOT/Desktop/matcher/Datasets/Urban8k/audio/fold8/162433-6-3-0.wav,gun_shot
/DATA_ROOT/Desktop/matcher/Datasets/Urban8k/audio/fold8/162433-6-4-0.wav,gun_shot
/DATA_ROOT/Desktop/matcher/Datasets/Urban8k/audio/fold8/162433-6-5-0.wav,gun_shot
/DATA_ROOT/Desktop/matcher/Datasets/Urban8k/audio/fold8/162433-6-6-0.wav,gun_shot
/DATA_ROOT/Desktop/matcher/Datasets/Urban8k/audio/fold8/162433-6-7-0.wav,gun_shot
/DATA_ROOT/Desktop/matcher/Datasets/Urban8k/audio/fold8/162433-6-8-0.wav,gun_shot
/DATA_ROOT/Desktop/matcher/Datasets/Urban8k/audio/fold6/162434-6-0-0.wav,gun_shot
/DATA_ROOT/Desktop/matcher/Datasets/Urban8k/audio/fold6/162434-6-1-0.wav,gun_shot
/DATA_ROOT/Desktop/matcher/Datasets/Urban8k/audio/fold6/162434-6-2-0.wav,gun_shot
/DATA_ROOT/Desktop/matcher/Datasets/Urban8k/audio/fold4/162435-6-0-0.wav,gun_shot
/DATA_ROOT/Desktop/matcher/Datasets/Urban8k/audio/fold4/162435-6-1-0.wav,gun_shot
/DATA_ROOT/Desktop/matcher/Datasets/Urban8k/audio/fold4/162435-6-2-0.wav,gun_shot
/DATA_ROOT/Desktop/matcher/Datasets/Urban8k/audio/fold4/162435-6-3-0.wav,gun_shot
/DATA_ROOT/Desktop/matcher/Datasets/Urban8k/audio/fold3/162436-6-0-0.wav,gun_shot
/DATA_ROOT/Desktop/matcher/Datasets/Urban8k/audio/fold2/163460-6-0-0.wav,gun_shot
/DATA_ROOT/Desktop/matcher/Datasets/Urban8k/audio/fold10/164194-2-0-10.wav,children_playing
/DATA_ROOT/Desktop/matcher/Datasets/Urban8k/audio/fold10/164194-2-0-11.wav,children_playing
/DATA_ROOT/Desktop/matcher/Datasets/Urban8k/audio/fold10/164194-2-0-14.wav,children_playing
/DATA_ROOT/Desktop/matcher/Datasets/Urban8k/audio/fold10/164194-2-0-18.wav,children_playing
/DATA_ROOT/Desktop/matcher/Datasets/Urban8k/audio/fold10/164194-2-0-24.wav,children_playing
/DATA_ROOT/Desktop/matcher/Datasets/Urban8k/audio/fold10/164194-2-0-26.wav,children_playing
/DATA_ROOT/Desktop/matcher/Datasets/Urban8k/audio/fold10/164194-2-0-29.wav,children_playing
/DATA_ROOT/Desktop/matcher/Datasets/Urban8k/audio/fold10/164194-2-0-7.wav,children_playing
/DATA_ROOT/Desktop/matcher/Datasets/Urban8k/audio/fold5/164344-9-0-0.wav,street_music
/DATA_ROOT/Desktop/matcher/Datasets/Urban8k/audio/fold5/164344-9-0-26.wav,street_music
/DATA_ROOT/Desktop/matcher/Datasets/Urban8k/audio/fold5/164344-9-0-38.wav,street_music
/DATA_ROOT/Desktop/matcher/Datasets/Urban8k/audio/fold5/164344-9-0-39.wav,street_music
/DATA_ROOT/Desktop/matcher/Datasets/Urban8k/audio/fold5/164344-9-0-40.wav,street_music
/DATA_ROOT/Desktop/matcher/Datasets/Urban8k/audio/fold5/164344-9-0-44.wav,street_music
/DATA_ROOT/Desktop/matcher/Datasets/Urban8k/audio/fold10/164377-9-0-16.wav,street_music
/DATA_ROOT/Desktop/matcher/Datasets/Urban8k/audio/fold10/164377-9-1-15.wav,street_music
/DATA_ROOT/Desktop/matcher/Datasets/Urban8k/audio/fold10/164377-9-1-3.wav,street_music
/DATA_ROOT/Desktop/matcher/Datasets/Urban8k/audio/fold10/164377-9-1-36.wav,street_music
/DATA_ROOT/Desktop/matcher/Datasets/Urban8k/audio/fold10/164377-9-1-43.wav,street_music
/DATA_ROOT/Desktop/matcher/Datasets/Urban8k/audio/fold10/164377-9-1-50.wav,street_music
/DATA_ROOT/Desktop/matcher/Datasets/Urban8k/audio/fold10/164377-9-1-92.wav,street_music
/DATA_ROOT/Desktop/matcher/Datasets/Urban8k/audio/fold10/164646-6-0-0.wav,gun_shot
/DATA_ROOT/Desktop/matcher/Datasets/Urban8k/audio/fold5/164667-6-0-0.wav,gun_shot
/DATA_ROOT/Desktop/matcher/Datasets/Urban8k/audio/fold7/164797-2-0-16.wav,children_playing
/DATA_ROOT/Desktop/matcher/Datasets/Urban8k/audio/fold7/164797-2-0-29.wav,children_playing
/DATA_ROOT/Desktop/matcher/Datasets/Urban8k/audio/fold7/164797-2-0-32.wav,children_playing
/DATA_ROOT/Desktop/matcher/Datasets/Urban8k/audio/fold7/164797-2-0-44.wav,children_playing
/DATA_ROOT/Desktop/matcher/Datasets/Urban8k/audio/fold7/164797-2-0-47.wav,children_playing
/DATA_ROOT/Desktop/matcher/Datasets/Urban8k/audio/fold7/164797-2-0-50.wav,children_playing
/DATA_ROOT/Desktop/matcher/Datasets/Urban8k/audio/fold7/164797-2-0-8.wav,children_playing
/DATA_ROOT/Desktop/matcher/Datasets/Urban8k/audio/fold3/165039-7-0-0.wav,jackhammer
/DATA_ROOT/Desktop/matcher/Datasets/Urban8k/audio/fold3/165039-7-1-0.wav,jackhammer
/DATA_ROOT/Desktop/matcher/Datasets/Urban8k/audio/fold3/165039-7-10-0.wav,jackhammer
/DATA_ROOT/Desktop/matcher/Datasets/Urban8k/audio/fold3/165039-7-10-1.wav,jackhammer
/DATA_ROOT/Desktop/matcher/Datasets/Urban8k/audio/fold3/165039-7-11-0.wav,jackhammer
/DATA_ROOT/Desktop/matcher/Datasets/Urban8k/audio/fold3/165039-7-12-0.wav,jackhammer
/DATA_ROOT/Desktop/matcher/Datasets/Urban8k/audio/fold3/165039-7-12-1.wav,jackhammer
/DATA_ROOT/Desktop/matcher/Datasets/Urban8k/audio/fold3/165039-7-13-0.wav,jackhammer
/DATA_ROOT/Desktop/matcher/Datasets/Urban8k/audio/fold3/165039-7-14-0.wav,jackhammer
/DATA_ROOT/Desktop/matcher/Datasets/Urban8k/audio/fold3/165039-7-15-0.wav,jackhammer
/DATA_ROOT/Desktop/matcher/Datasets/Urban8k/audio/fold3/165039-7-15-1.wav,jackhammer
/DATA_ROOT/Desktop/matcher/Datasets/Urban8k/audio/fold3/165039-7-16-0.wav,jackhammer
/DATA_ROOT/Desktop/matcher/Datasets/Urban8k/audio/fold3/165039-7-17-0.wav,jackhammer
/DATA_ROOT/Desktop/matcher/Datasets/Urban8k/audio/fold3/165039-7-17-1.wav,jackhammer
/DATA_ROOT/Desktop/matcher/Datasets/Urban8k/audio/fold3/165039-7-2-0.wav,jackhammer
/DATA_ROOT/Desktop/matcher/Datasets/Urban8k/audio/fold3/165039-7-2-1.wav,jackhammer
/DATA_ROOT/Desktop/matcher/Datasets/Urban8k/audio/fold3/165039-7-3-0.wav,jackhammer
/DATA_ROOT/Desktop/matcher/Datasets/Urban8k/audio/fold3/165039-7-4-0.wav,jackhammer
/DATA_ROOT/Desktop/matcher/Datasets/Urban8k/audio/fold3/165039-7-4-1.wav,jackhammer
/DATA_ROOT/Desktop/matcher/Datasets/Urban8k/audio/fold3/165039-7-4-2.wav,jackhammer
/DATA_ROOT/Desktop/matcher/Datasets/Urban8k/audio/fold3/165039-7-5-0.wav,jackhammer
/DATA_ROOT/Desktop/matcher/Datasets/Urban8k/audio/fold3/165039-7-5-1.wav,jackhammer
/DATA_ROOT/Desktop/matcher/Datasets/Urban8k/audio/fold3/165039-7-6-0.wav,jackhammer
/DATA_ROOT/Desktop/matcher/Datasets/Urban8k/audio/fold3/165039-7-6-1.wav,jackhammer
/DATA_ROOT/Desktop/matcher/Datasets/Urban8k/audio/fold3/165039-7-7-0.wav,jackhammer
/DATA_ROOT/Desktop/matcher/Datasets/Urban8k/audio/fold3/165039-7-8-0.wav,jackhammer
/DATA_ROOT/Desktop/matcher/Datasets/Urban8k/audio/fold3/165039-7-8-1.wav,jackhammer
/DATA_ROOT/Desktop/matcher/Datasets/Urban8k/audio/fold3/165039-7-8-2.wav,jackhammer
/DATA_ROOT/Desktop/matcher/Datasets/Urban8k/audio/fold3/165039-7-9-0.wav,jackhammer
/DATA_ROOT/Desktop/matcher/Datasets/Urban8k/audio/fold1/165067-2-0-111.wav,children_playing
/DATA_ROOT/Desktop/matcher/Datasets/Urban8k/audio/fold1/165067-2-0-112.wav,children_playing
/DATA_ROOT/Desktop/matcher/Datasets/Urban8k/audio/fold1/165067-2-0-35.wav,children_playing
/DATA_ROOT/Desktop/matcher/Datasets/Urban8k/audio/fold1/165067-2-0-56.wav,children_playing
/DATA_ROOT/Desktop/matcher/Datasets/Urban8k/audio/fold1/165067-2-0-72.wav,children_playing
/DATA_ROOT/Desktop/matcher/Datasets/Urban8k/audio/fold1/165067-2-0-9.wav,children_playing
/DATA_ROOT/Desktop/matcher/Datasets/Urban8k/audio/fold1/165067-2-0-91.wav,children_playing
/DATA_ROOT/Desktop/matcher/Datasets/Urban8k/audio/fold7/165192-9-0-118.wav,street_music
/DATA_ROOT/Desktop/matcher/Datasets/Urban8k/audio/fold7/165192-9-0-146.wav,street_music
/DATA_ROOT/Desktop/matcher/Datasets/Urban8k/audio/fold7/165192-9-0-160.wav,street_music
/DATA_ROOT/Desktop/matcher/Datasets/Urban8k/audio/fold7/165192-9-0-5.wav,street_music
/DATA_ROOT/Desktop/matcher/Datasets/Urban8k/audio/fold7/165192-9-0-76.wav,street_music
/DATA_ROOT/Desktop/matcher/Datasets/Urban8k/audio/fold7/165192-9-0-87.wav,street_music
/DATA_ROOT/Desktop/matcher/Datasets/Urban8k/audio/fold9/165454-0-0-0.wav,air_conditioner
/DATA_ROOT/Desktop/matcher/Datasets/Urban8k/audio/fold9/165454-0-0-1.wav,air_conditioner
/DATA_ROOT/Desktop/matcher/Datasets/Urban8k/audio/fold9/165454-0-0-10.wav,air_conditioner
/DATA_ROOT/Desktop/matcher/Datasets/Urban8k/audio/fold9/165454-0-0-11.wav,air_conditioner
/DATA_ROOT/Desktop/matcher/Datasets/Urban8k/audio/fold9/165454-0-0-12.wav,air_conditioner
/DATA_ROOT/Desktop/matcher/Datasets/Urban8k/audio/fold9/165454-0-0-2.wav,air_conditioner
/DATA_ROOT/Desktop/matcher/Datasets/Urban8k/audio/fold9/165454-0-0-3.wav,air_conditioner
/DATA_ROOT/Desktop/matcher/Datasets/Urban8k/audio/fold9/165454-0-0-4.wav,air_conditioner
/DATA_ROOT/Desktop/matcher/Datasets/Urban8k/audio/fold9/165454-0-0-5.wav,air_conditioner
/DATA_ROOT/Desktop/matcher/Datasets/Urban8k/audio/fold9/165454-0-0-6.wav,air_conditioner
/DATA_ROOT/Desktop/matcher/Datasets/Urban8k/audio/fold9/165454-0-0-7.wav,air_conditioner
/DATA_ROOT/Desktop/matcher/Datasets/Urban8k/audio/fold9/165454-0-0-8.wav,air_conditioner
/DATA_ROOT/Desktop/matcher/Datasets/Urban8k/audio/fold9/165454-0-0-9.wav,air_conditioner
/DATA_ROOT/Desktop/matcher/Datasets/Urban8k/audio/fold7/165529-2-0-18.wav,children_playing
/DATA_ROOT/Desktop/matcher/Datasets/Urban8k/audio/fold7/165529-2-0-3.wav,children_playing
/DATA_ROOT/Desktop/matcher/Datasets/Urban8k/audio/fold7/165529-2-0-6.wav,children_playing
/DATA_ROOT/Desktop/matcher/Datasets/Urban8k/audio/fold7/165529-2-0-70.wav,children_playing
/DATA_ROOT/Desktop/matcher/Datasets/Urban8k/audio/fold7/165529-2-0-73.wav,children_playing
/DATA_ROOT/Desktop/matcher/Datasets/Urban8k/audio/fold7/165529-2-0-8.wav,children_playing
/DATA_ROOT/Desktop/matcher/Datasets/Urban8k/audio/fold7/165529-2-0-90.wav,children_playing
/DATA_ROOT/Desktop/matcher/Datasets/Urban8k/audio/fold10/165640-4-0-0.wav,drilling
/DATA_ROOT/Desktop/matcher/Datasets/Urban8k/audio/fold10/165640-4-0-1.wav,drilling
/DATA_ROOT/Desktop/matcher/Datasets/Urban8k/audio/fold10/165640-4-0-2.wav,drilling
/DATA_ROOT/Desktop/matcher/Datasets/Urban8k/audio/fold6/165641-4-0-0.wav,drilling
/DATA_ROOT/Desktop/matcher/Datasets/Urban8k/audio/fold6/165641-4-0-1.wav,drilling
/DATA_ROOT/Desktop/matcher/Datasets/Urban8k/audio/fold1/165642-4-0-0.wav,drilling
/DATA_ROOT/Desktop/matcher/Datasets/Urban8k/audio/fold2/165643-4-0-0.wav,drilling
/DATA_ROOT/Desktop/matcher/Datasets/Urban8k/audio/fold7/165644-4-0-0.wav,drilling
/DATA_ROOT/Desktop/matcher/Datasets/Urban8k/audio/fold7/165644-4-0-1.wav,drilling
/DATA_ROOT/Desktop/matcher/Datasets/Urban8k/audio/fold1/165645-4-0-0.wav,drilling
/DATA_ROOT/Desktop/matcher/Datasets/Urban8k/audio/fold1/165645-4-1-0.wav,drilling
/DATA_ROOT/Desktop/matcher/Datasets/Urban8k/audio/fold1/165645-4-2-0.wav,drilling
/DATA_ROOT/Desktop/matcher/Datasets/Urban8k/audio/fold1/165645-4-3-0.wav,drilling
/DATA_ROOT/Desktop/matcher/Datasets/Urban8k/audio/fold1/165645-4-4-0.wav,drilling
/DATA_ROOT/Desktop/matcher/Datasets/Urban8k/audio/fold1/165645-4-5-0.wav,drilling
/DATA_ROOT/Desktop/matcher/Datasets/Urban8k/audio/fold5/165774-7-0-0.wav,jackhammer
/DATA_ROOT/Desktop/matcher/Datasets/Urban8k/audio/fold5/165774-7-1-0.wav,jackhammer
/DATA_ROOT/Desktop/matcher/Datasets/Urban8k/audio/fold5/165774-7-2-0.wav,jackhammer
/DATA_ROOT/Desktop/matcher/Datasets/Urban8k/audio/fold5/165774-7-3-0.wav,jackhammer
/DATA_ROOT/Desktop/matcher/Datasets/Urban8k/audio/fold5/165774-7-4-0.wav,jackhammer
/DATA_ROOT/Desktop/matcher/Datasets/Urban8k/audio/fold5/165774-7-5-0.wav,jackhammer
/DATA_ROOT/Desktop/matcher/Datasets/Urban8k/audio/fold5/165774-7-6-0.wav,jackhammer
/DATA_ROOT/Desktop/matcher/Datasets/Urban8k/audio/fold5/165774-7-7-0.wav,jackhammer
/DATA_ROOT/Desktop/matcher/Datasets/Urban8k/audio/fold5/165774-7-8-0.wav,jackhammer
/DATA_ROOT/Desktop/matcher/Datasets/Urban8k/audio/fold2/165775-7-0-0.wav,jackhammer
/DATA_ROOT/Desktop/matcher/Datasets/Urban8k/audio/fold2/165775-7-1-0.wav,jackhammer
/DATA_ROOT/Desktop/matcher/Datasets/Urban8k/audio/fold4/165785-4-0-0.wav,drilling
/DATA_ROOT/Desktop/matcher/Datasets/Urban8k/audio/fold4/165785-4-1-0.wav,drilling
/DATA_ROOT/Desktop/matcher/Datasets/Urban8k/audio/fold4/165785-4-2-0.wav,drilling
/DATA_ROOT/Desktop/matcher/Datasets/Urban8k/audio/fold4/165785-4-3-0.wav,drilling
/DATA_ROOT/Desktop/matcher/Datasets/Urban8k/audio/fold4/165785-4-4-0.wav,drilling
/DATA_ROOT/Desktop/matcher/Datasets/Urban8k/audio/fold3/165786-4-0-0.wav,drilling
/DATA_ROOT/Desktop/matcher/Datasets/Urban8k/audio/fold3/166101-5-0-0.wav,engine+engine_idling
/DATA_ROOT/Desktop/matcher/Datasets/Urban8k/audio/fold3/166101-5-0-1.wav,engine+engine_idling
/DATA_ROOT/Desktop/matcher/Datasets/Urban8k/audio/fold3/166101-5-0-2.wav,engine+engine_idling
/DATA_ROOT/Desktop/matcher/Datasets/Urban8k/audio/fold3/166101-5-0-3.wav,engine+engine_idling
/DATA_ROOT/Desktop/matcher/Datasets/Urban8k/audio/fold3/166101-5-1-0.wav,engine+engine_idling
/DATA_ROOT/Desktop/matcher/Datasets/Urban8k/audio/fold3/166101-5-2-0.wav,engine+engine_idling
/DATA_ROOT/Desktop/matcher/Datasets/Urban8k/audio/fold3/166101-5-2-1.wav,engine+engine_idling
/DATA_ROOT/Desktop/matcher/Datasets/Urban8k/audio/fold3/166101-5-2-2.wav,engine+engine_idling
/DATA_ROOT/Desktop/matcher/Datasets/Urban8k/audio/fold3/166101-5-2-3.wav,engine+engine_idling
/DATA_ROOT/Desktop/matcher/Datasets/Urban8k/audio/fold3/166101-5-2-4.wav,engine+engine_idling
/DATA_ROOT/Desktop/matcher/Datasets/Urban8k/audio/fold3/166101-5-3-0.wav,engine+engine_idling
/DATA_ROOT/Desktop/matcher/Datasets/Urban8k/audio/fold4/16692-5-0-0.wav,engine+engine_idling
/DATA_ROOT/Desktop/matcher/Datasets/Urban8k/audio/fold4/16692-5-0-1.wav,engine+engine_idling
/DATA_ROOT/Desktop/matcher/Datasets/Urban8k/audio/fold4/16692-5-0-10.wav,engine+engine_idling
/DATA_ROOT/Desktop/matcher/Datasets/Urban8k/audio/fold4/16692-5-0-2.wav,engine+engine_idling
/DATA_ROOT/Desktop/matcher/Datasets/Urban8k/audio/fold4/16692-5-0-3.wav,engine+engine_idling
/DATA_ROOT/Desktop/matcher/Datasets/Urban8k/audio/fold4/16692-5-0-4.wav,engine+engine_idling
/DATA_ROOT/Desktop/matcher/Datasets/Urban8k/audio/fold4/16692-5-0-5.wav,engine+engine_idling
/DATA_ROOT/Desktop/matcher/Datasets/Urban8k/audio/fold4/16692-5-0-6.wav,engine+engine_idling
/DATA_ROOT/Desktop/matcher/Datasets/Urban8k/audio/fold4/16692-5-0-7.wav,engine+engine_idling
/DATA_ROOT/Desktop/matcher/Datasets/Urban8k/audio/fold4/16692-5-0-8.wav,engine+engine_idling
/DATA_ROOT/Desktop/matcher/Datasets/Urban8k/audio/fold4/16692-5-0-9.wav,engine+engine_idling
/DATA_ROOT/Desktop/matcher/Datasets/Urban8k/audio/fold6/166931-4-0-0.wav,drilling
/DATA_ROOT/Desktop/matcher/Datasets/Urban8k/audio/fold6/166931-4-0-1.wav,drilling
/DATA_ROOT/Desktop/matcher/Datasets/Urban8k/audio/fold6/166931-4-1-2.wav,drilling
/DATA_ROOT/Desktop/matcher/Datasets/Urban8k/audio/fold6/166931-4-1-4.wav,drilling
/DATA_ROOT/Desktop/matcher/Datasets/Urban8k/audio/fold6/166931-4-1-5.wav,drilling
/DATA_ROOT/Desktop/matcher/Datasets/Urban8k/audio/fold6/166931-4-1-6.wav,drilling
/DATA_ROOT/Desktop/matcher/Datasets/Urban8k/audio/fold6/166931-4-2-0.wav,drilling
/DATA_ROOT/Desktop/matcher/Datasets/Urban8k/audio/fold6/166931-4-2-12.wav,drilling
/DATA_ROOT/Desktop/matcher/Datasets/Urban8k/audio/fold6/166931-4-2-13.wav,drilling
/DATA_ROOT/Desktop/matcher/Datasets/Urban8k/audio/fold6/166931-4-2-3.wav,drilling
/DATA_ROOT/Desktop/matcher/Datasets/Urban8k/audio/fold6/166931-4-2-7.wav,drilling
/DATA_ROOT/Desktop/matcher/Datasets/Urban8k/audio/fold6/166931-4-2-8.wav,drilling
/DATA_ROOT/Desktop/matcher/Datasets/Urban8k/audio/fold6/166931-4-3-1.wav,drilling
/DATA_ROOT/Desktop/matcher/Datasets/Urban8k/audio/fold6/166931-4-3-2.wav,drilling
/DATA_ROOT/Desktop/matcher/Datasets/Urban8k/audio/fold6/166931-4-4-0.wav,drilling
/DATA_ROOT/Desktop/matcher/Datasets/Urban8k/audio/fold6/166931-4-4-2.wav,drilling
/DATA_ROOT/Desktop/matcher/Datasets/Urban8k/audio/fold6/166931-4-4-3.wav,drilling
/DATA_ROOT/Desktop/matcher/Datasets/Urban8k/audio/fold4/166942-0-0-0.wav,air_conditioner
/DATA_ROOT/Desktop/matcher/Datasets/Urban8k/audio/fold4/166942-0-0-1.wav,air_conditioner
/DATA_ROOT/Desktop/matcher/Datasets/Urban8k/audio/fold4/166942-0-0-10.wav,air_conditioner
/DATA_ROOT/Desktop/matcher/Datasets/Urban8k/audio/fold4/166942-0-0-11.wav,air_conditioner
/DATA_ROOT/Desktop/matcher/Datasets/Urban8k/audio/fold4/166942-0-0-12.wav,air_conditioner
/DATA_ROOT/Desktop/matcher/Datasets/Urban8k/audio/fold4/166942-0-0-13.wav,air_conditioner
/DATA_ROOT/Desktop/matcher/Datasets/Urban8k/audio/fold4/166942-0-0-14.wav,air_conditioner
/DATA_ROOT/Desktop/matcher/Datasets/Urban8k/audio/fold4/166942-0-0-15.wav,air_conditioner
/DATA_ROOT/Desktop/matcher/Datasets/Urban8k/audio/fold4/166942-0-0-2.wav,air_conditioner
/DATA_ROOT/Desktop/matcher/Datasets/Urban8k/audio/fold4/166942-0-0-3.wav,air_conditioner
/DATA_ROOT/Desktop/matcher/Datasets/Urban8k/audio/fold4/166942-0-0-4.wav,air_conditioner
/DATA_ROOT/Desktop/matcher/Datasets/Urban8k/audio/fold4/166942-0-0-5.wav,air_conditioner
/DATA_ROOT/Desktop/matcher/Datasets/Urban8k/audio/fold4/166942-0-0-6.wav,air_conditioner
/DATA_ROOT/Desktop/matcher/Datasets/Urban8k/audio/fold4/166942-0-0-7.wav,air_conditioner
/DATA_ROOT/Desktop/matcher/Datasets/Urban8k/audio/fold4/166942-0-0-8.wav,air_conditioner
/DATA_ROOT/Desktop/matcher/Datasets/Urban8k/audio/fold4/166942-0-0-9.wav,air_conditioner
/DATA_ROOT/Desktop/matcher/Datasets/Urban8k/audio/fold10/167464-0-0-0.wav,air_conditioner
/DATA_ROOT/Desktop/matcher/Datasets/Urban8k/audio/fold10/167464-0-0-1.wav,air_conditioner
/DATA_ROOT/Desktop/matcher/Datasets/Urban8k/audio/fold10/167464-0-0-10.wav,air_conditioner
/DATA_ROOT/Desktop/matcher/Datasets/Urban8k/audio/fold10/167464-0-0-11.wav,air_conditioner
/DATA_ROOT/Desktop/matcher/Datasets/Urban8k/audio/fold10/167464-0-0-12.wav,air_conditioner
/DATA_ROOT/Desktop/matcher/Datasets/Urban8k/audio/fold10/167464-0-0-13.wav,air_conditioner
/DATA_ROOT/Desktop/matcher/Datasets/Urban8k/audio/fold10/167464-0-0-14.wav,air_conditioner
/DATA_ROOT/Desktop/matcher/Datasets/Urban8k/audio/fold10/167464-0-0-15.wav,air_conditioner
/DATA_ROOT/Desktop/matcher/Datasets/Urban8k/audio/fold10/167464-0-0-16.wav,air_conditioner
/DATA_ROOT/Desktop/matcher/Datasets/Urban8k/audio/fold10/167464-0-0-17.wav,air_conditioner
/DATA_ROOT/Desktop/matcher/Datasets/Urban8k/audio/fold10/167464-0-0-18.wav,air_conditioner
/DATA_ROOT/Desktop/matcher/Datasets/Urban8k/audio/fold10/167464-0-0-19.wav,air_conditioner
/DATA_ROOT/Desktop/matcher/Datasets/Urban8k/audio/fold10/167464-0-0-2.wav,air_conditioner
/DATA_ROOT/Desktop/matcher/Datasets/Urban8k/audio/fold10/167464-0-0-20.wav,air_conditioner
/DATA_ROOT/Desktop/matcher/Datasets/Urban8k/audio/fold10/167464-0-0-21.wav,air_conditioner
/DATA_ROOT/Desktop/matcher/Datasets/Urban8k/audio/fold10/167464-0-0-22.wav,air_conditioner
/DATA_ROOT/Desktop/matcher/Datasets/Urban8k/audio/fold10/167464-0-0-23.wav,air_conditioner
/DATA_ROOT/Desktop/matcher/Datasets/Urban8k/audio/fold10/167464-0-0-24.wav,air_conditioner
/DATA_ROOT/Desktop/matcher/Datasets/Urban8k/audio/fold10/167464-0-0-3.wav,air_conditioner
/DATA_ROOT/Desktop/matcher/Datasets/Urban8k/audio/fold10/167464-0-0-4.wav,air_conditioner
/DATA_ROOT/Desktop/matcher/Datasets/Urban8k/audio/fold10/167464-0-0-5.wav,air_conditioner
/DATA_ROOT/Desktop/matcher/Datasets/Urban8k/audio/fold10/167464-0-0-6.wav,air_conditioner
/DATA_ROOT/Desktop/matcher/Datasets/Urban8k/audio/fold10/167464-0-0-7.wav,air_conditioner
/DATA_ROOT/Desktop/matcher/Datasets/Urban8k/audio/fold10/167464-0-0-8.wav,air_conditioner
/DATA_ROOT/Desktop/matcher/Datasets/Urban8k/audio/fold10/167464-0-0-9.wav,air_conditioner
/DATA_ROOT/Desktop/matcher/Datasets/Urban8k/audio/fold6/167701-4-0-0.wav,drilling
/DATA_ROOT/Desktop/matcher/Datasets/Urban8k/audio/fold6/167701-4-1-0.wav,drilling
/DATA_ROOT/Desktop/matcher/Datasets/Urban8k/audio/fold6/167701-4-10-0.wav,drilling
/DATA_ROOT/Desktop/matcher/Datasets/Urban8k/audio/fold6/167701-4-11-0.wav,drilling
/DATA_ROOT/Desktop/matcher/Datasets/Urban8k/audio/fold6/167701-4-12-0.wav,drilling
/DATA_ROOT/Desktop/matcher/Datasets/Urban8k/audio/fold6/167701-4-2-0.wav,drilling
/DATA_ROOT/Desktop/matcher/Datasets/Urban8k/audio/fold6/167701-4-3-0.wav,drilling
/DATA_ROOT/Desktop/matcher/Datasets/Urban8k/audio/fold6/167701-4-4-0.wav,drilling
/DATA_ROOT/Desktop/matcher/Datasets/Urban8k/audio/fold6/167701-4-5-0.wav,drilling
/DATA_ROOT/Desktop/matcher/Datasets/Urban8k/audio/fold6/167701-4-6-0.wav,drilling
/DATA_ROOT/Desktop/matcher/Datasets/Urban8k/audio/fold6/167701-4-6-1.wav,drilling
/DATA_ROOT/Desktop/matcher/Datasets/Urban8k/audio/fold6/167701-4-6-2.wav,drilling
/DATA_ROOT/Desktop/matcher/Datasets/Urban8k/audio/fold6/167701-4-6-3.wav,drilling
/DATA_ROOT/Desktop/matcher/Datasets/Urban8k/audio/fold6/167701-4-6-4.wav,drilling
/DATA_ROOT/Desktop/matcher/Datasets/Urban8k/audio/fold6/167701-4-7-0.wav,drilling
/DATA_ROOT/Desktop/matcher/Datasets/Urban8k/audio/fold6/167701-4-9-0.wav,drilling
/DATA_ROOT/Desktop/matcher/Datasets/Urban8k/audio/fold6/167701-4-9-1.wav,drilling
/DATA_ROOT/Desktop/matcher/Datasets/Urban8k/audio/fold8/167702-4-0-0.wav,drilling
/DATA_ROOT/Desktop/matcher/Datasets/Urban8k/audio/fold8/167702-4-1-0.wav,drilling
/DATA_ROOT/Desktop/matcher/Datasets/Urban8k/audio/fold8/167702-4-2-0.wav,drilling
/DATA_ROOT/Desktop/matcher/Datasets/Urban8k/audio/fold8/167702-4-3-0.wav,drilling
/DATA_ROOT/Desktop/matcher/Datasets/Urban8k/audio/fold8/167702-4-4-0.wav,drilling
/DATA_ROOT/Desktop/matcher/Datasets/Urban8k/audio/fold8/167702-4-5-0.wav,drilling
/DATA_ROOT/Desktop/matcher/Datasets/Urban8k/audio/fold8/167702-4-6-0.wav,drilling
/DATA_ROOT/Desktop/matcher/Datasets/Urban8k/audio/fold8/167702-4-7-0.wav,drilling
/DATA_ROOT/Desktop/matcher/Datasets/Urban8k/audio/fold8/167702-4-7-1.wav,drilling
/DATA_ROOT/Desktop/matcher/Datasets/Urban8k/audio/fold8/167702-4-8-0.wav,drilling
/DATA_ROOT/Desktop/matcher/Datasets/Urban8k/audio/fold8/167702-4-9-0.wav,drilling
/DATA_ROOT/Desktop/matcher/Datasets/Urban8k/audio/fold10/167750-4-0-0.wav,drilling
/DATA_ROOT/Desktop/matcher/Datasets/Urban8k/audio/fold10/167750-4-1-0.wav,drilling
/DATA_ROOT/Desktop/matcher/Datasets/Urban8k/audio/fold10/167750-4-2-0.wav,drilling
/DATA_ROOT/Desktop/matcher/Datasets/Urban8k/audio/fold10/167750-4-3-0.wav,drilling
/DATA_ROOT/Desktop/matcher/Datasets/Urban8k/audio/fold8/168037-4-0-0.wav,drilling
/DATA_ROOT/Desktop/matcher/Datasets/Urban8k/audio/fold8/168037-4-1-0.wav,drilling
/DATA_ROOT/Desktop/matcher/Datasets/Urban8k/audio/fold8/168037-4-10-0.wav,drilling
/DATA_ROOT/Desktop/matcher/Datasets/Urban8k/audio/fold8/168037-4-11-0.wav,drilling
/DATA_ROOT/Desktop/matcher/Datasets/Urban8k/audio/fold8/168037-4-12-0.wav,drilling
/DATA_ROOT/Desktop/matcher/Datasets/Urban8k/audio/fold8/168037-4-13-0.wav,drilling
/DATA_ROOT/Desktop/matcher/Datasets/Urban8k/audio/fold8/168037-4-2-0.wav,drilling
/DATA_ROOT/Desktop/matcher/Datasets/Urban8k/audio/fold8/168037-4-3-0.wav,drilling
/DATA_ROOT/Desktop/matcher/Datasets/Urban8k/audio/fold8/168037-4-4-0.wav,drilling
/DATA_ROOT/Desktop/matcher/Datasets/Urban8k/audio/fold8/168037-4-5-0.wav,drilling
/DATA_ROOT/Desktop/matcher/Datasets/Urban8k/audio/fold8/168037-4-6-0.wav,drilling
/DATA_ROOT/Desktop/matcher/Datasets/Urban8k/audio/fold8/168037-4-7-0.wav,drilling
/DATA_ROOT/Desktop/matcher/Datasets/Urban8k/audio/fold8/168037-4-8-0.wav,drilling
/DATA_ROOT/Desktop/matcher/Datasets/Urban8k/audio/fold8/168037-4-9-0.wav,drilling
/DATA_ROOT/Desktop/matcher/Datasets/Urban8k/audio/fold8/16860-9-0-26.wav,street_music
/DATA_ROOT/Desktop/matcher/Datasets/Urban8k/audio/fold8/16860-9-0-28.wav,street_music
/DATA_ROOT/Desktop/matcher/Datasets/Urban8k/audio/fold8/16860-9-0-30.wav,street_music
/DATA_ROOT/Desktop/matcher/Datasets/Urban8k/audio/fold8/16860-9-0-45.wav,street_music
/DATA_ROOT/Desktop/matcher/Datasets/Urban8k/audio/fold8/16860-9-0-50.wav,street_music
/DATA_ROOT/Desktop/matcher/Datasets/Urban8k/audio/fold8/16860-9-0-8.wav,street_music
/DATA_ROOT/Desktop/matcher/Datasets/Urban8k/audio/fold2/168713-9-0-32.wav,street_music
/DATA_ROOT/Desktop/matcher/Datasets/Urban8k/audio/fold2/168713-9-0-33.wav,street_music
/DATA_ROOT/Desktop/matcher/Datasets/Urban8k/audio/fold2/168713-9-0-38.wav,street_music
/DATA_ROOT/Desktop/matcher/Datasets/Urban8k/audio/fold2/168713-9-0-46.wav,street_music
/DATA_ROOT/Desktop/matcher/Datasets/Urban8k/audio/fold2/168713-9-0-62.wav,street_music
/DATA_ROOT/Desktop/matcher/Datasets/Urban8k/audio/fold2/168713-9-0-82.wav,street_music
/DATA_ROOT/Desktop/matcher/Datasets/Urban8k/audio/fold7/168846-5-0-0.wav,engine+engine_idling
/DATA_ROOT/Desktop/matcher/Datasets/Urban8k/audio/fold7/168846-5-0-1.wav,engine+engine_idling
/DATA_ROOT/Desktop/matcher/Datasets/Urban8k/audio/fold7/168846-5-0-2.wav,engine+engine_idling
/DATA_ROOT/Desktop/matcher/Datasets/Urban8k/audio/fold7/168846-5-1-0.wav,engine+engine_idling
/DATA_ROOT/Desktop/matcher/Datasets/Urban8k/audio/fold7/168846-5-1-1.wav,engine+engine_idling
/DATA_ROOT/Desktop/matcher/Datasets/Urban8k/audio/fold7/168846-5-1-10.wav,engine+engine_idling
/DATA_ROOT/Desktop/matcher/Datasets/Urban8k/audio/fold7/168846-5-1-11.wav,engine+engine_idling
/DATA_ROOT/Desktop/matcher/Datasets/Urban8k/audio/fold7/168846-5-1-12.wav,engine+engine_idling
/DATA_ROOT/Desktop/matcher/Datasets/Urban8k/audio/fold7/168846-5-1-13.wav,engine+engine_idling
/DATA_ROOT/Desktop/matcher/Datasets/Urban8k/audio/fold7/168846-5-1-14.wav,engine+engine_idling
/DATA_ROOT/Desktop/matcher/Datasets/Urban8k/audio/fold7/168846-5-1-2.wav,engine+engine_idling
/DATA_ROOT/Desktop/matcher/Datasets/Urban8k/audio/fold7/168846-5-1-3.wav,engine+engine_idling
/DATA_ROOT/Desktop/matcher/Datasets/Urban8k/audio/fold7/168846-5-1-4.wav,engine+engine_idling
/DATA_ROOT/Desktop/matcher/Datasets/Urban8k/audio/fold7/168846-5-1-5.wav,engine+engine_idling
/DATA_ROOT/Desktop/matcher/Datasets/Urban8k/audio/fold7/168846-5-1-6.wav,engine+engine_idling
/DATA_ROOT/Desktop/matcher/Datasets/Urban8k/audio/fold7/168846-5-1-7.wav,engine+engine_idling
/DATA_ROOT/Desktop/matcher/Datasets/Urban8k/audio/fold7/168846-5-1-8.wav,engine+engine_idling
/DATA_ROOT/Desktop/matcher/Datasets/Urban8k/audio/fold7/168846-5-1-9.wav,engine+engine_idling
/DATA_ROOT/Desktop/matcher/Datasets/Urban8k/audio/fold9/168906-9-0-114.wav,street_music
/DATA_ROOT/Desktop/matcher/Datasets/Urban8k/audio/fold9/168906-9-0-128.wav,street_music
/DATA_ROOT/Desktop/matcher/Datasets/Urban8k/audio/fold9/168906-9-0-28.wav,street_music
/DATA_ROOT/Desktop/matcher/Datasets/Urban8k/audio/fold9/168906-9-0-47.wav,street_music
/DATA_ROOT/Desktop/matcher/Datasets/Urban8k/audio/fold9/168906-9-0-73.wav,street_music
/DATA_ROOT/Desktop/matcher/Datasets/Urban8k/audio/fold9/168906-9-0-95.wav,street_music
/DATA_ROOT/Desktop/matcher/Datasets/Urban8k/audio/fold8/169043-2-0-10.wav,children_playing
/DATA_ROOT/Desktop/matcher/Datasets/Urban8k/audio/fold8/169043-2-0-13.wav,children_playing
/DATA_ROOT/Desktop/matcher/Datasets/Urban8k/audio/fold8/169043-2-0-15.wav,children_playing
/DATA_ROOT/Desktop/matcher/Datasets/Urban8k/audio/fold8/169043-2-0-21.wav,children_playing
/DATA_ROOT/Desktop/matcher/Datasets/Urban8k/audio/fold8/169043-2-0-24.wav,children_playing
/DATA_ROOT/Desktop/matcher/Datasets/Urban8k/audio/fold8/169043-2-0-28.wav,children_playing
/DATA_ROOT/Desktop/matcher/Datasets/Urban8k/audio/fold8/169043-2-0-3.wav,children_playing
/DATA_ROOT/Desktop/matcher/Datasets/Urban8k/audio/fold3/169044-2-0-10.wav,children_playing
/DATA_ROOT/Desktop/matcher/Datasets/Urban8k/audio/fold3/169044-2-0-13.wav,children_playing
/DATA_ROOT/Desktop/matcher/Datasets/Urban8k/audio/fold3/169044-2-0-18.wav,children_playing
/DATA_ROOT/Desktop/matcher/Datasets/Urban8k/audio/fold3/169044-2-0-21.wav,children_playing
/DATA_ROOT/Desktop/matcher/Datasets/Urban8k/audio/fold3/169044-2-0-25.wav,children_playing
/DATA_ROOT/Desktop/matcher/Datasets/Urban8k/audio/fold3/169044-2-0-3.wav,children_playing
/DATA_ROOT/Desktop/matcher/Datasets/Urban8k/audio/fold3/169044-2-0-5.wav,children_playing
/DATA_ROOT/Desktop/matcher/Datasets/Urban8k/audio/fold6/169045-2-0-0.wav,children_playing
/DATA_ROOT/Desktop/matcher/Datasets/Urban8k/audio/fold6/169045-2-0-1.wav,children_playing
/DATA_ROOT/Desktop/matcher/Datasets/Urban8k/audio/fold6/169045-2-0-14.wav,children_playing
/DATA_ROOT/Desktop/matcher/Datasets/Urban8k/audio/fold6/169045-2-0-16.wav,children_playing
/DATA_ROOT/Desktop/matcher/Datasets/Urban8k/audio/fold6/169045-2-0-20.wav,children_playing
/DATA_ROOT/Desktop/matcher/Datasets/Urban8k/audio/fold6/169045-2-0-3.wav,children_playing
/DATA_ROOT/Desktop/matcher/Datasets/Urban8k/audio/fold6/169045-2-0-8.wav,children_playing
/DATA_ROOT/Desktop/matcher/Datasets/Urban8k/audio/fold2/169098-7-0-0.wav,jackhammer
/DATA_ROOT/Desktop/matcher/Datasets/Urban8k/audio/fold2/169098-7-0-1.wav,jackhammer
/DATA_ROOT/Desktop/matcher/Datasets/Urban8k/audio/fold2/169098-7-0-2.wav,jackhammer
/DATA_ROOT/Desktop/matcher/Datasets/Urban8k/audio/fold2/169098-7-0-3.wav,jackhammer
/DATA_ROOT/Desktop/matcher/Datasets/Urban8k/audio/fold2/169098-7-0-4.wav,jackhammer
/DATA_ROOT/Desktop/matcher/Datasets/Urban8k/audio/fold2/169098-7-0-5.wav,jackhammer
/DATA_ROOT/Desktop/matcher/Datasets/Urban8k/audio/fold2/169098-7-0-6.wav,jackhammer
/DATA_ROOT/Desktop/matcher/Datasets/Urban8k/audio/fold2/169098-7-0-7.wav,jackhammer
/DATA_ROOT/Desktop/matcher/Datasets/Urban8k/audio/fold2/169098-7-0-8.wav,jackhammer
/DATA_ROOT/Desktop/matcher/Datasets/Urban8k/audio/fold2/169098-7-0-9.wav,jackhammer
/DATA_ROOT/Desktop/matcher/Datasets/Urban8k/audio/fold2/169098-7-1-0.wav,jackhammer
/DATA_ROOT/Desktop/matcher/Datasets/Urban8k/audio/fold2/169098-7-2-0.wav,jackhammer
/DATA_ROOT/Desktop/matcher/Datasets/Urban8k/audio/fold2/169098-7-3-0.wav,jackhammer
/DATA_ROOT/Desktop/matcher/Datasets/Urban8k/audio/fold2/169098-7-3-1.wav,jackhammer
/DATA_ROOT/Desktop/matcher/Datasets/Urban8k/audio/fold2/169098-7-4-0.wav,jackhammer
/DATA_ROOT/Desktop/matcher/Datasets/Urban8k/audio/fold2/169098-7-4-1.wav,jackhammer
/DATA_ROOT/Desktop/matcher/Datasets/Urban8k/audio/fold2/169098-7-4-10.wav,jackhammer
/DATA_ROOT/Desktop/matcher/Datasets/Urban8k/audio/fold2/169098-7-4-11.wav,jackhammer
/DATA_ROOT/Desktop/matcher/Datasets/Urban8k/audio/fold2/169098-7-4-2.wav,jackhammer
/DATA_ROOT/Desktop/matcher/Datasets/Urban8k/audio/fold2/169098-7-4-3.wav,jackhammer
/DATA_ROOT/Desktop/matcher/Datasets/Urban8k/audio/fold2/169098-7-4-4.wav,jackhammer
/DATA_ROOT/Desktop/matcher/Datasets/Urban8k/audio/fold2/169098-7-4-5.wav,jackhammer
/DATA_ROOT/Desktop/matcher/Datasets/Urban8k/audio/fold2/169098-7-4-6.wav,jackhammer
/DATA_ROOT/Desktop/matcher/Datasets/Urban8k/audio/fold2/169098-7-4-7.wav,jackhammer
/DATA_ROOT/Desktop/matcher/Datasets/Urban8k/audio/fold2/169098-7-4-8.wav,jackhammer
/DATA_ROOT/Desktop/matcher/Datasets/Urban8k/audio/fold2/169098-7-4-9.wav,jackhammer
/DATA_ROOT/Desktop/matcher/Datasets/Urban8k/audio/fold10/169261-6-0-0.wav,gun_shot
/DATA_ROOT/Desktop/matcher/Datasets/Urban8k/audio/fold4/169466-4-0-12.wav,drilling
/DATA_ROOT/Desktop/matcher/Datasets/Urban8k/audio/fold4/169466-4-0-7.wav,drilling
/DATA_ROOT/Desktop/matcher/Datasets/Urban8k/audio/fold4/169466-4-0-8.wav,drilling
/DATA_ROOT/Desktop/matcher/Datasets/Urban8k/audio/fold4/169466-4-1-3.wav,drilling
/DATA_ROOT/Desktop/matcher/Datasets/Urban8k/audio/fold4/169466-4-1-5.wav,drilling
/DATA_ROOT/Desktop/matcher/Datasets/Urban8k/audio/fold4/169466-4-1-8.wav,drilling
/DATA_ROOT/Desktop/matcher/Datasets/Urban8k/audio/fold4/169466-4-2-17.wav,drilling
/DATA_ROOT/Desktop/matcher/Datasets/Urban8k/audio/fold4/169466-4-2-18.wav,drilling
/DATA_ROOT/Desktop/matcher/Datasets/Urban8k/audio/fold4/169466-4-2-2.wav,drilling
/DATA_ROOT/Desktop/matcher/Datasets/Urban8k/audio/fold4/169466-4-2-21.wav,drilling
/DATA_ROOT/Desktop/matcher/Datasets/Urban8k/audio/fold4/169466-4-2-4.wav,drilling
/DATA_ROOT/Desktop/matcher/Datasets/Urban8k/audio/fold4/169466-4-2-6.wav,drilling
/DATA_ROOT/Desktop/matcher/Datasets/Urban8k/audio/fold4/169466-4-2-8.wav,drilling
/DATA_ROOT/Desktop/matcher/Datasets/Urban8k/audio/fold4/169466-4-3-1.wav,drilling
/DATA_ROOT/Desktop/matcher/Datasets/Urban8k/audio/fold4/169466-4-3-10.wav,drilling
/DATA_ROOT/Desktop/matcher/Datasets/Urban8k/audio/fold4/169466-4-3-12.wav,drilling
/DATA_ROOT/Desktop/matcher/Datasets/Urban8k/audio/fold4/169466-4-3-14.wav,drilling
/DATA_ROOT/Desktop/matcher/Datasets/Urban8k/audio/fold4/169466-4-3-3.wav,drilling
/DATA_ROOT/Desktop/matcher/Datasets/Urban8k/audio/fold4/169466-4-3-7.wav,drilling
/DATA_ROOT/Desktop/matcher/Datasets/Urban8k/audio/fold4/169466-4-3-8.wav,drilling
/DATA_ROOT/Desktop/matcher/Datasets/Urban8k/audio/fold4/169466-4-3-9.wav,drilling
/DATA_ROOT/Desktop/matcher/Datasets/Urban8k/audio/fold8/170022-0-0-0.wav,air_conditioner
/DATA_ROOT/Desktop/matcher/Datasets/Urban8k/audio/fold8/170022-0-0-1.wav,air_conditioner
/DATA_ROOT/Desktop/matcher/Datasets/Urban8k/audio/fold8/17009-2-0-0.wav,children_playing
/DATA_ROOT/Desktop/matcher/Datasets/Urban8k/audio/fold8/17009-2-0-1.wav,children_playing
/DATA_ROOT/Desktop/matcher/Datasets/Urban8k/audio/fold8/17009-2-0-10.wav,children_playing
/DATA_ROOT/Desktop/matcher/Datasets/Urban8k/audio/fold8/17009-2-0-3.wav,children_playing
/DATA_ROOT/Desktop/matcher/Datasets/Urban8k/audio/fold8/17009-2-0-4.wav,children_playing
/DATA_ROOT/Desktop/matcher/Datasets/Urban8k/audio/fold8/17009-2-0-6.wav,children_playing
/DATA_ROOT/Desktop/matcher/Datasets/Urban8k/audio/fold8/17009-2-0-9.wav,children_playing
/DATA_ROOT/Desktop/matcher/Datasets/Urban8k/audio/fold5/170245-0-0-0.wav,air_conditioner
/DATA_ROOT/Desktop/matcher/Datasets/Urban8k/audio/fold4/170564-2-0-0.wav,children_playing
/DATA_ROOT/Desktop/matcher/Datasets/Urban8k/audio/fold4/170564-2-0-3.wav,children_playing
/DATA_ROOT/Desktop/matcher/Datasets/Urban8k/audio/fold4/170564-2-1-22.wav,children_playing
/DATA_ROOT/Desktop/matcher/Datasets/Urban8k/audio/fold4/170564-2-1-27.wav,children_playing
/DATA_ROOT/Desktop/matcher/Datasets/Urban8k/audio/fold4/170564-2-1-31.wav,children_playing
/DATA_ROOT/Desktop/matcher/Datasets/Urban8k/audio/fold4/170564-2-1-32.wav,children_playing
/DATA_ROOT/Desktop/matcher/Datasets/Urban8k/audio/fold4/170564-2-1-34.wav,children_playing
/DATA_ROOT/Desktop/matcher/Datasets/Urban8k/audio/fold4/170564-2-1-9.wav,children_playing
/DATA_ROOT/Desktop/matcher/Datasets/Urban8k/audio/fold7/171165-9-0-103.wav,street_music
/DATA_ROOT/Desktop/matcher/Datasets/Urban8k/audio/fold7/171165-9-0-15.wav,street_music
/DATA_ROOT/Desktop/matcher/Datasets/Urban8k/audio/fold7/171165-9-0-19.wav,street_music
/DATA_ROOT/Desktop/matcher/Datasets/Urban8k/audio/fold7/171165-9-0-54.wav,street_music
/DATA_ROOT/Desktop/matcher/Datasets/Urban8k/audio/fold7/171165-9-0-70.wav,street_music
/DATA_ROOT/Desktop/matcher/Datasets/Urban8k/audio/fold7/171165-9-0-84.wav,street_music
/DATA_ROOT/Desktop/matcher/Datasets/Urban8k/audio/fold7/171184-9-0-17.wav,street_music
/DATA_ROOT/Desktop/matcher/Datasets/Urban8k/audio/fold7/171184-9-0-18.wav,street_music
/DATA_ROOT/Desktop/matcher/Datasets/Urban8k/audio/fold7/171184-9-0-19.wav,street_music
/DATA_ROOT/Desktop/matcher/Datasets/Urban8k/audio/fold7/171184-9-0-23.wav,street_music
/DATA_ROOT/Desktop/matcher/Datasets/Urban8k/audio/fold7/171184-9-0-6.wav,street_music
/DATA_ROOT/Desktop/matcher/Datasets/Urban8k/audio/fold7/171184-9-0-7.wav,street_music
/DATA_ROOT/Desktop/matcher/Datasets/Urban8k/audio/fold8/171243-9-0-11.wav,street_music
/DATA_ROOT/Desktop/matcher/Datasets/Urban8k/audio/fold8/171243-9-0-123.wav,street_music
/DATA_ROOT/Desktop/matcher/Datasets/Urban8k/audio/fold8/171243-9-0-31.wav,street_music
/DATA_ROOT/Desktop/matcher/Datasets/Urban8k/audio/fold8/171243-9-0-49.wav,street_music
/DATA_ROOT/Desktop/matcher/Datasets/Urban8k/audio/fold8/171243-9-0-81.wav,street_music
/DATA_ROOT/Desktop/matcher/Datasets/Urban8k/audio/fold8/171243-9-0-85.wav,street_music
/DATA_ROOT/Desktop/matcher/Datasets/Urban8k/audio/fold8/171243-9-0-91.wav,street_music
/DATA_ROOT/Desktop/matcher/Datasets/Urban8k/audio/fold4/171305-7-0-0.wav,jackhammer
/DATA_ROOT/Desktop/matcher/Datasets/Urban8k/audio/fold4/171305-7-1-0.wav,jackhammer
/DATA_ROOT/Desktop/matcher/Datasets/Urban8k/audio/fold4/171305-7-10-0.wav,jackhammer
/DATA_ROOT/Desktop/matcher/Datasets/Urban8k/audio/fold4/171305-7-11-0.wav,jackhammer
/DATA_ROOT/Desktop/matcher/Datasets/Urban8k/audio/fold4/171305-7-12-0.wav,jackhammer
/DATA_ROOT/Desktop/matcher/Datasets/Urban8k/audio/fold4/171305-7-13-0.wav,jackhammer
/DATA_ROOT/Desktop/matcher/Datasets/Urban8k/audio/fold4/171305-7-14-0.wav,jackhammer
/DATA_ROOT/Desktop/matcher/Datasets/Urban8k/audio/fold4/171305-7-15-0.wav,jackhammer
/DATA_ROOT/Desktop/matcher/Datasets/Urban8k/audio/fold4/171305-7-16-0.wav,jackhammer
/DATA_ROOT/Desktop/matcher/Datasets/Urban8k/audio/fold4/171305-7-17-0.wav,jackhammer
/DATA_ROOT/Desktop/matcher/Datasets/Urban8k/audio/fold4/171305-7-18-0.wav,jackhammer
/DATA_ROOT/Desktop/matcher/Datasets/Urban8k/audio/fold4/171305-7-19-0.wav,jackhammer
/DATA_ROOT/Desktop/matcher/Datasets/Urban8k/audio/fold4/171305-7-2-0.wav,jackhammer
/DATA_ROOT/Desktop/matcher/Datasets/Urban8k/audio/fold4/171305-7-20-0.wav,jackhammer
/DATA_ROOT/Desktop/matcher/Datasets/Urban8k/audio/fold4/171305-7-21-0.wav,jackhammer
/DATA_ROOT/Desktop/matcher/Datasets/Urban8k/audio/fold4/171305-7-22-0.wav,jackhammer
/DATA_ROOT/Desktop/matcher/Datasets/Urban8k/audio/fold4/171305-7-23-0.wav,jackhammer
/DATA_ROOT/Desktop/matcher/Datasets/Urban8k/audio/fold4/171305-7-24-0.wav,jackhammer
/DATA_ROOT/Desktop/matcher/Datasets/Urban8k/audio/fold4/171305-7-25-0.wav,jackhammer
/DATA_ROOT/Desktop/matcher/Datasets/Urban8k/audio/fold4/171305-7-26-0.wav,jackhammer
/DATA_ROOT/Desktop/matcher/Datasets/Urban8k/audio/fold4/171305-7-27-0.wav,jackhammer
/DATA_ROOT/Desktop/matcher/Datasets/Urban8k/audio/fold4/171305-7-28-0.wav,jackhammer
/DATA_ROOT/Desktop/matcher/Datasets/Urban8k/audio/fold4/171305-7-29-0.wav,jackhammer
/DATA_ROOT/Desktop/matcher/Datasets/Urban8k/audio/fold4/171305-7-3-0.wav,jackhammer
/DATA_ROOT/Desktop/matcher/Datasets/Urban8k/audio/fold4/171305-7-4-0.wav,jackhammer
/DATA_ROOT/Desktop/matcher/Datasets/Urban8k/audio/fold4/171305-7-5-0.wav,jackhammer
/DATA_ROOT/Desktop/matcher/Datasets/Urban8k/audio/fold4/171305-7-6-0.wav,jackhammer
/DATA_ROOT/Desktop/matcher/Datasets/Urban8k/audio/fold4/171305-7-7-0.wav,jackhammer
/DATA_ROOT/Desktop/matcher/Datasets/Urban8k/audio/fold4/171305-7-8-0.wav,jackhammer
/DATA_ROOT/Desktop/matcher/Datasets/Urban8k/audio/fold4/171305-7-8-1.wav,jackhammer
/DATA_ROOT/Desktop/matcher/Datasets/Urban8k/audio/fold4/171305-7-9-0.wav,jackhammer
/DATA_ROOT/Desktop/matcher/Datasets/Urban8k/audio/fold5/171388-9-0-202.wav,street_music
/DATA_ROOT/Desktop/matcher/Datasets/Urban8k/audio/fold5/171388-9-0-225.wav,street_music
/DATA_ROOT/Desktop/matcher/Datasets/Urban8k/audio/fold5/171388-9-0-246.wav,street_music
/DATA_ROOT/Desktop/matcher/Datasets/Urban8k/audio/fold5/171388-9-0-253.wav,street_music
/DATA_ROOT/Desktop/matcher/Datasets/Urban8k/audio/fold5/171388-9-0-43.wav,street_music
/DATA_ROOT/Desktop/matcher/Datasets/Urban8k/audio/fold5/171388-9-0-88.wav,street_music
/DATA_ROOT/Desktop/matcher/Datasets/Urban8k/audio/fold9/171406-9-0-124.wav,street_music
/DATA_ROOT/Desktop/matcher/Datasets/Urban8k/audio/fold9/171406-9-0-183.wav,street_music
/DATA_ROOT/Desktop/matcher/Datasets/Urban8k/audio/fold9/171406-9-0-23.wav,street_music
/DATA_ROOT/Desktop/matcher/Datasets/Urban8k/audio/fold9/171406-9-0-57.wav,street_music
/DATA_ROOT/Desktop/matcher/Datasets/Urban8k/audio/fold9/171406-9-0-7.wav,street_music
/DATA_ROOT/Desktop/matcher/Datasets/Urban8k/audio/fold9/171406-9-0-90.wav,street_music
/DATA_ROOT/Desktop/matcher/Datasets/Urban8k/audio/fold10/171478-9-0-26.wav,street_music
/DATA_ROOT/Desktop/matcher/Datasets/Urban8k/audio/fold10/171478-9-0-28.wav,street_music
/DATA_ROOT/Desktop/matcher/Datasets/Urban8k/audio/fold10/171478-9-0-38.wav,street_music
/DATA_ROOT/Desktop/matcher/Datasets/Urban8k/audio/fold10/171478-9-0-4.wav,street_music
/DATA_ROOT/Desktop/matcher/Datasets/Urban8k/audio/fold10/171478-9-0-55.wav,street_music
/DATA_ROOT/Desktop/matcher/Datasets/Urban8k/audio/fold10/171478-9-0-57.wav,street_music
/DATA_ROOT/Desktop/matcher/Datasets/Urban8k/audio/fold10/171478-9-0-58.wav,street_music
/DATA_ROOT/Desktop/matcher/Datasets/Urban8k/audio/fold1/172314-9-0-22.wav,street_music
/DATA_ROOT/Desktop/matcher/Datasets/Urban8k/audio/fold1/172314-9-0-40.wav,street_music
/DATA_ROOT/Desktop/matcher/Datasets/Urban8k/audio/fold1/172314-9-0-51.wav,street_music
/DATA_ROOT/Desktop/matcher/Datasets/Urban8k/audio/fold1/172314-9-0-52.wav,street_music
/DATA_ROOT/Desktop/matcher/Datasets/Urban8k/audio/fold1/172314-9-0-72.wav,street_music
/DATA_ROOT/Desktop/matcher/Datasets/Urban8k/audio/fold1/172314-9-0-80.wav,street_music
/DATA_ROOT/Desktop/matcher/Datasets/Urban8k/audio/fold3/172315-9-0-105.wav,street_music
/DATA_ROOT/Desktop/matcher/Datasets/Urban8k/audio/fold3/172315-9-0-113.wav,street_music
/DATA_ROOT/Desktop/matcher/Datasets/Urban8k/audio/fold3/172315-9-0-203.wav,street_music
/DATA_ROOT/Desktop/matcher/Datasets/Urban8k/audio/fold3/172315-9-0-211.wav,street_music
/DATA_ROOT/Desktop/matcher/Datasets/Urban8k/audio/fold3/172315-9-0-212.wav,street_music
/DATA_ROOT/Desktop/matcher/Datasets/Urban8k/audio/fold3/172315-9-0-224.wav,street_music
/DATA_ROOT/Desktop/matcher/Datasets/Urban8k/audio/fold4/172338-9-0-1.wav,street_music
/DATA_ROOT/Desktop/matcher/Datasets/Urban8k/audio/fold4/172338-9-0-20.wav,street_music
/DATA_ROOT/Desktop/matcher/Datasets/Urban8k/audio/fold4/172338-9-0-21.wav,street_music
/DATA_ROOT/Desktop/matcher/Datasets/Urban8k/audio/fold4/172338-9-0-39.wav,street_music
/DATA_ROOT/Desktop/matcher/Datasets/Urban8k/audio/fold4/172338-9-0-6.wav,street_music
/DATA_ROOT/Desktop/matcher/Datasets/Urban8k/audio/fold4/172338-9-0-7.wav,street_music
/DATA_ROOT/Desktop/matcher/Datasets/Urban8k/audio/fold5/172460-9-0-100.wav,street_music
/DATA_ROOT/Desktop/matcher/Datasets/Urban8k/audio/fold5/172460-9-0-101.wav,street_music
/DATA_ROOT/Desktop/matcher/Datasets/Urban8k/audio/fold5/172460-9-0-24.wav,street_music
/DATA_ROOT/Desktop/matcher/Datasets/Urban8k/audio/fold5/172460-9-0-31.wav,street_music
/DATA_ROOT/Desktop/matcher/Datasets/Urban8k/audio/fold5/172460-9-0-91.wav,street_music
/DATA_ROOT/Desktop/matcher/Datasets/Urban8k/audio/fold5/172460-9-0-94.wav,street_music
/DATA_ROOT/Desktop/matcher/Datasets/Urban8k/audio/fold10/172519-9-0-10.wav,street_music
/DATA_ROOT/Desktop/matcher/Datasets/Urban8k/audio/fold10/172519-9-0-13.wav,street_music
/DATA_ROOT/Desktop/matcher/Datasets/Urban8k/audio/fold10/172519-9-0-49.wav,street_music
/DATA_ROOT/Desktop/matcher/Datasets/Urban8k/audio/fold10/172519-9-0-53.wav,street_music
/DATA_ROOT/Desktop/matcher/Datasets/Urban8k/audio/fold10/172519-9-0-67.wav,street_music
/DATA_ROOT/Desktop/matcher/Datasets/Urban8k/audio/fold10/172519-9-0-8.wav,street_music
/DATA_ROOT/Desktop/matcher/Datasets/Urban8k/audio/fold2/172593-2-0-10.wav,children_playing
/DATA_ROOT/Desktop/matcher/Datasets/Urban8k/audio/fold2/172593-2-0-13.wav,children_playing
/DATA_ROOT/Desktop/matcher/Datasets/Urban8k/audio/fold2/172593-2-0-14.wav,children_playing
/DATA_ROOT/Desktop/matcher/Datasets/Urban8k/audio/fold2/172593-2-0-18.wav,children_playing
/DATA_ROOT/Desktop/matcher/Datasets/Urban8k/audio/fold2/172593-2-0-22.wav,children_playing
/DATA_ROOT/Desktop/matcher/Datasets/Urban8k/audio/fold2/172593-2-0-27.wav,children_playing
/DATA_ROOT/Desktop/matcher/Datasets/Urban8k/audio/fold2/172593-2-0-28.wav,children_playing
/DATA_ROOT/Desktop/matcher/Datasets/Urban8k/audio/fold2/172593-2-0-29.wav,children_playing
/DATA_ROOT/Desktop/matcher/Datasets/Urban8k/audio/fold7/173891-9-0-1.wav,street_music
/DATA_ROOT/Desktop/matcher/Datasets/Urban8k/audio/fold7/173891-9-0-10.wav,street_music
/DATA_ROOT/Desktop/matcher/Datasets/Urban8k/audio/fold7/173891-9-0-11.wav,street_music
/DATA_ROOT/Desktop/matcher/Datasets/Urban8k/audio/fold7/173891-9-0-17.wav,street_music
/DATA_ROOT/Desktop/matcher/Datasets/Urban8k/audio/fold7/173891-9-0-2.wav,street_music
/DATA_ROOT/Desktop/matcher/Datasets/Urban8k/audio/fold7/173891-9-0-7.wav,street_music
/DATA_ROOT/Desktop/matcher/Datasets/Urban8k/audio/fold4/174032-2-0-1.wav,children_playing
/DATA_ROOT/Desktop/matcher/Datasets/Urban8k/audio/fold4/174032-2-0-11.wav,children_playing
/DATA_ROOT/Desktop/matcher/Datasets/Urban8k/audio/fold4/174032-2-0-17.wav,children_playing
/DATA_ROOT/Desktop/matcher/Datasets/Urban8k/audio/fold4/174032-2-0-18.wav,children_playing
/DATA_ROOT/Desktop/matcher/Datasets/Urban8k/audio/fold4/174032-2-0-22.wav,children_playing
/DATA_ROOT/Desktop/matcher/Datasets/Urban8k/audio/fold4/174032-2-0-26.wav,children_playing
/DATA_ROOT/Desktop/matcher/Datasets/Urban8k/audio/fold4/174032-2-0-4.wav,children_playing
/DATA_ROOT/Desktop/matcher/Datasets/Urban8k/audio/fold1/174276-7-0-0.wav,jackhammer
/DATA_ROOT/Desktop/matcher/Datasets/Urban8k/audio/fold1/174276-7-1-0.wav,jackhammer
/DATA_ROOT/Desktop/matcher/Datasets/Urban8k/audio/fold1/174276-7-2-0.wav,jackhammer
/DATA_ROOT/Desktop/matcher/Datasets/Urban8k/audio/fold1/174276-7-3-0.wav,jackhammer
/DATA_ROOT/Desktop/matcher/Datasets/Urban8k/audio/fold1/174276-7-4-0.wav,jackhammer
/DATA_ROOT/Desktop/matcher/Datasets/Urban8k/audio/fold1/174276-7-5-0.wav,jackhammer
/DATA_ROOT/Desktop/matcher/Datasets/Urban8k/audio/fold1/174276-7-6-0.wav,jackhammer
/DATA_ROOT/Desktop/matcher/Datasets/Urban8k/audio/fold9/174282-6-0-0.wav,gun_shot
/DATA_ROOT/Desktop/matcher/Datasets/Urban8k/audio/fold9/174282-6-1-0.wav,gun_shot
/DATA_ROOT/Desktop/matcher/Datasets/Urban8k/audio/fold9/174282-6-2-0.wav,gun_shot
/DATA_ROOT/Desktop/matcher/Datasets/Urban8k/audio/fold7/174284-6-0-0.wav,gun_shot
/DATA_ROOT/Desktop/matcher/Datasets/Urban8k/audio/fold7/174284-6-1-0.wav,gun_shot
/DATA_ROOT/Desktop/matcher/Datasets/Urban8k/audio/fold7/174284-6-2-0.wav,gun_shot
/DATA_ROOT/Desktop/matcher/Datasets/Urban8k/audio/fold8/174285-6-0-0.wav,gun_shot
/DATA_ROOT/Desktop/matcher/Datasets/Urban8k/audio/fold8/174285-6-1-0.wav,gun_shot
/DATA_ROOT/Desktop/matcher/Datasets/Urban8k/audio/fold8/174285-6-2-0.wav,gun_shot
/DATA_ROOT/Desktop/matcher/Datasets/Urban8k/audio/fold9/174287-6-0-0.wav,gun_shot
/DATA_ROOT/Desktop/matcher/Datasets/Urban8k/audio/fold9/174287-6-1-0.wav,gun_shot
/DATA_ROOT/Desktop/matcher/Datasets/Urban8k/audio/fold9/174287-6-2-0.wav,gun_shot
/DATA_ROOT/Desktop/matcher/Datasets/Urban8k/audio/fold9/174287-6-3-0.wav,gun_shot
/DATA_ROOT/Desktop/matcher/Datasets/Urban8k/audio/fold10/174289-6-0-0.wav,gun_shot
/DATA_ROOT/Desktop/matcher/Datasets/Urban8k/audio/fold10/174289-6-1-0.wav,gun_shot
/DATA_ROOT/Desktop/matcher/Datasets/Urban8k/audio/fold10/174289-6-2-0.wav,gun_shot
/DATA_ROOT/Desktop/matcher/Datasets/Urban8k/audio/fold10/174289-6-3-0.wav,gun_shot
/DATA_ROOT/Desktop/matcher/Datasets/Urban8k/audio/fold1/174290-6-0-0.wav,gun_shot
/DATA_ROOT/Desktop/matcher/Datasets/Urban8k/audio/fold1/174290-6-1-0.wav,gun_shot
/DATA_ROOT/Desktop/matcher/Datasets/Urban8k/audio/fold1/174290-6-2-0.wav,gun_shot
/DATA_ROOT/Desktop/matcher/Datasets/Urban8k/audio/fold1/174290-6-3-0.wav,gun_shot
/DATA_ROOT/Desktop/matcher/Datasets/Urban8k/audio/fold10/174292-6-0-0.wav,gun_shot
/DATA_ROOT/Desktop/matcher/Datasets/Urban8k/audio/fold10/174292-6-1-0.wav,gun_shot
/DATA_ROOT/Desktop/matcher/Datasets/Urban8k/audio/fold10/174292-6-2-0.wav,gun_shot
/DATA_ROOT/Desktop/matcher/Datasets/Urban8k/audio/fold2/174293-6-0-0.wav,gun_shot
/DATA_ROOT/Desktop/matcher/Datasets/Urban8k/audio/fold2/174293-6-1-0.wav,gun_shot
/DATA_ROOT/Desktop/matcher/Datasets/Urban8k/audio/fold2/174293-6-2-0.wav,gun_shot
/DATA_ROOT/Desktop/matcher/Datasets/Urban8k/audio/fold1/174294-6-0-0.wav,gun_shot
/DATA_ROOT/Desktop/matcher/Datasets/Urban8k/audio/fold1/174294-6-1-0.wav,gun_shot
/DATA_ROOT/Desktop/matcher/Datasets/Urban8k/audio/fold1/174294-6-2-0.wav,gun_shot
/DATA_ROOT/Desktop/matcher/Datasets/Urban8k/audio/fold9/174786-2-0-18.wav,children_playing
/DATA_ROOT/Desktop/matcher/Datasets/Urban8k/audio/fold9/174786-2-0-19.wav,children_playing
/DATA_ROOT/Desktop/matcher/Datasets/Urban8k/audio/fold9/174786-2-0-27.wav,children_playing
/DATA_ROOT/Desktop/matcher/Datasets/Urban8k/audio/fold9/174786-2-0-30.wav,children_playing
/DATA_ROOT/Desktop/matcher/Datasets/Urban8k/audio/fold9/174786-2-0-39.wav,children_playing
/DATA_ROOT/Desktop/matcher/Datasets/Urban8k/audio/fold9/174786-2-0-60.wav,children_playing
/DATA_ROOT/Desktop/matcher/Datasets/Urban8k/audio/fold9/174786-2-0-75.wav,children_playing
/DATA_ROOT/Desktop/matcher/Datasets/Urban8k/audio/fold9/174786-2-0-89.wav,children_playing
/DATA_ROOT/Desktop/matcher/Datasets/Urban8k/audio/fold4/17480-2-0-11.wav,children_playing
/DATA_ROOT/Desktop/matcher/Datasets/Urban8k/audio/fold4/17480-2-0-24.wav,children_playing
/DATA_ROOT/Desktop/matcher/Datasets/Urban8k/audio/fold4/17480-2-0-25.wav,children_playing
/DATA_ROOT/Desktop/matcher/Datasets/Urban8k/audio/fold4/17480-2-0-30.wav,children_playing
/DATA_ROOT/Desktop/matcher/Datasets/Urban8k/audio/fold4/17480-2-0-35.wav,children_playing
/DATA_ROOT/Desktop/matcher/Datasets/Urban8k/audio/fold4/17480-2-0-5.wav,children_playing
/DATA_ROOT/Desktop/matcher/Datasets/Urban8k/audio/fold4/17480-2-0-6.wav,children_playing
/DATA_ROOT/Desktop/matcher/Datasets/Urban8k/audio/fold4/17480-2-0-9.wav,children_playing
/DATA_ROOT/Desktop/matcher/Datasets/Urban8k/audio/fold2/174906-2-0-10.wav,children_playing
/DATA_ROOT/Desktop/matcher/Datasets/Urban8k/audio/fold2/174906-2-0-11.wav,children_playing
/DATA_ROOT/Desktop/matcher/Datasets/Urban8k/audio/fold2/174906-2-0-14.wav,children_playing
/DATA_ROOT/Desktop/matcher/Datasets/Urban8k/audio/fold2/174906-2-0-18.wav,children_playing
/DATA_ROOT/Desktop/matcher/Datasets/Urban8k/audio/fold2/174906-2-0-20.wav,children_playing
/DATA_ROOT/Desktop/matcher/Datasets/Urban8k/audio/fold2/174906-2-0-21.wav,children_playing
/DATA_ROOT/Desktop/matcher/Datasets/Urban8k/audio/fold2/174906-2-0-6.wav,children_playing
/DATA_ROOT/Desktop/matcher/Datasets/Urban8k/audio/fold2/174906-2-0-8.wav,children_playing
/DATA_ROOT/Desktop/matcher/Datasets/Urban8k/audio/fold7/175296-2-0-123.wav,children_playing
/DATA_ROOT/Desktop/matcher/Datasets/Urban8k/audio/fold7/175296-2-0-128.wav,children_playing
/DATA_ROOT/Desktop/matcher/Datasets/Urban8k/audio/fold7/175296-2-0-140.wav,children_playing
/DATA_ROOT/Desktop/matcher/Datasets/Urban8k/audio/fold7/175296-2-0-212.wav,children_playing
/DATA_ROOT/Desktop/matcher/Datasets/Urban8k/audio/fold7/175296-2-0-3.wav,children_playing
/DATA_ROOT/Desktop/matcher/Datasets/Urban8k/audio/fold7/175296-2-0-54.wav,children_playing
/DATA_ROOT/Desktop/matcher/Datasets/Urban8k/audio/fold7/175296-2-0-76.wav,children_playing
/DATA_ROOT/Desktop/matcher/Datasets/Urban8k/audio/fold7/175296-2-0-86.wav,children_playing
/DATA_ROOT/Desktop/matcher/Datasets/Urban8k/audio/fold5/17578-5-0-0.wav,engine+engine_idling
/DATA_ROOT/Desktop/matcher/Datasets/Urban8k/audio/fold5/17578-5-0-1.wav,engine+engine_idling
/DATA_ROOT/Desktop/matcher/Datasets/Urban8k/audio/fold5/17578-5-0-10.wav,engine+engine_idling
/DATA_ROOT/Desktop/matcher/Datasets/Urban8k/audio/fold5/17578-5-0-11.wav,engine+engine_idling
/DATA_ROOT/Desktop/matcher/Datasets/Urban8k/audio/fold5/17578-5-0-12.wav,engine+engine_idling
/DATA_ROOT/Desktop/matcher/Datasets/Urban8k/audio/fold5/17578-5-0-14.wav,engine+engine_idling
/DATA_ROOT/Desktop/matcher/Datasets/Urban8k/audio/fold5/17578-5-0-15.wav,engine+engine_idling
/DATA_ROOT/Desktop/matcher/Datasets/Urban8k/audio/fold5/17578-5-0-16.wav,engine+engine_idling
/DATA_ROOT/Desktop/matcher/Datasets/Urban8k/audio/fold5/17578-5-0-18.wav,engine+engine_idling
/DATA_ROOT/Desktop/matcher/Datasets/Urban8k/audio/fold5/17578-5-0-2.wav,engine+engine_idling
/DATA_ROOT/Desktop/matcher/Datasets/Urban8k/audio/fold5/17578-5-0-21.wav,engine+engine_idling
/DATA_ROOT/Desktop/matcher/Datasets/Urban8k/audio/fold5/17578-5-0-22.wav,engine+engine_idling
/DATA_ROOT/Desktop/matcher/Datasets/Urban8k/audio/fold5/17578-5-0-23.wav,engine+engine_idling
/DATA_ROOT/Desktop/matcher/Datasets/Urban8k/audio/fold5/17578-5-0-24.wav,engine+engine_idling
/DATA_ROOT/Desktop/matcher/Datasets/Urban8k/audio/fold5/17578-5-0-25.wav,engine+engine_idling
/DATA_ROOT/Desktop/matcher/Datasets/Urban8k/audio/fold5/17578-5-0-26.wav,engine+engine_idling
/DATA_ROOT/Desktop/matcher/Datasets/Urban8k/audio/fold5/17578-5-0-27.wav,engine+engine_idling
/DATA_ROOT/Desktop/matcher/Datasets/Urban8k/audio/fold5/17578-5-0-28.wav,engine+engine_idling
/DATA_ROOT/Desktop/matcher/Datasets/Urban8k/audio/fold5/17578-5-0-29.wav,engine+engine_idling
/DATA_ROOT/Desktop/matcher/Datasets/Urban8k/audio/fold5/17578-5-0-3.wav,engine+engine_idling
/DATA_ROOT/Desktop/matcher/Datasets/Urban8k/audio/fold5/17578-5-0-30.wav,engine+engine_idling
/DATA_ROOT/Desktop/matcher/Datasets/Urban8k/audio/fold5/17578-5-0-31.wav,engine+engine_idling
/DATA_ROOT/Desktop/matcher/Datasets/Urban8k/audio/fold5/17578-5-0-32.wav,engine+engine_idling
/DATA_ROOT/Desktop/matcher/Datasets/Urban8k/audio/fold5/17578-5-0-33.wav,engine+engine_idling
/DATA_ROOT/Desktop/matcher/Datasets/Urban8k/audio/fold5/17578-5-0-34.wav,engine+engine_idling
/DATA_ROOT/Desktop/matcher/Datasets/Urban8k/audio/fold5/17578-5-0-35.wav,engine+engine_idling
/DATA_ROOT/Desktop/matcher/Datasets/Urban8k/audio/fold5/17578-5-0-4.wav,engine+engine_idling
/DATA_ROOT/Desktop/matcher/Datasets/Urban8k/audio/fold5/17578-5-0-5.wav,engine+engine_idling
/DATA_ROOT/Desktop/matcher/Datasets/Urban8k/audio/fold5/17578-5-0-6.wav,engine+engine_idling
/DATA_ROOT/Desktop/matcher/Datasets/Urban8k/audio/fold5/17578-5-0-7.wav,engine+engine_idling
/DATA_ROOT/Desktop/matcher/Datasets/Urban8k/audio/fold5/17578-5-0-8.wav,engine+engine_idling
/DATA_ROOT/Desktop/matcher/Datasets/Urban8k/audio/fold5/17578-5-0-9.wav,engine+engine_idling
/DATA_ROOT/Desktop/matcher/Datasets/Urban8k/audio/fold4/175904-2-0-11.wav,children_playing
/DATA_ROOT/Desktop/matcher/Datasets/Urban8k/audio/fold4/175904-2-0-12.wav,children_playing
/DATA_ROOT/Desktop/matcher/Datasets/Urban8k/audio/fold4/175904-2-0-124.wav,children_playing
/DATA_ROOT/Desktop/matcher/Datasets/Urban8k/audio/fold4/175904-2-0-24.wav,children_playing
/DATA_ROOT/Desktop/matcher/Datasets/Urban8k/audio/fold4/175904-2-0-41.wav,children_playing
/DATA_ROOT/Desktop/matcher/Datasets/Urban8k/audio/fold4/175904-2-0-64.wav,children_playing
/DATA_ROOT/Desktop/matcher/Datasets/Urban8k/audio/fold4/175904-2-0-76.wav,children_playing
/DATA_ROOT/Desktop/matcher/Datasets/Urban8k/audio/fold4/175904-2-0-98.wav,children_playing
/DATA_ROOT/Desktop/matcher/Datasets/Urban8k/audio/fold1/17592-5-0-0.wav,engine+engine_idling
/DATA_ROOT/Desktop/matcher/Datasets/Urban8k/audio/fold1/17592-5-1-0.wav,engine+engine_idling
/DATA_ROOT/Desktop/matcher/Datasets/Urban8k/audio/fold1/17592-5-1-1.wav,engine+engine_idling
/DATA_ROOT/Desktop/matcher/Datasets/Urban8k/audio/fold1/17592-5-1-2.wav,engine+engine_idling
/DATA_ROOT/Desktop/matcher/Datasets/Urban8k/audio/fold1/17592-5-1-3.wav,engine+engine_idling
/DATA_ROOT/Desktop/matcher/Datasets/Urban8k/audio/fold4/176638-5-0-0.wav,engine+engine_idling
/DATA_ROOT/Desktop/matcher/Datasets/Urban8k/audio/fold4/176638-5-0-1.wav,engine+engine_idling
/DATA_ROOT/Desktop/matcher/Datasets/Urban8k/audio/fold4/176638-5-0-2.wav,engine+engine_idling
/DATA_ROOT/Desktop/matcher/Datasets/Urban8k/audio/fold1/176714-2-0-18.wav,children_playing
/DATA_ROOT/Desktop/matcher/Datasets/Urban8k/audio/fold1/176714-2-0-23.wav,children_playing
/DATA_ROOT/Desktop/matcher/Datasets/Urban8k/audio/fold1/176714-2-0-26.wav,children_playing
/DATA_ROOT/Desktop/matcher/Datasets/Urban8k/audio/fold1/176714-2-0-33.wav,children_playing
/DATA_ROOT/Desktop/matcher/Datasets/Urban8k/audio/fold1/176714-2-0-40.wav,children_playing
/DATA_ROOT/Desktop/matcher/Datasets/Urban8k/audio/fold1/176714-2-0-51.wav,children_playing
/DATA_ROOT/Desktop/matcher/Datasets/Urban8k/audio/fold1/176714-2-0-55.wav,children_playing
/DATA_ROOT/Desktop/matcher/Datasets/Urban8k/audio/fold1/176714-2-0-77.wav,children_playing
/DATA_ROOT/Desktop/matcher/Datasets/Urban8k/audio/fold1/176787-5-0-0.wav,engine+engine_idling
/DATA_ROOT/Desktop/matcher/Datasets/Urban8k/audio/fold1/176787-5-0-1.wav,engine+engine_idling
/DATA_ROOT/Desktop/matcher/Datasets/Urban8k/audio/fold1/176787-5-0-10.wav,engine+engine_idling
/DATA_ROOT/Desktop/matcher/Datasets/Urban8k/audio/fold1/176787-5-0-11.wav,engine+engine_idling
/DATA_ROOT/Desktop/matcher/Datasets/Urban8k/audio/fold1/176787-5-0-12.wav,engine+engine_idling
/DATA_ROOT/Desktop/matcher/Datasets/Urban8k/audio/fold1/176787-5-0-13.wav,engine+engine_idling
/DATA_ROOT/Desktop/matcher/Datasets/Urban8k/audio/fold1/176787-5-0-14.wav,engine+engine_idling
/DATA_ROOT/Desktop/matcher/Datasets/Urban8k/audio/fold1/176787-5-0-15.wav,engine+engine_idling
/DATA_ROOT/Desktop/matcher/Datasets/Urban8k/audio/fold1/176787-5-0-16.wav,engine+engine_idling
/DATA_ROOT/Desktop/matcher/Datasets/Urban8k/audio/fold1/176787-5-0-17.wav,engine+engine_idling
/DATA_ROOT/Desktop/matcher/Datasets/Urban8k/audio/fold1/176787-5-0-18.wav,engine+engine_idling
/DATA_ROOT/Desktop/matcher/Datasets/Urban8k/audio/fold1/176787-5-0-19.wav,engine+engine_idling
/DATA_ROOT/Desktop/matcher/Datasets/Urban8k/audio/fold1/176787-5-0-2.wav,engine+engine_idling
/DATA_ROOT/Desktop/matcher/Datasets/Urban8k/audio/fold1/176787-5-0-20.wav,engine+engine_idling
/DATA_ROOT/Desktop/matcher/Datasets/Urban8k/audio/fold1/176787-5-0-21.wav,engine+engine_idling
/DATA_ROOT/Desktop/matcher/Datasets/Urban8k/audio/fold1/176787-5-0-22.wav,engine+engine_idling
/DATA_ROOT/Desktop/matcher/Datasets/Urban8k/audio/fold1/176787-5-0-23.wav,engine+engine_idling
/DATA_ROOT/Desktop/matcher/Datasets/Urban8k/audio/fold1/176787-5-0-24.wav,engine+engine_idling
/DATA_ROOT/Desktop/matcher/Datasets/Urban8k/audio/fold1/176787-5-0-25.wav,engine+engine_idling
/DATA_ROOT/Desktop/matcher/Datasets/Urban8k/audio/fold1/176787-5-0-26.wav,engine+engine_idling
/DATA_ROOT/Desktop/matcher/Datasets/Urban8k/audio/fold1/176787-5-0-27.wav,engine+engine_idling
/DATA_ROOT/Desktop/matcher/Datasets/Urban8k/audio/fold1/176787-5-0-28.wav,engine+engine_idling
/DATA_ROOT/Desktop/matcher/Datasets/Urban8k/audio/fold1/176787-5-0-29.wav,engine+engine_idling
/DATA_ROOT/Desktop/matcher/Datasets/Urban8k/audio/fold1/176787-5-0-3.wav,engine+engine_idling
/DATA_ROOT/Desktop/matcher/Datasets/Urban8k/audio/fold1/176787-5-0-30.wav,engine+engine_idling
/DATA_ROOT/Desktop/matcher/Datasets/Urban8k/audio/fold1/176787-5-0-4.wav,engine+engine_idling
/DATA_ROOT/Desktop/matcher/Datasets/Urban8k/audio/fold1/176787-5-0-5.wav,engine+engine_idling
/DATA_ROOT/Desktop/matcher/Datasets/Urban8k/audio/fold1/176787-5-0-6.wav,engine+engine_idling
/DATA_ROOT/Desktop/matcher/Datasets/Urban8k/audio/fold1/176787-5-0-7.wav,engine+engine_idling
/DATA_ROOT/Desktop/matcher/Datasets/Urban8k/audio/fold1/176787-5-0-8.wav,engine+engine_idling
/DATA_ROOT/Desktop/matcher/Datasets/Urban8k/audio/fold1/176787-5-0-9.wav,engine+engine_idling
/DATA_ROOT/Desktop/matcher/Datasets/Urban8k/audio/fold7/177537-7-0-0.wav,jackhammer
/DATA_ROOT/Desktop/matcher/Datasets/Urban8k/audio/fold7/177537-7-0-1.wav,jackhammer
/DATA_ROOT/Desktop/matcher/Datasets/Urban8k/audio/fold7/177537-7-0-10.wav,jackhammer
/DATA_ROOT/Desktop/matcher/Datasets/Urban8k/audio/fold7/177537-7-0-11.wav,jackhammer
/DATA_ROOT/Desktop/matcher/Datasets/Urban8k/audio/fold7/177537-7-0-12.wav,jackhammer
/DATA_ROOT/Desktop/matcher/Datasets/Urban8k/audio/fold7/177537-7-0-13.wav,jackhammer
/DATA_ROOT/Desktop/matcher/Datasets/Urban8k/audio/fold7/177537-7-0-14.wav,jackhammer
/DATA_ROOT/Desktop/matcher/Datasets/Urban8k/audio/fold7/177537-7-0-15.wav,jackhammer
/DATA_ROOT/Desktop/matcher/Datasets/Urban8k/audio/fold7/177537-7-0-16.wav,jackhammer
/DATA_ROOT/Desktop/matcher/Datasets/Urban8k/audio/fold7/177537-7-0-17.wav,jackhammer
/DATA_ROOT/Desktop/matcher/Datasets/Urban8k/audio/fold7/177537-7-0-18.wav,jackhammer
/DATA_ROOT/Desktop/matcher/Datasets/Urban8k/audio/fold7/177537-7-0-19.wav,jackhammer
/DATA_ROOT/Desktop/matcher/Datasets/Urban8k/audio/fold7/177537-7-0-2.wav,jackhammer
/DATA_ROOT/Desktop/matcher/Datasets/Urban8k/audio/fold7/177537-7-0-20.wav,jackhammer
/DATA_ROOT/Desktop/matcher/Datasets/Urban8k/audio/fold7/177537-7-0-21.wav,jackhammer
/DATA_ROOT/Desktop/matcher/Datasets/Urban8k/audio/fold7/177537-7-0-22.wav,jackhammer
/DATA_ROOT/Desktop/matcher/Datasets/Urban8k/audio/fold7/177537-7-0-23.wav,jackhammer
/DATA_ROOT/Desktop/matcher/Datasets/Urban8k/audio/fold7/177537-7-0-24.wav,jackhammer
/DATA_ROOT/Desktop/matcher/Datasets/Urban8k/audio/fold7/177537-7-0-25.wav,jackhammer
/DATA_ROOT/Desktop/matcher/Datasets/Urban8k/audio/fold7/177537-7-0-26.wav,jackhammer
/DATA_ROOT/Desktop/matcher/Datasets/Urban8k/audio/fold7/177537-7-0-27.wav,jackhammer
/DATA_ROOT/Desktop/matcher/Datasets/Urban8k/audio/fold7/177537-7-0-28.wav,jackhammer
/DATA_ROOT/Desktop/matcher/Datasets/Urban8k/audio/fold7/177537-7-0-29.wav,jackhammer
/DATA_ROOT/Desktop/matcher/Datasets/Urban8k/audio/fold7/177537-7-0-3.wav,jackhammer
/DATA_ROOT/Desktop/matcher/Datasets/Urban8k/audio/fold7/177537-7-0-30.wav,jackhammer
/DATA_ROOT/Desktop/matcher/Datasets/Urban8k/audio/fold7/177537-7-0-31.wav,jackhammer
/DATA_ROOT/Desktop/matcher/Datasets/Urban8k/audio/fold7/177537-7-0-4.wav,jackhammer
/DATA_ROOT/Desktop/matcher/Datasets/Urban8k/audio/fold7/177537-7-0-5.wav,jackhammer
/DATA_ROOT/Desktop/matcher/Datasets/Urban8k/audio/fold7/177537-7-0-6.wav,jackhammer
/DATA_ROOT/Desktop/matcher/Datasets/Urban8k/audio/fold7/177537-7-0-7.wav,jackhammer
/DATA_ROOT/Desktop/matcher/Datasets/Urban8k/audio/fold7/177537-7-0-8.wav,jackhammer
/DATA_ROOT/Desktop/matcher/Datasets/Urban8k/audio/fold7/177537-7-0-9.wav,jackhammer
/DATA_ROOT/Desktop/matcher/Datasets/Urban8k/audio/fold7/177537-7-1-0.wav,jackhammer
/DATA_ROOT/Desktop/matcher/Datasets/Urban8k/audio/fold7/177537-7-1-1.wav,jackhammer
/DATA_ROOT/Desktop/matcher/Datasets/Urban8k/audio/fold7/177537-7-1-10.wav,jackhammer
/DATA_ROOT/Desktop/matcher/Datasets/Urban8k/audio/fold7/177537-7-1-2.wav,jackhammer
/DATA_ROOT/Desktop/matcher/Datasets/Urban8k/audio/fold7/177537-7-1-3.wav,jackhammer
/DATA_ROOT/Desktop/matcher/Datasets/Urban8k/audio/fold7/177537-7-1-4.wav,jackhammer
/DATA_ROOT/Desktop/matcher/Datasets/Urban8k/audio/fold7/177537-7-1-5.wav,jackhammer
/DATA_ROOT/Desktop/matcher/Datasets/Urban8k/audio/fold7/177537-7-1-6.wav,jackhammer
/DATA_ROOT/Desktop/matcher/Datasets/Urban8k/audio/fold7/177537-7-1-7.wav,jackhammer
/DATA_ROOT/Desktop/matcher/Datasets/Urban8k/audio/fold7/177537-7-1-8.wav,jackhammer
/DATA_ROOT/Desktop/matcher/Datasets/Urban8k/audio/fold7/177537-7-1-9.wav,jackhammer
/DATA_ROOT/Desktop/matcher/Datasets/Urban8k/audio/fold7/177537-7-2-0.wav,jackhammer
/DATA_ROOT/Desktop/matcher/Datasets/Urban8k/audio/fold7/177537-7-2-1.wav,jackhammer
/DATA_ROOT/Desktop/matcher/Datasets/Urban8k/audio/fold2/177592-5-0-0.wav,engine+engine_idling
/DATA_ROOT/Desktop/matcher/Datasets/Urban8k/audio/fold2/177592-5-0-1.wav,engine+engine_idling
/DATA_ROOT/Desktop/matcher/Datasets/Urban8k/audio/fold2/177592-5-0-10.wav,engine+engine_idling
/DATA_ROOT/Desktop/matcher/Datasets/Urban8k/audio/fold2/177592-5-0-2.wav,engine+engine_idling
/DATA_ROOT/Desktop/matcher/Datasets/Urban8k/audio/fold2/177592-5-0-3.wav,engine+engine_idling
/DATA_ROOT/Desktop/matcher/Datasets/Urban8k/audio/fold2/177592-5-0-4.wav,engine+engine_idling
/DATA_ROOT/Desktop/matcher/Datasets/Urban8k/audio/fold2/177592-5-0-5.wav,engine+engine_idling
/DATA_ROOT/Desktop/matcher/Datasets/Urban8k/audio/fold2/177592-5-0-6.wav,engine+engine_idling
/DATA_ROOT/Desktop/matcher/Datasets/Urban8k/audio/fold2/177592-5-0-7.wav,engine+engine_idling
/DATA_ROOT/Desktop/matcher/Datasets/Urban8k/audio/fold2/177592-5-0-8.wav,engine+engine_idling
/DATA_ROOT/Desktop/matcher/Datasets/Urban8k/audio/fold2/177592-5-0-9.wav,engine+engine_idling
/DATA_ROOT/Desktop/matcher/Datasets/Urban8k/audio/fold1/177621-0-0-0.wav,air_conditioner
/DATA_ROOT/Desktop/matcher/Datasets/Urban8k/audio/fold1/177621-0-0-100.wav,air_conditioner
/DATA_ROOT/Desktop/matcher/Datasets/Urban8k/audio/fold1/177621-0-0-104.wav,air_conditioner
/DATA_ROOT/Desktop/matcher/Datasets/Urban8k/audio/fold1/177621-0-0-105.wav,air_conditioner
/DATA_ROOT/Desktop/matcher/Datasets/Urban8k/audio/fold1/177621-0-0-109.wav,air_conditioner
/DATA_ROOT/Desktop/matcher/Datasets/Urban8k/audio/fold1/177621-0-0-117.wav,air_conditioner
/DATA_ROOT/Desktop/matcher/Datasets/Urban8k/audio/fold1/177621-0-0-120.wav,air_conditioner
/DATA_ROOT/Desktop/matcher/Datasets/Urban8k/audio/fold1/177621-0-0-126.wav,air_conditioner
/DATA_ROOT/Desktop/matcher/Datasets/Urban8k/audio/fold1/177621-0-0-127.wav,air_conditioner
/DATA_ROOT/Desktop/matcher/Datasets/Urban8k/audio/fold1/177621-0-0-128.wav,air_conditioner
/DATA_ROOT/Desktop/matcher/Datasets/Urban8k/audio/fold1/177621-0-0-145.wav,air_conditioner
/DATA_ROOT/Desktop/matcher/Datasets/Urban8k/audio/fold1/177621-0-0-147.wav,air_conditioner
/DATA_ROOT/Desktop/matcher/Datasets/Urban8k/audio/fold1/177621-0-0-2.wav,air_conditioner
/DATA_ROOT/Desktop/matcher/Datasets/Urban8k/audio/fold1/177621-0-0-27.wav,air_conditioner
/DATA_ROOT/Desktop/matcher/Datasets/Urban8k/audio/fold1/177621-0-0-31.wav,air_conditioner
/DATA_ROOT/Desktop/matcher/Datasets/Urban8k/audio/fold1/177621-0-0-35.wav,air_conditioner
/DATA_ROOT/Desktop/matcher/Datasets/Urban8k/audio/fold1/177621-0-0-46.wav,air_conditioner
/DATA_ROOT/Desktop/matcher/Datasets/Urban8k/audio/fold1/177621-0-0-47.wav,air_conditioner
/DATA_ROOT/Desktop/matcher/Datasets/Urban8k/audio/fold1/177621-0-0-48.wav,air_conditioner
/DATA_ROOT/Desktop/matcher/Datasets/Urban8k/audio/fold1/177621-0-0-54.wav,air_conditioner
/DATA_ROOT/Desktop/matcher/Datasets/Urban8k/audio/fold1/177621-0-0-57.wav,air_conditioner
/DATA_ROOT/Desktop/matcher/Datasets/Urban8k/audio/fold1/177621-0-0-80.wav,air_conditioner
/DATA_ROOT/Desktop/matcher/Datasets/Urban8k/audio/fold1/177621-0-0-88.wav,air_conditioner
/DATA_ROOT/Desktop/matcher/Datasets/Urban8k/audio/fold1/177621-0-0-91.wav,air_conditioner
/DATA_ROOT/Desktop/matcher/Datasets/Urban8k/audio/fold1/177621-0-0-93.wav,air_conditioner
/DATA_ROOT/Desktop/matcher/Datasets/Urban8k/audio/fold8/177726-0-0-1.wav,air_conditioner
/DATA_ROOT/Desktop/matcher/Datasets/Urban8k/audio/fold8/177726-0-0-10.wav,air_conditioner
/DATA_ROOT/Desktop/matcher/Datasets/Urban8k/audio/fold8/177726-0-0-11.wav,air_conditioner
/DATA_ROOT/Desktop/matcher/Datasets/Urban8k/audio/fold8/177726-0-0-12.wav,air_conditioner
/DATA_ROOT/Desktop/matcher/Datasets/Urban8k/audio/fold8/177726-0-0-13.wav,air_conditioner
/DATA_ROOT/Desktop/matcher/Datasets/Urban8k/audio/fold8/177726-0-0-14.wav,air_conditioner
/DATA_ROOT/Desktop/matcher/Datasets/Urban8k/audio/fold8/177726-0-0-15.wav,air_conditioner
/DATA_ROOT/Desktop/matcher/Datasets/Urban8k/audio/fold8/177726-0-0-17.wav,air_conditioner
/DATA_ROOT/Desktop/matcher/Datasets/Urban8k/audio/fold8/177726-0-0-18.wav,air_conditioner
/DATA_ROOT/Desktop/matcher/Datasets/Urban8k/audio/fold8/177726-0-0-19.wav,air_conditioner
/DATA_ROOT/Desktop/matcher/Datasets/Urban8k/audio/fold8/177726-0-0-2.wav,air_conditioner
/DATA_ROOT/Desktop/matcher/Datasets/Urban8k/audio/fold8/177726-0-0-21.wav,air_conditioner
/DATA_ROOT/Desktop/matcher/Datasets/Urban8k/audio/fold8/177726-0-0-22.wav,air_conditioner
/DATA_ROOT/Desktop/matcher/Datasets/Urban8k/audio/fold8/177726-0-0-23.wav,air_conditioner
/DATA_ROOT/Desktop/matcher/Datasets/Urban8k/audio/fold8/177726-0-0-25.wav,air_conditioner
/DATA_ROOT/Desktop/matcher/Datasets/Urban8k/audio/fold8/177726-0-0-26.wav,air_conditioner
/DATA_ROOT/Desktop/matcher/Datasets/Urban8k/audio/fold8/177726-0-0-27.wav,air_conditioner
/DATA_ROOT/Desktop/matcher/Datasets/Urban8k/audio/fold8/177726-0-0-28.wav,air_conditioner
/DATA_ROOT/Desktop/matcher/Datasets/Urban8k/audio/fold8/177726-0-0-29.wav,air_conditioner
/DATA_ROOT/Desktop/matcher/Datasets/Urban8k/audio/fold8/177726-0-0-3.wav,air_conditioner
/DATA_ROOT/Desktop/matcher/Datasets/Urban8k/audio/fold8/177726-0-0-30.wav,air_conditioner
/DATA_ROOT/Desktop/matcher/Datasets/Urban8k/audio/fold8/177726-0-0-31.wav,air_conditioner
/DATA_ROOT/Desktop/matcher/Datasets/Urban8k/audio/fold8/177726-0-0-32.wav,air_conditioner
/DATA_ROOT/Desktop/matcher/Datasets/Urban8k/audio/fold8/177726-0-0-33.wav,air_conditioner
/DATA_ROOT/Desktop/matcher/Datasets/Urban8k/audio/fold8/177726-0-0-34.wav,air_conditioner
/DATA_ROOT/Desktop/matcher/Datasets/Urban8k/audio/fold8/177726-0-0-36.wav,air_conditioner
/DATA_ROOT/Desktop/matcher/Datasets/Urban8k/audio/fold8/177726-0-0-37.wav,air_conditioner
/DATA_ROOT/Desktop/matcher/Datasets/Urban8k/audio/fold8/177726-0-0-5.wav,air_conditioner
/DATA_ROOT/Desktop/matcher/Datasets/Urban8k/audio/fold8/177726-0-0-6.wav,air_conditioner
/DATA_ROOT/Desktop/matcher/Datasets/Urban8k/audio/fold8/177726-0-0-7.wav,air_conditioner
/DATA_ROOT/Desktop/matcher/Datasets/Urban8k/audio/fold8/177726-0-0-8.wav,air_conditioner
/DATA_ROOT/Desktop/matcher/Datasets/Urban8k/audio/fold8/177726-0-0-9.wav,air_conditioner
/DATA_ROOT/Desktop/matcher/Datasets/Urban8k/audio/fold7/177729-0-0-1.wav,air_conditioner
/DATA_ROOT/Desktop/matcher/Datasets/Urban8k/audio/fold7/177729-0-0-106.wav,air_conditioner
/DATA_ROOT/Desktop/matcher/Datasets/Urban8k/audio/fold7/177729-0-0-108.wav,air_conditioner
/DATA_ROOT/Desktop/matcher/Datasets/Urban8k/audio/fold7/177729-0-0-111.wav,air_conditioner
/DATA_ROOT/Desktop/matcher/Datasets/Urban8k/audio/fold7/177729-0-0-120.wav,air_conditioner
/DATA_ROOT/Desktop/matcher/Datasets/Urban8k/audio/fold7/177729-0-0-128.wav,air_conditioner
/DATA_ROOT/Desktop/matcher/Datasets/Urban8k/audio/fold7/177729-0-0-20.wav,air_conditioner
/DATA_ROOT/Desktop/matcher/Datasets/Urban8k/audio/fold7/177729-0-0-22.wav,air_conditioner
/DATA_ROOT/Desktop/matcher/Datasets/Urban8k/audio/fold7/177729-0-0-27.wav,air_conditioner
/DATA_ROOT/Desktop/matcher/Datasets/Urban8k/audio/fold7/177729-0-0-28.wav,air_conditioner
/DATA_ROOT/Desktop/matcher/Datasets/Urban8k/audio/fold7/177729-0-0-3.wav,air_conditioner
/DATA_ROOT/Desktop/matcher/Datasets/Urban8k/audio/fold7/177729-0-0-38.wav,air_conditioner
/DATA_ROOT/Desktop/matcher/Datasets/Urban8k/audio/fold7/177729-0-0-40.wav,air_conditioner
/DATA_ROOT/Desktop/matcher/Datasets/Urban8k/audio/fold7/177729-0-0-42.wav,air_conditioner
/DATA_ROOT/Desktop/matcher/Datasets/Urban8k/audio/fold7/177729-0-0-50.wav,air_conditioner
/DATA_ROOT/Desktop/matcher/Datasets/Urban8k/audio/fold7/177729-0-0-51.wav,air_conditioner
/DATA_ROOT/Desktop/matcher/Datasets/Urban8k/audio/fold7/177729-0-0-53.wav,air_conditioner
/DATA_ROOT/Desktop/matcher/Datasets/Urban8k/audio/fold7/177729-0-0-58.wav,air_conditioner
/DATA_ROOT/Desktop/matcher/Datasets/Urban8k/audio/fold7/177729-0-0-63.wav,air_conditioner
/DATA_ROOT/Desktop/matcher/Datasets/Urban8k/audio/fold7/177729-0-0-67.wav,air_conditioner
/DATA_ROOT/Desktop/matcher/Datasets/Urban8k/audio/fold7/177729-0-0-68.wav,air_conditioner
/DATA_ROOT/Desktop/matcher/Datasets/Urban8k/audio/fold7/177729-0-0-69.wav,air_conditioner
/DATA_ROOT/Desktop/matcher/Datasets/Urban8k/audio/fold7/177729-0-0-73.wav,air_conditioner
/DATA_ROOT/Desktop/matcher/Datasets/Urban8k/audio/fold7/177729-0-0-74.wav,air_conditioner
/DATA_ROOT/Desktop/matcher/Datasets/Urban8k/audio/fold7/177729-0-0-80.wav,air_conditioner
/DATA_ROOT/Desktop/matcher/Datasets/Urban8k/audio/fold7/177729-0-0-82.wav,air_conditioner
/DATA_ROOT/Desktop/matcher/Datasets/Urban8k/audio/fold7/177729-0-0-83.wav,air_conditioner
/DATA_ROOT/Desktop/matcher/Datasets/Urban8k/audio/fold7/177729-0-0-89.wav,air_conditioner
/DATA_ROOT/Desktop/matcher/Datasets/Urban8k/audio/fold7/177729-0-0-91.wav,air_conditioner
/DATA_ROOT/Desktop/matcher/Datasets/Urban8k/audio/fold7/177729-0-0-97.wav,air_conditioner
/DATA_ROOT/Desktop/matcher/Datasets/Urban8k/audio/fold7/177729-0-0-98.wav,air_conditioner
/DATA_ROOT/Desktop/matcher/Datasets/Urban8k/audio/fold3/177742-0-0-10.wav,air_conditioner
/DATA_ROOT/Desktop/matcher/Datasets/Urban8k/audio/fold3/177742-0-0-102.wav,air_conditioner
/DATA_ROOT/Desktop/matcher/Datasets/Urban8k/audio/fold3/177742-0-0-111.wav,air_conditioner
/DATA_ROOT/Desktop/matcher/Datasets/Urban8k/audio/fold3/177742-0-0-149.wav,air_conditioner
/DATA_ROOT/Desktop/matcher/Datasets/Urban8k/audio/fold3/177742-0-0-161.wav,air_conditioner
/DATA_ROOT/Desktop/matcher/Datasets/Urban8k/audio/fold3/177742-0-0-164.wav,air_conditioner
/DATA_ROOT/Desktop/matcher/Datasets/Urban8k/audio/fold3/177742-0-0-165.wav,air_conditioner
/DATA_ROOT/Desktop/matcher/Datasets/Urban8k/audio/fold3/177742-0-0-17.wav,air_conditioner
/DATA_ROOT/Desktop/matcher/Datasets/Urban8k/audio/fold3/177742-0-0-178.wav,air_conditioner
/DATA_ROOT/Desktop/matcher/Datasets/Urban8k/audio/fold3/177742-0-0-196.wav,air_conditioner
/DATA_ROOT/Desktop/matcher/Datasets/Urban8k/audio/fold3/177742-0-0-202.wav,air_conditioner
/DATA_ROOT/Desktop/matcher/Datasets/Urban8k/audio/fold3/177742-0-0-203.wav,air_conditioner
/DATA_ROOT/Desktop/matcher/Datasets/Urban8k/audio/fold3/177742-0-0-204.wav,air_conditioner
/DATA_ROOT/Desktop/matcher/Datasets/Urban8k/audio/fold3/177742-0-0-205.wav,air_conditioner
/DATA_ROOT/Desktop/matcher/Datasets/Urban8k/audio/fold3/177742-0-0-211.wav,air_conditioner
/DATA_ROOT/Desktop/matcher/Datasets/Urban8k/audio/fold3/177742-0-0-214.wav,air_conditioner
/DATA_ROOT/Desktop/matcher/Datasets/Urban8k/audio/fold3/177742-0-0-3.wav,air_conditioner
/DATA_ROOT/Desktop/matcher/Datasets/Urban8k/audio/fold3/177742-0-0-36.wav,air_conditioner
/DATA_ROOT/Desktop/matcher/Datasets/Urban8k/audio/fold3/177742-0-0-49.wav,air_conditioner
/DATA_ROOT/Desktop/matcher/Datasets/Urban8k/audio/fold3/177742-0-0-58.wav,air_conditioner
/DATA_ROOT/Desktop/matcher/Datasets/Urban8k/audio/fold3/177742-0-0-67.wav,air_conditioner
/DATA_ROOT/Desktop/matcher/Datasets/Urban8k/audio/fold3/177742-0-0-73.wav,air_conditioner
/DATA_ROOT/Desktop/matcher/Datasets/Urban8k/audio/fold3/177742-0-0-84.wav,air_conditioner
/DATA_ROOT/Desktop/matcher/Datasets/Urban8k/audio/fold3/177742-0-0-99.wav,air_conditioner
/DATA_ROOT/Desktop/matcher/Datasets/Urban8k/audio/fold4/177756-2-0-10.wav,children_playing
/DATA_ROOT/Desktop/matcher/Datasets/Urban8k/audio/fold4/177756-2-0-12.wav,children_playing
/DATA_ROOT/Desktop/matcher/Datasets/Urban8k/audio/fold4/177756-2-0-16.wav,children_playing
/DATA_ROOT/Desktop/matcher/Datasets/Urban8k/audio/fold4/177756-2-0-17.wav,children_playing
/DATA_ROOT/Desktop/matcher/Datasets/Urban8k/audio/fold4/177756-2-0-19.wav,children_playing
/DATA_ROOT/Desktop/matcher/Datasets/Urban8k/audio/fold4/177756-2-0-4.wav,children_playing
/DATA_ROOT/Desktop/matcher/Datasets/Urban8k/audio/fold4/177756-2-0-5.wav,children_playing
/DATA_ROOT/Desktop/matcher/Datasets/Urban8k/audio/fold4/177756-2-0-7.wav,children_playing
/DATA_ROOT/Desktop/matcher/Datasets/Urban8k/audio/fold5/178099-9-0-0.wav,street_music
/DATA_ROOT/Desktop/matcher/Datasets/Urban8k/audio/fold5/178099-9-0-1.wav,street_music
/DATA_ROOT/Desktop/matcher/Datasets/Urban8k/audio/fold5/178099-9-0-10.wav,street_music
/DATA_ROOT/Desktop/matcher/Datasets/Urban8k/audio/fold5/178099-9-0-12.wav,street_music
/DATA_ROOT/Desktop/matcher/Datasets/Urban8k/audio/fold5/178099-9-0-6.wav,street_music
/DATA_ROOT/Desktop/matcher/Datasets/Urban8k/audio/fold5/178099-9-0-7.wav,street_music
/DATA_ROOT/Desktop/matcher/Datasets/Urban8k/audio/fold5/178260-7-0-0.wav,jackhammer
/DATA_ROOT/Desktop/matcher/Datasets/Urban8k/audio/fold5/178260-7-1-0.wav,jackhammer
/DATA_ROOT/Desktop/matcher/Datasets/Urban8k/audio/fold5/178260-7-1-1.wav,jackhammer
/DATA_ROOT/Desktop/matcher/Datasets/Urban8k/audio/fold5/178260-7-1-10.wav,jackhammer
/DATA_ROOT/Desktop/matcher/Datasets/Urban8k/audio/fold5/178260-7-1-2.wav,jackhammer
/DATA_ROOT/Desktop/matcher/Datasets/Urban8k/audio/fold5/178260-7-1-3.wav,jackhammer
/DATA_ROOT/Desktop/matcher/Datasets/Urban8k/audio/fold5/178260-7-1-4.wav,jackhammer
/DATA_ROOT/Desktop/matcher/Datasets/Urban8k/audio/fold5/178260-7-1-5.wav,jackhammer
/DATA_ROOT/Desktop/matcher/Datasets/Urban8k/audio/fold5/178260-7-1-6.wav,jackhammer
/DATA_ROOT/Desktop/matcher/Datasets/Urban8k/audio/fold5/178260-7-1-7.wav,jackhammer
/DATA_ROOT/Desktop/matcher/Datasets/Urban8k/audio/fold5/178260-7-1-8.wav,jackhammer
/DATA_ROOT/Desktop/matcher/Datasets/Urban8k/audio/fold5/178260-7-1-9.wav,jackhammer
/DATA_ROOT/Desktop/matcher/Datasets/Urban8k/audio/fold5/178260-7-2-0.wav,jackhammer
/DATA_ROOT/Desktop/matcher/Datasets/Urban8k/audio/fold5/178260-7-2-1.wav,jackhammer
/DATA_ROOT/Desktop/matcher/Datasets/Urban8k/audio/fold5/178260-7-2-2.wav,jackhammer
/DATA_ROOT/Desktop/matcher/Datasets/Urban8k/audio/fold5/178260-7-3-0.wav,jackhammer
/DATA_ROOT/Desktop/matcher/Datasets/Urban8k/audio/fold5/178260-7-3-1.wav,jackhammer
/DATA_ROOT/Desktop/matcher/Datasets/Urban8k/audio/fold5/178260-7-3-10.wav,jackhammer
/DATA_ROOT/Desktop/matcher/Datasets/Urban8k/audio/fold5/178260-7-3-11.wav,jackhammer
/DATA_ROOT/Desktop/matcher/Datasets/Urban8k/audio/fold5/178260-7-3-12.wav,jackhammer
/DATA_ROOT/Desktop/matcher/Datasets/Urban8k/audio/fold5/178260-7-3-2.wav,jackhammer
/DATA_ROOT/Desktop/matcher/Datasets/Urban8k/audio/fold5/178260-7-3-3.wav,jackhammer
/DATA_ROOT/Desktop/matcher/Datasets/Urban8k/audio/fold5/178260-7-3-4.wav,jackhammer
/DATA_ROOT/Desktop/matcher/Datasets/Urban8k/audio/fold5/178260-7-3-5.wav,jackhammer
/DATA_ROOT/Desktop/matcher/Datasets/Urban8k/audio/fold5/178260-7-3-6.wav,jackhammer
/DATA_ROOT/Desktop/matcher/Datasets/Urban8k/audio/fold5/178260-7-3-7.wav,jackhammer
/DATA_ROOT/Desktop/matcher/Datasets/Urban8k/audio/fold5/178260-7-3-8.wav,jackhammer
/DATA_ROOT/Desktop/matcher/Datasets/Urban8k/audio/fold5/178260-7-3-9.wav,jackhammer
/DATA_ROOT/Desktop/matcher/Datasets/Urban8k/audio/fold5/178260-7-4-0.wav,jackhammer
/DATA_ROOT/Desktop/matcher/Datasets/Urban8k/audio/fold5/178260-7-4-1.wav,jackhammer
/DATA_ROOT/Desktop/matcher/Datasets/Urban8k/audio/fold5/178260-7-5-0.wav,jackhammer
/DATA_ROOT/Desktop/matcher/Datasets/Urban8k/audio/fold5/178260-7-6-0.wav,jackhammer
/DATA_ROOT/Desktop/matcher/Datasets/Urban8k/audio/fold5/178260-7-7-0.wav,jackhammer
/DATA_ROOT/Desktop/matcher/Datasets/Urban8k/audio/fold10/178261-7-0-0.wav,jackhammer
/DATA_ROOT/Desktop/matcher/Datasets/Urban8k/audio/fold10/178261-7-1-0.wav,jackhammer
/DATA_ROOT/Desktop/matcher/Datasets/Urban8k/audio/fold10/178261-7-2-0.wav,jackhammer
/DATA_ROOT/Desktop/matcher/Datasets/Urban8k/audio/fold10/178261-7-3-0.wav,jackhammer
/DATA_ROOT/Desktop/matcher/Datasets/Urban8k/audio/fold10/178261-7-3-1.wav,jackhammer
/DATA_ROOT/Desktop/matcher/Datasets/Urban8k/audio/fold10/178261-7-3-2.wav,jackhammer
/DATA_ROOT/Desktop/matcher/Datasets/Urban8k/audio/fold10/178261-7-3-3.wav,jackhammer
/DATA_ROOT/Desktop/matcher/Datasets/Urban8k/audio/fold10/178261-7-3-4.wav,jackhammer
/DATA_ROOT/Desktop/matcher/Datasets/Urban8k/audio/fold10/178261-7-3-5.wav,jackhammer
/DATA_ROOT/Desktop/matcher/Datasets/Urban8k/audio/fold10/178261-7-3-6.wav,jackhammer
/DATA_ROOT/Desktop/matcher/Datasets/Urban8k/audio/fold2/178520-2-0-11.wav,children_playing
/DATA_ROOT/Desktop/matcher/Datasets/Urban8k/audio/fold2/178520-2-0-23.wav,children_playing
/DATA_ROOT/Desktop/matcher/Datasets/Urban8k/audio/fold2/178520-2-0-27.wav,children_playing
/DATA_ROOT/Desktop/matcher/Datasets/Urban8k/audio/fold2/178520-2-0-28.wav,children_playing
/DATA_ROOT/Desktop/matcher/Datasets/Urban8k/audio/fold2/178520-2-0-29.wav,children_playing
/DATA_ROOT/Desktop/matcher/Datasets/Urban8k/audio/fold2/178520-2-0-38.wav,children_playing
/DATA_ROOT/Desktop/matcher/Datasets/Urban8k/audio/fold2/178520-2-0-39.wav,children_playing
/DATA_ROOT/Desktop/matcher/Datasets/Urban8k/audio/fold2/178520-2-0-42.wav,children_playing
/DATA_ROOT/Desktop/matcher/Datasets/Urban8k/audio/fold2/178521-2-0-18.wav,children_playing
/DATA_ROOT/Desktop/matcher/Datasets/Urban8k/audio/fold2/178521-2-0-2.wav,children_playing
/DATA_ROOT/Desktop/matcher/Datasets/Urban8k/audio/fold2/178521-2-0-22.wav,children_playing
/DATA_ROOT/Desktop/matcher/Datasets/Urban8k/audio/fold2/178521-2-0-69.wav,children_playing
/DATA_ROOT/Desktop/matcher/Datasets/Urban8k/audio/fold2/178521-2-0-7.wav,children_playing
/DATA_ROOT/Desktop/matcher/Datasets/Urban8k/audio/fold2/178521-2-0-70.wav,children_playing
/DATA_ROOT/Desktop/matcher/Datasets/Urban8k/audio/fold2/178521-2-0-86.wav,children_playing
/DATA_ROOT/Desktop/matcher/Datasets/Urban8k/audio/fold2/178521-2-0-93.wav,children_playing
/DATA_ROOT/Desktop/matcher/Datasets/Urban8k/audio/fold3/17853-5-0-0.wav,engine+engine_idling
/DATA_ROOT/Desktop/matcher/Datasets/Urban8k/audio/fold3/17853-5-0-1.wav,engine+engine_idling
/DATA_ROOT/Desktop/matcher/Datasets/Urban8k/audio/fold3/17853-5-0-10.wav,engine+engine_idling
/DATA_ROOT/Desktop/matcher/Datasets/Urban8k/audio/fold3/17853-5-0-11.wav,engine+engine_idling
/DATA_ROOT/Desktop/matcher/Datasets/Urban8k/audio/fold3/17853-5-0-12.wav,engine+engine_idling
/DATA_ROOT/Desktop/matcher/Datasets/Urban8k/audio/fold3/17853-5-0-13.wav,engine+engine_idling
/DATA_ROOT/Desktop/matcher/Datasets/Urban8k/audio/fold3/17853-5-0-14.wav,engine+engine_idling
/DATA_ROOT/Desktop/matcher/Datasets/Urban8k/audio/fold3/17853-5-0-15.wav,engine+engine_idling
/DATA_ROOT/Desktop/matcher/Datasets/Urban8k/audio/fold3/17853-5-0-2.wav,engine+engine_idling
/DATA_ROOT/Desktop/matcher/Datasets/Urban8k/audio/fold3/17853-5-0-3.wav,engine+engine_idling
/DATA_ROOT/Desktop/matcher/Datasets/Urban8k/audio/fold3/17853-5-0-4.wav,engine+engine_idling
/DATA_ROOT/Desktop/matcher/Datasets/Urban8k/audio/fold3/17853-5-0-5.wav,engine+engine_idling
/DATA_ROOT/Desktop/matcher/Datasets/Urban8k/audio/fold3/17853-5-0-6.wav,engine+engine_idling
/DATA_ROOT/Desktop/matcher/Datasets/Urban8k/audio/fold3/17853-5-0-7.wav,engine+engine_idling
/DATA_ROOT/Desktop/matcher/Datasets/Urban8k/audio/fold3/17853-5-0-8.wav,engine+engine_idling
/DATA_ROOT/Desktop/matcher/Datasets/Urban8k/audio/fold3/17853-5-0-9.wav,engine+engine_idling
/DATA_ROOT/Desktop/matcher/Datasets/Urban8k/audio/fold5/178686-0-0-1.wav,air_conditioner
/DATA_ROOT/Desktop/matcher/Datasets/Urban8k/audio/fold5/178686-0-0-11.wav,air_conditioner
/DATA_ROOT/Desktop/matcher/Datasets/Urban8k/audio/fold5/178686-0-0-12.wav,air_conditioner
/DATA_ROOT/Desktop/matcher/Datasets/Urban8k/audio/fold5/178686-0-0-14.wav,air_conditioner
/DATA_ROOT/Desktop/matcher/Datasets/Urban8k/audio/fold5/178686-0-0-15.wav,air_conditioner
/DATA_ROOT/Desktop/matcher/Datasets/Urban8k/audio/fold5/178686-0-0-16.wav,air_conditioner
/DATA_ROOT/Desktop/matcher/Datasets/Urban8k/audio/fold5/178686-0-0-17.wav,air_conditioner
/DATA_ROOT/Desktop/matcher/Datasets/Urban8k/audio/fold5/178686-0-0-18.wav,air_conditioner
/DATA_ROOT/Desktop/matcher/Datasets/Urban8k/audio/fold5/178686-0-0-19.wav,air_conditioner
/DATA_ROOT/Desktop/matcher/Datasets/Urban8k/audio/fold5/178686-0-0-2.wav,air_conditioner
/DATA_ROOT/Desktop/matcher/Datasets/Urban8k/audio/fold5/178686-0-0-21.wav,air_conditioner
/DATA_ROOT/Desktop/matcher/Datasets/Urban8k/audio/fold5/178686-0-0-23.wav,air_conditioner
/DATA_ROOT/Desktop/matcher/Datasets/Urban8k/audio/fold5/178686-0-0-3.wav,air_conditioner
/DATA_ROOT/Desktop/matcher/Datasets/Urban8k/audio/fold5/178686-0-0-31.wav,air_conditioner
/DATA_ROOT/Desktop/matcher/Datasets/Urban8k/audio/fold5/178686-0-0-33.wav,air_conditioner
/DATA_ROOT/Desktop/matcher/Datasets/Urban8k/audio/fold5/178686-0-0-34.wav,air_conditioner
/DATA_ROOT/Desktop/matcher/Datasets/Urban8k/audio/fold5/178686-0-0-38.wav,air_conditioner
/DATA_ROOT/Desktop/matcher/Datasets/Urban8k/audio/fold5/178686-0-0-39.wav,air_conditioner
/DATA_ROOT/Desktop/matcher/Datasets/Urban8k/audio/fold5/178686-0-0-42.wav,air_conditioner
/DATA_ROOT/Desktop/matcher/Datasets/Urban8k/audio/fold5/178686-0-0-43.wav,air_conditioner
/DATA_ROOT/Desktop/matcher/Datasets/Urban8k/audio/fold5/178686-0-0-44.wav,air_conditioner
/DATA_ROOT/Desktop/matcher/Datasets/Urban8k/audio/fold5/178686-0-0-45.wav,air_conditioner
/DATA_ROOT/Desktop/matcher/Datasets/Urban8k/audio/fold5/178686-0-0-46.wav,air_conditioner
/DATA_ROOT/Desktop/matcher/Datasets/Urban8k/audio/fold5/178686-0-0-53.wav,air_conditioner
/DATA_ROOT/Desktop/matcher/Datasets/Urban8k/audio/fold5/178686-0-0-55.wav,air_conditioner
/DATA_ROOT/Desktop/matcher/Datasets/Urban8k/audio/fold5/178686-0-0-57.wav,air_conditioner
/DATA_ROOT/Desktop/matcher/Datasets/Urban8k/audio/fold5/178686-0-0-6.wav,air_conditioner
/DATA_ROOT/Desktop/matcher/Datasets/Urban8k/audio/fold5/178686-0-0-60.wav,air_conditioner
/DATA_ROOT/Desktop/matcher/Datasets/Urban8k/audio/fold5/178686-0-0-63.wav,air_conditioner
/DATA_ROOT/Desktop/matcher/Datasets/Urban8k/audio/fold5/178686-0-0-64.wav,air_conditioner
/DATA_ROOT/Desktop/matcher/Datasets/Urban8k/audio/fold5/178686-0-0-65.wav,air_conditioner
/DATA_ROOT/Desktop/matcher/Datasets/Urban8k/audio/fold5/178686-0-0-66.wav,air_conditioner
/DATA_ROOT/Desktop/matcher/Datasets/Urban8k/audio/fold5/178686-0-0-67.wav,air_conditioner
/DATA_ROOT/Desktop/matcher/Datasets/Urban8k/audio/fold5/178686-0-0-68.wav,air_conditioner
/DATA_ROOT/Desktop/matcher/Datasets/Urban8k/audio/fold5/178686-0-0-7.wav,air_conditioner
/DATA_ROOT/Desktop/matcher/Datasets/Urban8k/audio/fold5/178686-0-0-72.wav,air_conditioner
/DATA_ROOT/Desktop/matcher/Datasets/Urban8k/audio/fold5/178686-0-0-8.wav,air_conditioner
/DATA_ROOT/Desktop/matcher/Datasets/Urban8k/audio/fold5/178686-0-0-9.wav,air_conditioner
/DATA_ROOT/Desktop/matcher/Datasets/Urban8k/audio/fold5/178825-2-0-4.wav,children_playing
/DATA_ROOT/Desktop/matcher/Datasets/Urban8k/audio/fold5/178825-2-0-53.wav,children_playing
/DATA_ROOT/Desktop/matcher/Datasets/Urban8k/audio/fold5/178825-2-0-62.wav,children_playing
/DATA_ROOT/Desktop/matcher/Datasets/Urban8k/audio/fold5/178825-2-0-70.wav,children_playing
/DATA_ROOT/Desktop/matcher/Datasets/Urban8k/audio/fold5/178825-2-0-74.wav,children_playing
/DATA_ROOT/Desktop/matcher/Datasets/Urban8k/audio/fold5/178825-2-0-9.wav,children_playing
/DATA_ROOT/Desktop/matcher/Datasets/Urban8k/audio/fold5/178825-2-0-95.wav,children_playing
/DATA_ROOT/Desktop/matcher/Datasets/Urban8k/audio/fold10/178826-2-0-10.wav,children_playing
/DATA_ROOT/Desktop/matcher/Datasets/Urban8k/audio/fold10/178826-2-0-12.wav,children_playing
/DATA_ROOT/Desktop/matcher/Datasets/Urban8k/audio/fold10/178826-2-0-14.wav,children_playing
/DATA_ROOT/Desktop/matcher/Datasets/Urban8k/audio/fold10/178826-2-0-16.wav,children_playing
/DATA_ROOT/Desktop/matcher/Datasets/Urban8k/audio/fold10/178826-2-0-17.wav,children_playing
/DATA_ROOT/Desktop/matcher/Datasets/Urban8k/audio/fold10/178826-2-0-20.wav,children_playing
/DATA_ROOT/Desktop/matcher/Datasets/Urban8k/audio/fold10/178826-2-0-28.wav,children_playing
/DATA_ROOT/Desktop/matcher/Datasets/Urban8k/audio/fold10/178826-2-0-39.wav,children_playing
/DATA_ROOT/Desktop/matcher/Datasets/Urban8k/audio/fold8/179039-9-0-22.wav,street_music
/DATA_ROOT/Desktop/matcher/Datasets/Urban8k/audio/fold8/179039-9-0-23.wav,street_music
/DATA_ROOT/Desktop/matcher/Datasets/Urban8k/audio/fold8/179039-9-0-30.wav,street_music
/DATA_ROOT/Desktop/matcher/Datasets/Urban8k/audio/fold8/179039-9-0-38.wav,street_music
/DATA_ROOT/Desktop/matcher/Datasets/Urban8k/audio/fold8/179039-9-0-4.wav,street_music
/DATA_ROOT/Desktop/matcher/Datasets/Urban8k/audio/fold8/179039-9-0-40.wav,street_music
/DATA_ROOT/Desktop/matcher/Datasets/Urban8k/audio/fold1/17913-4-0-0.wav,drilling
/DATA_ROOT/Desktop/matcher/Datasets/Urban8k/audio/fold1/17913-4-0-1.wav,drilling
/DATA_ROOT/Desktop/matcher/Datasets/Urban8k/audio/fold1/17913-4-0-2.wav,drilling
/DATA_ROOT/Desktop/matcher/Datasets/Urban8k/audio/fold1/17913-4-1-0.wav,drilling
/DATA_ROOT/Desktop/matcher/Datasets/Urban8k/audio/fold1/17913-4-2-0.wav,drilling
/DATA_ROOT/Desktop/matcher/Datasets/Urban8k/audio/fold4/179212-4-0-0.wav,drilling
/DATA_ROOT/Desktop/matcher/Datasets/Urban8k/audio/fold6/179725-4-0-0.wav,drilling
/DATA_ROOT/Desktop/matcher/Datasets/Urban8k/audio/fold3/17973-2-0-17.wav,children_playing
/DATA_ROOT/Desktop/matcher/Datasets/Urban8k/audio/fold3/17973-2-0-21.wav,children_playing
/DATA_ROOT/Desktop/matcher/Datasets/Urban8k/audio/fold3/17973-2-0-22.wav,children_playing
/DATA_ROOT/Desktop/matcher/Datasets/Urban8k/audio/fold3/17973-2-0-29.wav,children_playing
/DATA_ROOT/Desktop/matcher/Datasets/Urban8k/audio/fold3/17973-2-0-31.wav,children_playing
/DATA_ROOT/Desktop/matcher/Datasets/Urban8k/audio/fold3/17973-2-0-32.wav,children_playing
/DATA_ROOT/Desktop/matcher/Datasets/Urban8k/audio/fold3/17973-2-0-8.wav,children_playing
/DATA_ROOT/Desktop/matcher/Datasets/Urban8k/audio/fold3/17973-2-0-9.wav,children_playing
/DATA_ROOT/Desktop/matcher/Datasets/Urban8k/audio/fold9/180029-4-1-0.wav,drilling
/DATA_ROOT/Desktop/matcher/Datasets/Urban8k/audio/fold9/180029-4-10-0.wav,drilling
/DATA_ROOT/Desktop/matcher/Datasets/Urban8k/audio/fold9/180029-4-11-0.wav,drilling
/DATA_ROOT/Desktop/matcher/Datasets/Urban8k/audio/fold9/180029-4-12-0.wav,drilling
/DATA_ROOT/Desktop/matcher/Datasets/Urban8k/audio/fold9/180029-4-13-0.wav,drilling
/DATA_ROOT/Desktop/matcher/Datasets/Urban8k/audio/fold9/180029-4-14-0.wav,drilling
/DATA_ROOT/Desktop/matcher/Datasets/Urban8k/audio/fold9/180029-4-15-0.wav,drilling
/DATA_ROOT/Desktop/matcher/Datasets/Urban8k/audio/fold9/180029-4-16-0.wav,drilling
/DATA_ROOT/Desktop/matcher/Datasets/Urban8k/audio/fold9/180029-4-19-0.wav,drilling
/DATA_ROOT/Desktop/matcher/Datasets/Urban8k/audio/fold9/180029-4-2-0.wav,drilling
/DATA_ROOT/Desktop/matcher/Datasets/Urban8k/audio/fold9/180029-4-20-0.wav,drilling
/DATA_ROOT/Desktop/matcher/Datasets/Urban8k/audio/fold9/180029-4-4-0.wav,drilling
/DATA_ROOT/Desktop/matcher/Datasets/Urban8k/audio/fold9/180029-4-5-0.wav,drilling
/DATA_ROOT/Desktop/matcher/Datasets/Urban8k/audio/fold9/180029-4-6-0.wav,drilling
/DATA_ROOT/Desktop/matcher/Datasets/Urban8k/audio/fold9/180029-4-7-0.wav,drilling
/DATA_ROOT/Desktop/matcher/Datasets/Urban8k/audio/fold9/180029-4-8-0.wav,drilling
/DATA_ROOT/Desktop/matcher/Datasets/Urban8k/audio/fold9/180029-4-9-0.wav,drilling
/DATA_ROOT/Desktop/matcher/Datasets/Urban8k/audio/fold3/180057-9-0-11.wav,street_music
/DATA_ROOT/Desktop/matcher/Datasets/Urban8k/audio/fold3/180057-9-0-20.wav,street_music
/DATA_ROOT/Desktop/matcher/Datasets/Urban8k/audio/fold3/180057-9-0-34.wav,street_music
/DATA_ROOT/Desktop/matcher/Datasets/Urban8k/audio/fold3/180057-9-0-36.wav,street_music
/DATA_ROOT/Desktop/matcher/Datasets/Urban8k/audio/fold3/180057-9-0-5.wav,street_music
/DATA_ROOT/Desktop/matcher/Datasets/Urban8k/audio/fold3/180057-9-0-7.wav,street_music
/DATA_ROOT/Desktop/matcher/Datasets/Urban8k/audio/fold5/180125-4-0-16.wav,drilling
/DATA_ROOT/Desktop/matcher/Datasets/Urban8k/audio/fold5/180125-4-0-17.wav,drilling
/DATA_ROOT/Desktop/matcher/Datasets/Urban8k/audio/fold5/180125-4-1-3.wav,drilling
/DATA_ROOT/Desktop/matcher/Datasets/Urban8k/audio/fold5/180125-4-1-5.wav,drilling
/DATA_ROOT/Desktop/matcher/Datasets/Urban8k/audio/fold5/180125-4-1-7.wav,drilling
/DATA_ROOT/Desktop/matcher/Datasets/Urban8k/audio/fold5/180125-4-1-8.wav,drilling
/DATA_ROOT/Desktop/matcher/Datasets/Urban8k/audio/fold5/180125-4-2-1.wav,drilling
/DATA_ROOT/Desktop/matcher/Datasets/Urban8k/audio/fold5/180125-4-2-13.wav,drilling
/DATA_ROOT/Desktop/matcher/Datasets/Urban8k/audio/fold5/180125-4-2-14.wav,drilling
/DATA_ROOT/Desktop/matcher/Datasets/Urban8k/audio/fold5/180125-4-2-15.wav,drilling
/DATA_ROOT/Desktop/matcher/Datasets/Urban8k/audio/fold5/180125-4-2-17.wav,drilling
/DATA_ROOT/Desktop/matcher/Datasets/Urban8k/audio/fold5/180125-4-3-0.wav,drilling
/DATA_ROOT/Desktop/matcher/Datasets/Urban8k/audio/fold5/180125-4-3-1.wav,drilling
/DATA_ROOT/Desktop/matcher/Datasets/Urban8k/audio/fold5/180125-4-3-10.wav,drilling
/DATA_ROOT/Desktop/matcher/Datasets/Urban8k/audio/fold5/180125-4-3-2.wav,drilling
/DATA_ROOT/Desktop/matcher/Datasets/Urban8k/audio/fold5/180125-4-3-22.wav,drilling
/DATA_ROOT/Desktop/matcher/Datasets/Urban8k/audio/fold5/180125-4-3-24.wav,drilling
/DATA_ROOT/Desktop/matcher/Datasets/Urban8k/audio/fold5/180125-4-3-4.wav,drilling
/DATA_ROOT/Desktop/matcher/Datasets/Urban8k/audio/fold2/180126-4-0-0.wav,drilling
/DATA_ROOT/Desktop/matcher/Datasets/Urban8k/audio/fold2/180126-4-1-0.wav,drilling
/DATA_ROOT/Desktop/matcher/Datasets/Urban8k/audio/fold2/180126-4-1-1.wav,drilling
/DATA_ROOT/Desktop/matcher/Datasets/Urban8k/audio/fold2/180126-4-1-2.wav,drilling
/DATA_ROOT/Desktop/matcher/Datasets/Urban8k/audio/fold2/180126-4-2-0.wav,drilling
/DATA_ROOT/Desktop/matcher/Datasets/Urban8k/audio/fold2/180126-4-3-0.wav,drilling
/DATA_ROOT/Desktop/matcher/Datasets/Urban8k/audio/fold2/180126-4-4-0.wav,drilling
/DATA_ROOT/Desktop/matcher/Datasets/Urban8k/audio/fold2/180126-4-4-1.wav,drilling
/DATA_ROOT/Desktop/matcher/Datasets/Urban8k/audio/fold2/180126-4-4-2.wav,drilling
/DATA_ROOT/Desktop/matcher/Datasets/Urban8k/audio/fold10/180127-4-0-0.wav,drilling
/DATA_ROOT/Desktop/matcher/Datasets/Urban8k/audio/fold10/180127-4-0-1.wav,drilling
/DATA_ROOT/Desktop/matcher/Datasets/Urban8k/audio/fold10/180127-4-0-10.wav,drilling
/DATA_ROOT/Desktop/matcher/Datasets/Urban8k/audio/fold10/180127-4-0-11.wav,drilling
/DATA_ROOT/Desktop/matcher/Datasets/Urban8k/audio/fold10/180127-4-0-12.wav,drilling
/DATA_ROOT/Desktop/matcher/Datasets/Urban8k/audio/fold10/180127-4-0-13.wav,drilling
/DATA_ROOT/Desktop/matcher/Datasets/Urban8k/audio/fold10/180127-4-0-14.wav,drilling
/DATA_ROOT/Desktop/matcher/Datasets/Urban8k/audio/fold10/180127-4-0-15.wav,drilling
/DATA_ROOT/Desktop/matcher/Datasets/Urban8k/audio/fold10/180127-4-0-16.wav,drilling
/DATA_ROOT/Desktop/matcher/Datasets/Urban8k/audio/fold10/180127-4-0-17.wav,drilling
/DATA_ROOT/Desktop/matcher/Datasets/Urban8k/audio/fold10/180127-4-0-18.wav,drilling
/DATA_ROOT/Desktop/matcher/Datasets/Urban8k/audio/fold10/180127-4-0-19.wav,drilling
/DATA_ROOT/Desktop/matcher/Datasets/Urban8k/audio/fold10/180127-4-0-2.wav,drilling
/DATA_ROOT/Desktop/matcher/Datasets/Urban8k/audio/fold10/180127-4-0-20.wav,drilling
/DATA_ROOT/Desktop/matcher/Datasets/Urban8k/audio/fold10/180127-4-0-21.wav,drilling
/DATA_ROOT/Desktop/matcher/Datasets/Urban8k/audio/fold10/180127-4-0-3.wav,drilling
/DATA_ROOT/Desktop/matcher/Datasets/Urban8k/audio/fold10/180127-4-0-4.wav,drilling
/DATA_ROOT/Desktop/matcher/Datasets/Urban8k/audio/fold10/180127-4-0-5.wav,drilling
/DATA_ROOT/Desktop/matcher/Datasets/Urban8k/audio/fold10/180127-4-0-6.wav,drilling
/DATA_ROOT/Desktop/matcher/Datasets/Urban8k/audio/fold10/180127-4-0-7.wav,drilling
/DATA_ROOT/Desktop/matcher/Datasets/Urban8k/audio/fold10/180127-4-0-8.wav,drilling
/DATA_ROOT/Desktop/matcher/Datasets/Urban8k/audio/fold10/180127-4-0-9.wav,drilling
/DATA_ROOT/Desktop/matcher/Datasets/Urban8k/audio/fold5/180128-4-0-0.wav,drilling
/DATA_ROOT/Desktop/matcher/Datasets/Urban8k/audio/fold5/180128-4-11-0.wav,drilling
/DATA_ROOT/Desktop/matcher/Datasets/Urban8k/audio/fold5/180128-4-11-1.wav,drilling
/DATA_ROOT/Desktop/matcher/Datasets/Urban8k/audio/fold5/180128-4-12-0.wav,drilling
/DATA_ROOT/Desktop/matcher/Datasets/Urban8k/audio/fold5/180128-4-13-0.wav,drilling
/DATA_ROOT/Desktop/matcher/Datasets/Urban8k/audio/fold5/180128-4-14-0.wav,drilling
/DATA_ROOT/Desktop/matcher/Datasets/Urban8k/audio/fold5/180128-4-16-1.wav,drilling
/DATA_ROOT/Desktop/matcher/Datasets/Urban8k/audio/fold5/180128-4-17-0.wav,drilling
/DATA_ROOT/Desktop/matcher/Datasets/Urban8k/audio/fold5/180128-4-4-0.wav,drilling
/DATA_ROOT/Desktop/matcher/Datasets/Urban8k/audio/fold5/180128-4-5-0.wav,drilling
/DATA_ROOT/Desktop/matcher/Datasets/Urban8k/audio/fold5/180128-4-6-0.wav,drilling
/DATA_ROOT/Desktop/matcher/Datasets/Urban8k/audio/fold5/180128-4-6-1.wav,drilling
/DATA_ROOT/Desktop/matcher/Datasets/Urban8k/audio/fold5/180128-4-6-2.wav,drilling
/DATA_ROOT/Desktop/matcher/Datasets/Urban8k/audio/fold5/180128-4-7-0.wav,drilling
/DATA_ROOT/Desktop/matcher/Datasets/Urban8k/audio/fold5/180128-4-7-2.wav,drilling
/DATA_ROOT/Desktop/matcher/Datasets/Urban8k/audio/fold5/180128-4-7-3.wav,drilling
/DATA_ROOT/Desktop/matcher/Datasets/Urban8k/audio/fold5/180128-4-7-4.wav,drilling
/DATA_ROOT/Desktop/matcher/Datasets/Urban8k/audio/fold5/180128-4-7-5.wav,drilling
/DATA_ROOT/Desktop/matcher/Datasets/Urban8k/audio/fold5/180128-4-9-0.wav,drilling
/DATA_ROOT/Desktop/matcher/Datasets/Urban8k/audio/fold8/180132-4-0-0.wav,drilling
/DATA_ROOT/Desktop/matcher/Datasets/Urban8k/audio/fold8/180132-4-1-0.wav,drilling
/DATA_ROOT/Desktop/matcher/Datasets/Urban8k/audio/fold8/180132-4-2-0.wav,drilling
/DATA_ROOT/Desktop/matcher/Datasets/Urban8k/audio/fold8/180132-4-3-0.wav,drilling
/DATA_ROOT/Desktop/matcher/Datasets/Urban8k/audio/fold8/180134-4-1-3.wav,drilling
/DATA_ROOT/Desktop/matcher/Datasets/Urban8k/audio/fold8/180134-4-1-7.wav,drilling
/DATA_ROOT/Desktop/matcher/Datasets/Urban8k/audio/fold8/180134-4-1-8.wav,drilling
/DATA_ROOT/Desktop/matcher/Datasets/Urban8k/audio/fold8/180134-4-1-9.wav,drilling
/DATA_ROOT/Desktop/matcher/Datasets/Urban8k/audio/fold8/180134-4-2-0.wav,drilling
/DATA_ROOT/Desktop/matcher/Datasets/Urban8k/audio/fold8/180134-4-2-1.wav,drilling
/DATA_ROOT/Desktop/matcher/Datasets/Urban8k/audio/fold8/180134-4-2-11.wav,drilling
/DATA_ROOT/Desktop/matcher/Datasets/Urban8k/audio/fold8/180134-4-2-13.wav,drilling
/DATA_ROOT/Desktop/matcher/Datasets/Urban8k/audio/fold8/180134-4-2-15.wav,drilling
/DATA_ROOT/Desktop/matcher/Datasets/Urban8k/audio/fold8/180134-4-2-16.wav,drilling
/DATA_ROOT/Desktop/matcher/Datasets/Urban8k/audio/fold8/180134-4-2-17.wav,drilling
/DATA_ROOT/Desktop/matcher/Datasets/Urban8k/audio/fold8/180134-4-2-19.wav,drilling
/DATA_ROOT/Desktop/matcher/Datasets/Urban8k/audio/fold8/180134-4-2-3.wav,drilling
/DATA_ROOT/Desktop/matcher/Datasets/Urban8k/audio/fold8/180134-4-2-4.wav,drilling
/DATA_ROOT/Desktop/matcher/Datasets/Urban8k/audio/fold8/180134-4-2-5.wav,drilling
/DATA_ROOT/Desktop/matcher/Datasets/Urban8k/audio/fold8/180134-4-2-6.wav,drilling
/DATA_ROOT/Desktop/matcher/Datasets/Urban8k/audio/fold8/180134-4-2-9.wav,drilling
/DATA_ROOT/Desktop/matcher/Datasets/Urban8k/audio/fold9/180937-4-0-11.wav,drilling
/DATA_ROOT/Desktop/matcher/Datasets/Urban8k/audio/fold9/180937-4-0-13.wav,drilling
/DATA_ROOT/Desktop/matcher/Datasets/Urban8k/audio/fold9/180937-4-0-14.wav,drilling
/DATA_ROOT/Desktop/matcher/Datasets/Urban8k/audio/fold9/180937-4-0-19.wav,drilling
/DATA_ROOT/Desktop/matcher/Datasets/Urban8k/audio/fold9/180937-4-0-20.wav,drilling
/DATA_ROOT/Desktop/matcher/Datasets/Urban8k/audio/fold9/180937-4-1-12.wav,drilling
/DATA_ROOT/Desktop/matcher/Datasets/Urban8k/audio/fold9/180937-4-1-20.wav,drilling
/DATA_ROOT/Desktop/matcher/Datasets/Urban8k/audio/fold9/180937-4-1-27.wav,drilling
/DATA_ROOT/Desktop/matcher/Datasets/Urban8k/audio/fold9/180937-4-1-30.wav,drilling
/DATA_ROOT/Desktop/matcher/Datasets/Urban8k/audio/fold9/180937-4-1-46.wav,drilling
/DATA_ROOT/Desktop/matcher/Datasets/Urban8k/audio/fold9/180937-4-1-47.wav,drilling
/DATA_ROOT/Desktop/matcher/Datasets/Urban8k/audio/fold9/180937-4-1-54.wav,drilling
/DATA_ROOT/Desktop/matcher/Datasets/Urban8k/audio/fold9/180937-4-2-1.wav,drilling
/DATA_ROOT/Desktop/matcher/Datasets/Urban8k/audio/fold9/180937-4-2-2.wav,drilling
/DATA_ROOT/Desktop/matcher/Datasets/Urban8k/audio/fold9/180937-4-3-12.wav,drilling
/DATA_ROOT/Desktop/matcher/Datasets/Urban8k/audio/fold9/180937-4-3-9.wav,drilling
/DATA_ROOT/Desktop/matcher/Datasets/Urban8k/audio/fold1/180937-7-0-0.wav,jackhammer
/DATA_ROOT/Desktop/matcher/Datasets/Urban8k/audio/fold1/180937-7-0-1.wav,jackhammer
/DATA_ROOT/Desktop/matcher/Datasets/Urban8k/audio/fold1/180937-7-0-2.wav,jackhammer
/DATA_ROOT/Desktop/matcher/Datasets/Urban8k/audio/fold1/180937-7-0-4.wav,jackhammer
/DATA_ROOT/Desktop/matcher/Datasets/Urban8k/audio/fold1/180937-7-0-5.wav,jackhammer
/DATA_ROOT/Desktop/matcher/Datasets/Urban8k/audio/fold1/180937-7-0-6.wav,jackhammer
/DATA_ROOT/Desktop/matcher/Datasets/Urban8k/audio/fold1/180937-7-1-0.wav,jackhammer
/DATA_ROOT/Desktop/matcher/Datasets/Urban8k/audio/fold1/180937-7-1-1.wav,jackhammer
/DATA_ROOT/Desktop/matcher/Datasets/Urban8k/audio/fold1/180937-7-1-10.wav,jackhammer
/DATA_ROOT/Desktop/matcher/Datasets/Urban8k/audio/fold1/180937-7-1-11.wav,jackhammer
/DATA_ROOT/Desktop/matcher/Datasets/Urban8k/audio/fold1/180937-7-1-12.wav,jackhammer
/DATA_ROOT/Desktop/matcher/Datasets/Urban8k/audio/fold1/180937-7-1-13.wav,jackhammer
/DATA_ROOT/Desktop/matcher/Datasets/Urban8k/audio/fold1/180937-7-1-14.wav,jackhammer
/DATA_ROOT/Desktop/matcher/Datasets/Urban8k/audio/fold1/180937-7-1-15.wav,jackhammer
/DATA_ROOT/Desktop/matcher/Datasets/Urban8k/audio/fold1/180937-7-1-2.wav,jackhammer
/DATA_ROOT/Desktop/matcher/Datasets/Urban8k/audio/fold1/180937-7-1-3.wav,jackhammer
/DATA_ROOT/Desktop/matcher/Datasets/Urban8k/audio/fold1/180937-7-1-4.wav,jackhammer
/DATA_ROOT/Desktop/matcher/Datasets/Urban8k/audio/fold1/180937-7-1-5.wav,jackhammer
/DATA_ROOT/Desktop/matcher/Datasets/Urban8k/audio/fold1/180937-7-1-6.wav,jackhammer
/DATA_ROOT/Desktop/matcher/Datasets/Urban8k/audio/fold1/180937-7-1-7.wav,jackhammer
/DATA_ROOT/Desktop/matcher/Datasets/Urban8k/audio/fold1/180937-7-1-8.wav,jackhammer
/DATA_ROOT/Desktop/matcher/Datasets/Urban8k/audio/fold1/180937-7-1-9.wav,jackhammer
/DATA_ROOT/Desktop/matcher/Datasets/Urban8k/audio/fold1/180937-7-2-0.wav,jackhammer
/DATA_ROOT/Desktop/matcher/Datasets/Urban8k/audio/fold1/180937-7-2-1.wav,jackhammer
/DATA_ROOT/Desktop/matcher/Datasets/Urban8k/audio/fold1/180937-7-2-10.wav,jackhammer
/DATA_ROOT/Desktop/matcher/Datasets/Urban8k/audio/fold1/180937-7-2-2.wav,jackhammer
/DATA_ROOT/Desktop/matcher/Datasets/Urban8k/audio/fold1/180937-7-2-3.wav,jackhammer
/DATA_ROOT/Desktop/matcher/Datasets/Urban8k/audio/fold1/180937-7-2-4.wav,jackhammer
/DATA_ROOT/Desktop/matcher/Datasets/Urban8k/audio/fold1/180937-7-2-5.wav,jackhammer
/DATA_ROOT/Desktop/matcher/Datasets/Urban8k/audio/fold1/180937-7-2-6.wav,jackhammer
/DATA_ROOT/Desktop/matcher/Datasets/Urban8k/audio/fold1/180937-7-2-7.wav,jackhammer
/DATA_ROOT/Desktop/matcher/Datasets/Urban8k/audio/fold1/180937-7-2-8.wav,jackhammer
/DATA_ROOT/Desktop/matcher/Datasets/Urban8k/audio/fold1/180937-7-2-9.wav,jackhammer
/DATA_ROOT/Desktop/matcher/Datasets/Urban8k/audio/fold1/180937-7-3-0.wav,jackhammer
/DATA_ROOT/Desktop/matcher/Datasets/Urban8k/audio/fold1/180937-7-3-1.wav,jackhammer
/DATA_ROOT/Desktop/matcher/Datasets/Urban8k/audio/fold1/180937-7-3-10.wav,jackhammer
/DATA_ROOT/Desktop/matcher/Datasets/Urban8k/audio/fold1/180937-7-3-11.wav,jackhammer
/DATA_ROOT/Desktop/matcher/Datasets/Urban8k/audio/fold1/180937-7-3-12.wav,jackhammer
/DATA_ROOT/Desktop/matcher/Datasets/Urban8k/audio/fold1/180937-7-3-13.wav,jackhammer
/DATA_ROOT/Desktop/matcher/Datasets/Urban8k/audio/fold1/180937-7-3-14.wav,jackhammer
/DATA_ROOT/Desktop/matcher/Datasets/Urban8k/audio/fold1/180937-7-3-15.wav,jackhammer
/DATA_ROOT/Desktop/matcher/Datasets/Urban8k/audio/fold1/180937-7-3-17.wav,jackhammer
/DATA_ROOT/Desktop/matcher/Datasets/Urban8k/audio/fold1/180937-7-3-18.wav,jackhammer
/DATA_ROOT/Desktop/matcher/Datasets/Urban8k/audio/fold1/180937-7-3-19.wav,jackhammer
/DATA_ROOT/Desktop/matcher/Datasets/Urban8k/audio/fold1/180937-7-3-2.wav,jackhammer
/DATA_ROOT/Desktop/matcher/Datasets/Urban8k/audio/fold1/180937-7-3-20.wav,jackhammer
/DATA_ROOT/Desktop/matcher/Datasets/Urban8k/audio/fold1/180937-7-3-21.wav,jackhammer
/DATA_ROOT/Desktop/matcher/Datasets/Urban8k/audio/fold1/180937-7-3-22.wav,jackhammer
/DATA_ROOT/Desktop/matcher/Datasets/Urban8k/audio/fold1/180937-7-3-23.wav,jackhammer
/DATA_ROOT/Desktop/matcher/Datasets/Urban8k/audio/fold1/180937-7-3-24.wav,jackhammer
/DATA_ROOT/Desktop/matcher/Datasets/Urban8k/audio/fold1/180937-7-3-26.wav,jackhammer
/DATA_ROOT/Desktop/matcher/Datasets/Urban8k/audio/fold1/180937-7-3-27.wav,jackhammer
/DATA_ROOT/Desktop/matcher/Datasets/Urban8k/audio/fold1/180937-7-3-28.wav,jackhammer
/DATA_ROOT/Desktop/matcher/Datasets/Urban8k/audio/fold1/180937-7-3-29.wav,jackhammer
/DATA_ROOT/Desktop/matcher/Datasets/Urban8k/audio/fold1/180937-7-3-3.wav,jackhammer
/DATA_ROOT/Desktop/matcher/Datasets/Urban8k/audio/fold1/180937-7-3-30.wav,jackhammer
/DATA_ROOT/Desktop/matcher/Datasets/Urban8k/audio/fold1/180937-7-3-31.wav,jackhammer
/DATA_ROOT/Desktop/matcher/Datasets/Urban8k/audio/fold1/180937-7-3-32.wav,jackhammer
/DATA_ROOT/Desktop/matcher/Datasets/Urban8k/audio/fold1/180937-7-3-33.wav,jackhammer
/DATA_ROOT/Desktop/matcher/Datasets/Urban8k/audio/fold1/180937-7-3-4.wav,jackhammer
/DATA_ROOT/Desktop/matcher/Datasets/Urban8k/audio/fold1/180937-7-3-5.wav,jackhammer
/DATA_ROOT/Desktop/matcher/Datasets/Urban8k/audio/fold1/180937-7-3-6.wav,jackhammer
/DATA_ROOT/Desktop/matcher/Datasets/Urban8k/audio/fold1/180937-7-3-7.wav,jackhammer
/DATA_ROOT/Desktop/matcher/Datasets/Urban8k/audio/fold1/180937-7-3-8.wav,jackhammer
/DATA_ROOT/Desktop/matcher/Datasets/Urban8k/audio/fold1/180937-7-3-9.wav,jackhammer
/DATA_ROOT/Desktop/matcher/Datasets/Urban8k/audio/fold1/180937-7-4-0.wav,jackhammer
/DATA_ROOT/Desktop/matcher/Datasets/Urban8k/audio/fold1/180937-7-4-10.wav,jackhammer
/DATA_ROOT/Desktop/matcher/Datasets/Urban8k/audio/fold1/180937-7-4-11.wav,jackhammer
/DATA_ROOT/Desktop/matcher/Datasets/Urban8k/audio/fold1/180937-7-4-12.wav,jackhammer
/DATA_ROOT/Desktop/matcher/Datasets/Urban8k/audio/fold1/180937-7-4-13.wav,jackhammer
/DATA_ROOT/Desktop/matcher/Datasets/Urban8k/audio/fold1/180937-7-4-14.wav,jackhammer
/DATA_ROOT/Desktop/matcher/Datasets/Urban8k/audio/fold1/180937-7-4-2.wav,jackhammer
/DATA_ROOT/Desktop/matcher/Datasets/Urban8k/audio/fold1/180937-7-4-3.wav,jackhammer
/DATA_ROOT/Desktop/matcher/Datasets/Urban8k/audio/fold1/180937-7-4-4.wav,jackhammer
/DATA_ROOT/Desktop/matcher/Datasets/Urban8k/audio/fold1/180937-7-4-5.wav,jackhammer
/DATA_ROOT/Desktop/matcher/Datasets/Urban8k/audio/fold1/180937-7-4-6.wav,jackhammer
/DATA_ROOT/Desktop/matcher/Datasets/Urban8k/audio/fold1/180937-7-4-7.wav,jackhammer
/DATA_ROOT/Desktop/matcher/Datasets/Urban8k/audio/fold1/180937-7-4-8.wav,jackhammer
/DATA_ROOT/Desktop/matcher/Datasets/Urban8k/audio/fold1/180937-7-4-9.wav,jackhammer
/DATA_ROOT/Desktop/matcher/Datasets/Urban8k/audio/fold3/180960-6-0-0.wav,gun_shot
/DATA_ROOT/Desktop/matcher/Datasets/Urban8k/audio/fold7/181102-9-0-111.wav,street_music
/DATA_ROOT/Desktop/matcher/Datasets/Urban8k/audio/fold7/181102-9-0-117.wav,street_music
/DATA_ROOT/Desktop/matcher/Datasets/Urban8k/audio/fold7/181102-9-0-23.wav,street_music
/DATA_ROOT/Desktop/matcher/Datasets/Urban8k/audio/fold7/181102-9-0-26.wav,street_music
/DATA_ROOT/Desktop/matcher/Datasets/Urban8k/audio/fold7/181102-9-0-50.wav,street_music
/DATA_ROOT/Desktop/matcher/Datasets/Urban8k/audio/fold7/181102-9-0-97.wav,street_music
/DATA_ROOT/Desktop/matcher/Datasets/Urban8k/audio/fold10/181624-4-0-0.wav,drilling
/DATA_ROOT/Desktop/matcher/Datasets/Urban8k/audio/fold10/181624-4-1-0.wav,drilling
/DATA_ROOT/Desktop/matcher/Datasets/Urban8k/audio/fold10/181624-4-10-0.wav,drilling
/DATA_ROOT/Desktop/matcher/Datasets/Urban8k/audio/fold10/181624-4-2-0.wav,drilling
/DATA_ROOT/Desktop/matcher/Datasets/Urban8k/audio/fold10/181624-4-3-0.wav,drilling
/DATA_ROOT/Desktop/matcher/Datasets/Urban8k/audio/fold10/181624-4-4-0.wav,drilling
/DATA_ROOT/Desktop/matcher/Datasets/Urban8k/audio/fold10/181624-4-5-0.wav,drilling
/DATA_ROOT/Desktop/matcher/Datasets/Urban8k/audio/fold10/181624-4-6-0.wav,drilling
/DATA_ROOT/Desktop/matcher/Datasets/Urban8k/audio/fold10/181624-4-7-0.wav,drilling
/DATA_ROOT/Desktop/matcher/Datasets/Urban8k/audio/fold10/181624-4-8-0.wav,drilling
/DATA_ROOT/Desktop/matcher/Datasets/Urban8k/audio/fold10/181624-4-9-0.wav,drilling
/DATA_ROOT/Desktop/matcher/Datasets/Urban8k/audio/fold3/182103-9-0-0.wav,street_music
/DATA_ROOT/Desktop/matcher/Datasets/Urban8k/audio/fold3/182103-9-0-22.wav,street_music
/DATA_ROOT/Desktop/matcher/Datasets/Urban8k/audio/fold3/182103-9-0-26.wav,street_music
/DATA_ROOT/Desktop/matcher/Datasets/Urban8k/audio/fold3/182103-9-0-47.wav,street_music
/DATA_ROOT/Desktop/matcher/Datasets/Urban8k/audio/fold3/182103-9-0-53.wav,street_music
/DATA_ROOT/Desktop/matcher/Datasets/Urban8k/audio/fold3/182103-9-0-8.wav,street_music
/DATA_ROOT/Desktop/matcher/Datasets/Urban8k/audio/fold2/182739-2-0-13.wav,children_playing
/DATA_ROOT/Desktop/matcher/Datasets/Urban8k/audio/fold2/182739-2-0-17.wav,children_playing
/DATA_ROOT/Desktop/matcher/Datasets/Urban8k/audio/fold2/182739-2-0-24.wav,children_playing
/DATA_ROOT/Desktop/matcher/Datasets/Urban8k/audio/fold2/182739-2-0-35.wav,children_playing
/DATA_ROOT/Desktop/matcher/Datasets/Urban8k/audio/fold2/182739-2-0-56.wav,children_playing
/DATA_ROOT/Desktop/matcher/Datasets/Urban8k/audio/fold2/182739-2-0-62.wav,children_playing
/DATA_ROOT/Desktop/matcher/Datasets/Urban8k/audio/fold2/182739-2-0-78.wav,children_playing
/DATA_ROOT/Desktop/matcher/Datasets/Urban8k/audio/fold2/182739-2-0-85.wav,children_playing
/DATA_ROOT/Desktop/matcher/Datasets/Urban8k/audio/fold1/182800-2-0-0.wav,children_playing
/DATA_ROOT/Desktop/matcher/Datasets/Urban8k/audio/fold1/182800-2-1-0.wav,children_playing
/DATA_ROOT/Desktop/matcher/Datasets/Urban8k/audio/fold1/182800-2-2-0.wav,children_playing
/DATA_ROOT/Desktop/matcher/Datasets/Urban8k/audio/fold1/182800-2-2-1.wav,children_playing
/DATA_ROOT/Desktop/matcher/Datasets/Urban8k/audio/fold1/182800-2-2-2.wav,children_playing
/DATA_ROOT/Desktop/matcher/Datasets/Urban8k/audio/fold1/182800-2-2-3.wav,children_playing
/DATA_ROOT/Desktop/matcher/Datasets/Urban8k/audio/fold1/182800-2-3-0.wav,children_playing
/DATA_ROOT/Desktop/matcher/Datasets/Urban8k/audio/fold1/182800-2-3-1.wav,children_playing
/DATA_ROOT/Desktop/matcher/Datasets/Urban8k/audio/fold9/184449-2-0-12.wav,children_playing
/DATA_ROOT/Desktop/matcher/Datasets/Urban8k/audio/fold9/184449-2-0-13.wav,children_playing
/DATA_ROOT/Desktop/matcher/Datasets/Urban8k/audio/fold9/184449-2-0-15.wav,children_playing
/DATA_ROOT/Desktop/matcher/Datasets/Urban8k/audio/fold9/184449-2-0-16.wav,children_playing
/DATA_ROOT/Desktop/matcher/Datasets/Urban8k/audio/fold9/184449-2-0-19.wav,children_playing
/DATA_ROOT/Desktop/matcher/Datasets/Urban8k/audio/fold9/184449-2-0-24.wav,children_playing
/DATA_ROOT/Desktop/matcher/Datasets/Urban8k/audio/fold9/184449-2-0-28.wav,children_playing
/DATA_ROOT/Desktop/matcher/Datasets/Urban8k/audio/fold9/184449-2-0-33.wav,children_playing
/DATA_ROOT/Desktop/matcher/Datasets/Urban8k/audio/fold6/184805-0-0-101.wav,air_conditioner
/DATA_ROOT/Desktop/matcher/Datasets/Urban8k/audio/fold6/184805-0-0-103.wav,air_conditioner
/DATA_ROOT/Desktop/matcher/Datasets/Urban8k/audio/fold6/184805-0-0-104.wav,air_conditioner
/DATA_ROOT/Desktop/matcher/Datasets/Urban8k/audio/fold6/184805-0-0-112.wav,air_conditioner
/DATA_ROOT/Desktop/matcher/Datasets/Urban8k/audio/fold6/184805-0-0-121.wav,air_conditioner
/DATA_ROOT/Desktop/matcher/Datasets/Urban8k/audio/fold6/184805-0-0-13.wav,air_conditioner
/DATA_ROOT/Desktop/matcher/Datasets/Urban8k/audio/fold6/184805-0-0-16.wav,air_conditioner
/DATA_ROOT/Desktop/matcher/Datasets/Urban8k/audio/fold6/184805-0-0-2.wav,air_conditioner
/DATA_ROOT/Desktop/matcher/Datasets/Urban8k/audio/fold6/184805-0-0-27.wav,air_conditioner
/DATA_ROOT/Desktop/matcher/Datasets/Urban8k/audio/fold6/184805-0-0-32.wav,air_conditioner
/DATA_ROOT/Desktop/matcher/Datasets/Urban8k/audio/fold6/184805-0-0-34.wav,air_conditioner
/DATA_ROOT/Desktop/matcher/Datasets/Urban8k/audio/fold6/184805-0-0-4.wav,air_conditioner
/DATA_ROOT/Desktop/matcher/Datasets/Urban8k/audio/fold6/184805-0-0-40.wav,air_conditioner
/DATA_ROOT/Desktop/matcher/Datasets/Urban8k/audio/fold6/184805-0-0-45.wav,air_conditioner
/DATA_ROOT/Desktop/matcher/Datasets/Urban8k/audio/fold6/184805-0-0-47.wav,air_conditioner
/DATA_ROOT/Desktop/matcher/Datasets/Urban8k/audio/fold6/184805-0-0-48.wav,air_conditioner
/DATA_ROOT/Desktop/matcher/Datasets/Urban8k/audio/fold6/184805-0-0-49.wav,air_conditioner
/DATA_ROOT/Desktop/matcher/Datasets/Urban8k/audio/fold6/184805-0-0-5.wav,air_conditioner
/DATA_ROOT/Desktop/matcher/Datasets/Urban8k/audio/fold6/184805-0-0-51.wav,air_conditioner
/DATA_ROOT/Desktop/matcher/Datasets/Urban8k/audio/fold6/184805-0-0-54.wav,air_conditioner
/DATA_ROOT/Desktop/matcher/Datasets/Urban8k/audio/fold6/184805-0-0-57.wav,air_conditioner
/DATA_ROOT/Desktop/matcher/Datasets/Urban8k/audio/fold6/184805-0-0-58.wav,air_conditioner
/DATA_ROOT/Desktop/matcher/Datasets/Urban8k/audio/fold6/184805-0-0-61.wav,air_conditioner
/DATA_ROOT/Desktop/matcher/Datasets/Urban8k/audio/fold6/184805-0-0-63.wav,air_conditioner
/DATA_ROOT/Desktop/matcher/Datasets/Urban8k/audio/fold6/184805-0-0-64.wav,air_conditioner
/DATA_ROOT/Desktop/matcher/Datasets/Urban8k/audio/fold6/184805-0-0-74.wav,air_conditioner
/DATA_ROOT/Desktop/matcher/Datasets/Urban8k/audio/fold6/184805-0-0-75.wav,air_conditioner
/DATA_ROOT/Desktop/matcher/Datasets/Urban8k/audio/fold6/184805-0-0-77.wav,air_conditioner
/DATA_ROOT/Desktop/matcher/Datasets/Urban8k/audio/fold6/184805-0-0-81.wav,air_conditioner
/DATA_ROOT/Desktop/matcher/Datasets/Urban8k/audio/fold6/184805-0-0-82.wav,air_conditioner
/DATA_ROOT/Desktop/matcher/Datasets/Urban8k/audio/fold6/184805-0-0-88.wav,air_conditioner
/DATA_ROOT/Desktop/matcher/Datasets/Urban8k/audio/fold6/184805-0-0-90.wav,air_conditioner
/DATA_ROOT/Desktop/matcher/Datasets/Urban8k/audio/fold6/184805-0-0-99.wav,air_conditioner
/DATA_ROOT/Desktop/matcher/Datasets/Urban8k/audio/fold3/185373-9-0-21.wav,street_music
/DATA_ROOT/Desktop/matcher/Datasets/Urban8k/audio/fold3/185373-9-0-6.wav,street_music
/DATA_ROOT/Desktop/matcher/Datasets/Urban8k/audio/fold3/185373-9-1-17.wav,street_music
/DATA_ROOT/Desktop/matcher/Datasets/Urban8k/audio/fold3/185373-9-1-46.wav,street_music
/DATA_ROOT/Desktop/matcher/Datasets/Urban8k/audio/fold3/185373-9-1-7.wav,street_music
/DATA_ROOT/Desktop/matcher/Datasets/Urban8k/audio/fold3/185373-9-1-70.wav,street_music
/DATA_ROOT/Desktop/matcher/Datasets/Urban8k/audio/fold9/185374-9-0-16.wav,street_music
/DATA_ROOT/Desktop/matcher/Datasets/Urban8k/audio/fold9/185374-9-0-18.wav,street_music
/DATA_ROOT/Desktop/matcher/Datasets/Urban8k/audio/fold9/185374-9-0-23.wav,street_music
/DATA_ROOT/Desktop/matcher/Datasets/Urban8k/audio/fold9/185374-9-0-30.wav,street_music
/DATA_ROOT/Desktop/matcher/Datasets/Urban8k/audio/fold9/185374-9-0-33.wav,street_music
/DATA_ROOT/Desktop/matcher/Datasets/Urban8k/audio/fold9/185374-9-0-35.wav,street_music
/DATA_ROOT/Desktop/matcher/Datasets/Urban8k/audio/fold9/185374-9-0-60.wav,street_music
/DATA_ROOT/Desktop/matcher/Datasets/Urban8k/audio/fold3/185375-9-0-23.wav,street_music
/DATA_ROOT/Desktop/matcher/Datasets/Urban8k/audio/fold3/185375-9-0-26.wav,street_music
/DATA_ROOT/Desktop/matcher/Datasets/Urban8k/audio/fold3/185375-9-0-33.wav,street_music
/DATA_ROOT/Desktop/matcher/Datasets/Urban8k/audio/fold3/185375-9-0-60.wav,street_music
/DATA_ROOT/Desktop/matcher/Datasets/Urban8k/audio/fold3/185375-9-0-61.wav,street_music
/DATA_ROOT/Desktop/matcher/Datasets/Urban8k/audio/fold3/185375-9-0-84.wav,street_music
/DATA_ROOT/Desktop/matcher/Datasets/Urban8k/audio/fold4/185709-0-0-0.wav,air_conditioner
/DATA_ROOT/Desktop/matcher/Datasets/Urban8k/audio/fold4/185709-0-0-1.wav,air_conditioner
/DATA_ROOT/Desktop/matcher/Datasets/Urban8k/audio/fold4/185709-0-0-2.wav,air_conditioner
/DATA_ROOT/Desktop/matcher/Datasets/Urban8k/audio/fold4/185709-0-0-3.wav,air_conditioner
/DATA_ROOT/Desktop/matcher/Datasets/Urban8k/audio/fold4/185709-0-0-4.wav,air_conditioner
/DATA_ROOT/Desktop/matcher/Datasets/Urban8k/audio/fold4/185709-0-0-5.wav,air_conditioner
/DATA_ROOT/Desktop/matcher/Datasets/Urban8k/audio/fold4/185709-0-0-6.wav,air_conditioner
/DATA_ROOT/Desktop/matcher/Datasets/Urban8k/audio/fold4/185709-0-0-7.wav,air_conditioner
/DATA_ROOT/Desktop/matcher/Datasets/Urban8k/audio/fold4/185709-0-0-8.wav,air_conditioner
/DATA_ROOT/Desktop/matcher/Datasets/Urban8k/audio/fold2/185800-4-0-0.wav,drilling
/DATA_ROOT/Desktop/matcher/Datasets/Urban8k/audio/fold2/185800-4-0-1.wav,drilling
/DATA_ROOT/Desktop/matcher/Datasets/Urban8k/audio/fold2/185800-4-1-0.wav,drilling
/DATA_ROOT/Desktop/matcher/Datasets/Urban8k/audio/fold2/185800-4-2-0.wav,drilling
/DATA_ROOT/Desktop/matcher/Datasets/Urban8k/audio/fold2/185800-4-2-1.wav,drilling
/DATA_ROOT/Desktop/matcher/Datasets/Urban8k/audio/fold2/185800-4-2-2.wav,drilling
/DATA_ROOT/Desktop/matcher/Datasets/Urban8k/audio/fold3/185801-4-0-0.wav,drilling
/DATA_ROOT/Desktop/matcher/Datasets/Urban8k/audio/fold3/185801-4-0-1.wav,drilling
/DATA_ROOT/Desktop/matcher/Datasets/Urban8k/audio/fold3/185801-4-0-2.wav,drilling
/DATA_ROOT/Desktop/matcher/Datasets/Urban8k/audio/fold4/185909-2-0-102.wav,children_playing
/DATA_ROOT/Desktop/matcher/Datasets/Urban8k/audio/fold4/185909-2-0-116.wav,children_playing
/DATA_ROOT/Desktop/matcher/Datasets/Urban8k/audio/fold4/185909-2-0-13.wav,children_playing
/DATA_ROOT/Desktop/matcher/Datasets/Urban8k/audio/fold4/185909-2-0-17.wav,children_playing
/DATA_ROOT/Desktop/matcher/Datasets/Urban8k/audio/fold4/185909-2-0-22.wav,children_playing
/DATA_ROOT/Desktop/matcher/Datasets/Urban8k/audio/fold4/185909-2-0-34.wav,children_playing
/DATA_ROOT/Desktop/matcher/Datasets/Urban8k/audio/fold4/185909-2-0-86.wav,children_playing
/DATA_ROOT/Desktop/matcher/Datasets/Urban8k/audio/fold4/185909-2-0-87.wav,children_playing
/DATA_ROOT/Desktop/matcher/Datasets/Urban8k/audio/fold9/18592-5-0-0.wav,engine+engine_idling
/DATA_ROOT/Desktop/matcher/Datasets/Urban8k/audio/fold9/18592-5-0-1.wav,engine+engine_idling
/DATA_ROOT/Desktop/matcher/Datasets/Urban8k/audio/fold9/18592-5-0-2.wav,engine+engine_idling
/DATA_ROOT/Desktop/matcher/Datasets/Urban8k/audio/fold9/18592-5-0-3.wav,engine+engine_idling
/DATA_ROOT/Desktop/matcher/Datasets/Urban8k/audio/fold9/18592-5-0-4.wav,engine+engine_idling
/DATA_ROOT/Desktop/matcher/Datasets/Urban8k/audio/fold3/186334-2-0-1.wav,children_playing
/DATA_ROOT/Desktop/matcher/Datasets/Urban8k/audio/fold3/186334-2-0-11.wav,children_playing
/DATA_ROOT/Desktop/matcher/Datasets/Urban8k/audio/fold3/186334-2-0-20.wav,children_playing
/DATA_ROOT/Desktop/matcher/Datasets/Urban8k/audio/fold3/186334-2-0-33.wav,children_playing
/DATA_ROOT/Desktop/matcher/Datasets/Urban8k/audio/fold3/186334-2-0-35.wav,children_playing
/DATA_ROOT/Desktop/matcher/Datasets/Urban8k/audio/fold3/186334-2-0-36.wav,children_playing
/DATA_ROOT/Desktop/matcher/Datasets/Urban8k/audio/fold3/186334-2-0-37.wav,children_playing
/DATA_ROOT/Desktop/matcher/Datasets/Urban8k/audio/fold3/186334-2-0-44.wav,children_playing
/DATA_ROOT/Desktop/matcher/Datasets/Urban8k/audio/fold3/186336-9-0-0.wav,street_music
/DATA_ROOT/Desktop/matcher/Datasets/Urban8k/audio/fold3/186336-9-0-1.wav,street_music
/DATA_ROOT/Desktop/matcher/Datasets/Urban8k/audio/fold3/186336-9-0-2.wav,street_music
/DATA_ROOT/Desktop/matcher/Datasets/Urban8k/audio/fold3/186336-9-0-3.wav,street_music
/DATA_ROOT/Desktop/matcher/Datasets/Urban8k/audio/fold3/186336-9-0-4.wav,street_music
/DATA_ROOT/Desktop/matcher/Datasets/Urban8k/audio/fold3/186339-9-0-1.wav,street_music
/DATA_ROOT/Desktop/matcher/Datasets/Urban8k/audio/fold3/186339-9-0-12.wav,street_music
/DATA_ROOT/Desktop/matcher/Datasets/Urban8k/audio/fold3/186339-9-0-17.wav,street_music
/DATA_ROOT/Desktop/matcher/Datasets/Urban8k/audio/fold3/186339-9-0-18.wav,street_music
/DATA_ROOT/Desktop/matcher/Datasets/Urban8k/audio/fold3/186339-9-0-3.wav,street_music
/DATA_ROOT/Desktop/matcher/Datasets/Urban8k/audio/fold3/186339-9-0-7.wav,street_music
/DATA_ROOT/Desktop/matcher/Datasets/Urban8k/audio/fold8/186935-5-0-0.wav,engine+engine_idling
/DATA_ROOT/Desktop/matcher/Datasets/Urban8k/audio/fold8/186935-5-0-1.wav,engine+engine_idling
/DATA_ROOT/Desktop/matcher/Datasets/Urban8k/audio/fold7/186936-5-0-0.wav,engine+engine_idling
/DATA_ROOT/Desktop/matcher/Datasets/Urban8k/audio/fold7/186936-5-0-1.wav,engine+engine_idling
/DATA_ROOT/Desktop/matcher/Datasets/Urban8k/audio/fold4/186938-5-0-0.wav,engine+engine_idling
/DATA_ROOT/Desktop/matcher/Datasets/Urban8k/audio/fold8/186940-5-0-0.wav,engine+engine_idling
/DATA_ROOT/Desktop/matcher/Datasets/Urban8k/audio/fold9/187075-5-0-0.wav,engine+engine_idling
/DATA_ROOT/Desktop/matcher/Datasets/Urban8k/audio/fold9/187075-5-0-1.wav,engine+engine_idling
/DATA_ROOT/Desktop/matcher/Datasets/Urban8k/audio/fold9/187075-5-0-2.wav,engine+engine_idling
/DATA_ROOT/Desktop/matcher/Datasets/Urban8k/audio/fold9/187075-5-0-3.wav,engine+engine_idling
/DATA_ROOT/Desktop/matcher/Datasets/Urban8k/audio/fold9/187075-5-0-4.wav,engine+engine_idling
/DATA_ROOT/Desktop/matcher/Datasets/Urban8k/audio/fold9/187075-5-0-5.wav,engine+engine_idling
/DATA_ROOT/Desktop/matcher/Datasets/Urban8k/audio/fold9/187075-5-0-6.wav,engine+engine_idling
/DATA_ROOT/Desktop/matcher/Datasets/Urban8k/audio/fold9/187075-5-0-7.wav,engine+engine_idling
/DATA_ROOT/Desktop/matcher/Datasets/Urban8k/audio/fold9/187075-5-0-8.wav,engine+engine_idling
/DATA_ROOT/Desktop/matcher/Datasets/Urban8k/audio/fold10/187110-2-0-1.wav,children_playing
/DATA_ROOT/Desktop/matcher/Datasets/Urban8k/audio/fold10/187110-2-0-10.wav,children_playing
/DATA_ROOT/Desktop/matcher/Datasets/Urban8k/audio/fold10/187110-2-0-12.wav,children_playing
/DATA_ROOT/Desktop/matcher/Datasets/Urban8k/audio/fold10/187110-2-0-27.wav,children_playing
/DATA_ROOT/Desktop/matcher/Datasets/Urban8k/audio/fold10/187110-2-0-30.wav,children_playing
/DATA_ROOT/Desktop/matcher/Datasets/Urban8k/audio/fold10/187110-2-0-34.wav,children_playing
/DATA_ROOT/Desktop/matcher/Datasets/Urban8k/audio/fold10/187110-2-0-6.wav,children_playing
/DATA_ROOT/Desktop/matcher/Datasets/Urban8k/audio/fold10/187110-2-0-8.wav,children_playing
/DATA_ROOT/Desktop/matcher/Datasets/Urban8k/audio/fold4/187377-4-0-0.wav,drilling
/DATA_ROOT/Desktop/matcher/Datasets/Urban8k/audio/fold4/187377-4-0-1.wav,drilling
/DATA_ROOT/Desktop/matcher/Datasets/Urban8k/audio/fold10/187863-4-0-0.wav,drilling
/DATA_ROOT/Desktop/matcher/Datasets/Urban8k/audio/fold10/187863-4-0-1.wav,drilling
/DATA_ROOT/Desktop/matcher/Datasets/Urban8k/audio/fold10/187863-4-0-2.wav,drilling
/DATA_ROOT/Desktop/matcher/Datasets/Urban8k/audio/fold10/187863-4-0-3.wav,drilling
/DATA_ROOT/Desktop/matcher/Datasets/Urban8k/audio/fold10/187863-4-0-4.wav,drilling
/DATA_ROOT/Desktop/matcher/Datasets/Urban8k/audio/fold10/187863-4-0-5.wav,drilling
/DATA_ROOT/Desktop/matcher/Datasets/Urban8k/audio/fold5/187920-7-0-0.wav,jackhammer
/DATA_ROOT/Desktop/matcher/Datasets/Urban8k/audio/fold5/187920-7-1-0.wav,jackhammer
/DATA_ROOT/Desktop/matcher/Datasets/Urban8k/audio/fold5/187920-7-1-1.wav,jackhammer
/DATA_ROOT/Desktop/matcher/Datasets/Urban8k/audio/fold5/187920-7-1-2.wav,jackhammer
/DATA_ROOT/Desktop/matcher/Datasets/Urban8k/audio/fold5/187920-7-2-0.wav,jackhammer
/DATA_ROOT/Desktop/matcher/Datasets/Urban8k/audio/fold10/188497-2-0-0.wav,children_playing
/DATA_ROOT/Desktop/matcher/Datasets/Urban8k/audio/fold10/188497-2-0-1.wav,children_playing
/DATA_ROOT/Desktop/matcher/Datasets/Urban8k/audio/fold10/188497-2-0-11.wav,children_playing
/DATA_ROOT/Desktop/matcher/Datasets/Urban8k/audio/fold10/188497-2-0-17.wav,children_playing
/DATA_ROOT/Desktop/matcher/Datasets/Urban8k/audio/fold10/188497-2-0-19.wav,children_playing
/DATA_ROOT/Desktop/matcher/Datasets/Urban8k/audio/fold10/188497-2-0-2.wav,children_playing
/DATA_ROOT/Desktop/matcher/Datasets/Urban8k/audio/fold10/188497-2-0-23.wav,children_playing
/DATA_ROOT/Desktop/matcher/Datasets/Urban8k/audio/fold10/188497-2-0-8.wav,children_playing
/DATA_ROOT/Desktop/matcher/Datasets/Urban8k/audio/fold10/188813-7-0-0.wav,jackhammer
/DATA_ROOT/Desktop/matcher/Datasets/Urban8k/audio/fold10/188813-7-1-0.wav,jackhammer
/DATA_ROOT/Desktop/matcher/Datasets/Urban8k/audio/fold10/188813-7-10-0.wav,jackhammer
/DATA_ROOT/Desktop/matcher/Datasets/Urban8k/audio/fold10/188813-7-10-1.wav,jackhammer
/DATA_ROOT/Desktop/matcher/Datasets/Urban8k/audio/fold10/188813-7-10-2.wav,jackhammer
/DATA_ROOT/Desktop/matcher/Datasets/Urban8k/audio/fold10/188813-7-10-3.wav,jackhammer
/DATA_ROOT/Desktop/matcher/Datasets/Urban8k/audio/fold10/188813-7-11-0.wav,jackhammer
/DATA_ROOT/Desktop/matcher/Datasets/Urban8k/audio/fold10/188813-7-11-1.wav,jackhammer
/DATA_ROOT/Desktop/matcher/Datasets/Urban8k/audio/fold10/188813-7-12-0.wav,jackhammer
/DATA_ROOT/Desktop/matcher/Datasets/Urban8k/audio/fold10/188813-7-13-0.wav,jackhammer
/DATA_ROOT/Desktop/matcher/Datasets/Urban8k/audio/fold10/188813-7-2-0.wav,jackhammer
/DATA_ROOT/Desktop/matcher/Datasets/Urban8k/audio/fold10/188813-7-3-0.wav,jackhammer
/DATA_ROOT/Desktop/matcher/Datasets/Urban8k/audio/fold10/188813-7-4-0.wav,jackhammer
/DATA_ROOT/Desktop/matcher/Datasets/Urban8k/audio/fold10/188813-7-5-0.wav,jackhammer
/DATA_ROOT/Desktop/matcher/Datasets/Urban8k/audio/fold10/188813-7-6-0.wav,jackhammer
/DATA_ROOT/Desktop/matcher/Datasets/Urban8k/audio/fold10/188813-7-7-0.wav,jackhammer
/DATA_ROOT/Desktop/matcher/Datasets/Urban8k/audio/fold10/188813-7-8-0.wav,jackhammer
/DATA_ROOT/Desktop/matcher/Datasets/Urban8k/audio/fold10/188813-7-9-0.wav,jackhammer
/DATA_ROOT/Desktop/matcher/Datasets/Urban8k/audio/fold9/188823-7-0-0.wav,jackhammer
/DATA_ROOT/Desktop/matcher/Datasets/Urban8k/audio/fold9/188823-7-0-1.wav,jackhammer
/DATA_ROOT/Desktop/matcher/Datasets/Urban8k/audio/fold9/188823-7-0-2.wav,jackhammer
/DATA_ROOT/Desktop/matcher/Datasets/Urban8k/audio/fold9/188823-7-0-3.wav,jackhammer
/DATA_ROOT/Desktop/matcher/Datasets/Urban8k/audio/fold9/188823-7-0-4.wav,jackhammer
/DATA_ROOT/Desktop/matcher/Datasets/Urban8k/audio/fold9/188823-7-1-0.wav,jackhammer
/DATA_ROOT/Desktop/matcher/Datasets/Urban8k/audio/fold9/188823-7-1-1.wav,jackhammer
/DATA_ROOT/Desktop/matcher/Datasets/Urban8k/audio/fold9/188823-7-1-2.wav,jackhammer
/DATA_ROOT/Desktop/matcher/Datasets/Urban8k/audio/fold9/188823-7-1-3.wav,jackhammer
/DATA_ROOT/Desktop/matcher/Datasets/Urban8k/audio/fold9/188823-7-2-0.wav,jackhammer
/DATA_ROOT/Desktop/matcher/Datasets/Urban8k/audio/fold9/188823-7-2-1.wav,jackhammer
/DATA_ROOT/Desktop/matcher/Datasets/Urban8k/audio/fold9/188823-7-2-2.wav,jackhammer
/DATA_ROOT/Desktop/matcher/Datasets/Urban8k/audio/fold9/188823-7-2-3.wav,jackhammer
/DATA_ROOT/Desktop/matcher/Datasets/Urban8k/audio/fold9/188823-7-3-0.wav,jackhammer
/DATA_ROOT/Desktop/matcher/Datasets/Urban8k/audio/fold9/188823-7-4-0.wav,jackhammer
/DATA_ROOT/Desktop/matcher/Datasets/Urban8k/audio/fold9/188823-7-5-0.wav,jackhammer
/DATA_ROOT/Desktop/matcher/Datasets/Urban8k/audio/fold9/188823-7-6-0.wav,jackhammer
/DATA_ROOT/Desktop/matcher/Datasets/Urban8k/audio/fold3/188824-7-0-0.wav,jackhammer
/DATA_ROOT/Desktop/matcher/Datasets/Urban8k/audio/fold3/188824-7-1-0.wav,jackhammer
/DATA_ROOT/Desktop/matcher/Datasets/Urban8k/audio/fold3/188824-7-10-0.wav,jackhammer
/DATA_ROOT/Desktop/matcher/Datasets/Urban8k/audio/fold3/188824-7-11-0.wav,jackhammer
/DATA_ROOT/Desktop/matcher/Datasets/Urban8k/audio/fold3/188824-7-12-0.wav,jackhammer
/DATA_ROOT/Desktop/matcher/Datasets/Urban8k/audio/fold3/188824-7-2-0.wav,jackhammer
/DATA_ROOT/Desktop/matcher/Datasets/Urban8k/audio/fold3/188824-7-3-0.wav,jackhammer
/DATA_ROOT/Desktop/matcher/Datasets/Urban8k/audio/fold3/188824-7-4-0.wav,jackhammer
/DATA_ROOT/Desktop/matcher/Datasets/Urban8k/audio/fold3/188824-7-5-0.wav,jackhammer
/DATA_ROOT/Desktop/matcher/Datasets/Urban8k/audio/fold3/188824-7-6-0.wav,jackhammer
/DATA_ROOT/Desktop/matcher/Datasets/Urban8k/audio/fold3/188824-7-7-0.wav,jackhammer
/DATA_ROOT/Desktop/matcher/Datasets/Urban8k/audio/fold3/188824-7-8-0.wav,jackhammer
/DATA_ROOT/Desktop/matcher/Datasets/Urban8k/audio/fold3/188824-7-9-0.wav,jackhammer
/DATA_ROOT/Desktop/matcher/Datasets/Urban8k/audio/fold2/189023-0-0-0.wav,air_conditioner
/DATA_ROOT/Desktop/matcher/Datasets/Urban8k/audio/fold2/189023-0-0-1.wav,air_conditioner
/DATA_ROOT/Desktop/matcher/Datasets/Urban8k/audio/fold2/189023-0-0-10.wav,air_conditioner
/DATA_ROOT/Desktop/matcher/Datasets/Urban8k/audio/fold2/189023-0-0-11.wav,air_conditioner
/DATA_ROOT/Desktop/matcher/Datasets/Urban8k/audio/fold2/189023-0-0-12.wav,air_conditioner
/DATA_ROOT/Desktop/matcher/Datasets/Urban8k/audio/fold2/189023-0-0-13.wav,air_conditioner
/DATA_ROOT/Desktop/matcher/Datasets/Urban8k/audio/fold2/189023-0-0-2.wav,air_conditioner
/DATA_ROOT/Desktop/matcher/Datasets/Urban8k/audio/fold2/189023-0-0-3.wav,air_conditioner
/DATA_ROOT/Desktop/matcher/Datasets/Urban8k/audio/fold2/189023-0-0-4.wav,air_conditioner
/DATA_ROOT/Desktop/matcher/Datasets/Urban8k/audio/fold2/189023-0-0-5.wav,air_conditioner
/DATA_ROOT/Desktop/matcher/Datasets/Urban8k/audio/fold2/189023-0-0-6.wav,air_conditioner
/DATA_ROOT/Desktop/matcher/Datasets/Urban8k/audio/fold2/189023-0-0-7.wav,air_conditioner
/DATA_ROOT/Desktop/matcher/Datasets/Urban8k/audio/fold2/189023-0-0-8.wav,air_conditioner
/DATA_ROOT/Desktop/matcher/Datasets/Urban8k/audio/fold2/189023-0-0-9.wav,air_conditioner
/DATA_ROOT/Desktop/matcher/Datasets/Urban8k/audio/fold8/189825-9-0-0.wav,street_music
/DATA_ROOT/Desktop/matcher/Datasets/Urban8k/audio/fold8/189825-9-0-1.wav,street_music
/DATA_ROOT/Desktop/matcher/Datasets/Urban8k/audio/fold8/189825-9-0-2.wav,street_music
/DATA_ROOT/Desktop/matcher/Datasets/Urban8k/audio/fold8/189825-9-0-3.wav,street_music
/DATA_ROOT/Desktop/matcher/Datasets/Urban8k/audio/fold8/189825-9-0-5.wav,street_music
/DATA_ROOT/Desktop/matcher/Datasets/Urban8k/audio/fold8/189825-9-0-7.wav,street_music
/DATA_ROOT/Desktop/matcher/Datasets/Urban8k/audio/fold7/189981-0-0-0.wav,air_conditioner
/DATA_ROOT/Desktop/matcher/Datasets/Urban8k/audio/fold7/189981-0-0-1.wav,air_conditioner
/DATA_ROOT/Desktop/matcher/Datasets/Urban8k/audio/fold7/189981-0-0-10.wav,air_conditioner
/DATA_ROOT/Desktop/matcher/Datasets/Urban8k/audio/fold7/189981-0-0-11.wav,air_conditioner
/DATA_ROOT/Desktop/matcher/Datasets/Urban8k/audio/fold7/189981-0-0-12.wav,air_conditioner
/DATA_ROOT/Desktop/matcher/Datasets/Urban8k/audio/fold7/189981-0-0-13.wav,air_conditioner
/DATA_ROOT/Desktop/matcher/Datasets/Urban8k/audio/fold7/189981-0-0-14.wav,air_conditioner
/DATA_ROOT/Desktop/matcher/Datasets/Urban8k/audio/fold7/189981-0-0-15.wav,air_conditioner
/DATA_ROOT/Desktop/matcher/Datasets/Urban8k/audio/fold7/189981-0-0-16.wav,air_conditioner
/DATA_ROOT/Desktop/matcher/Datasets/Urban8k/audio/fold7/189981-0-0-17.wav,air_conditioner
/DATA_ROOT/Desktop/matcher/Datasets/Urban8k/audio/fold7/189981-0-0-2.wav,air_conditioner
/DATA_ROOT/Desktop/matcher/Datasets/Urban8k/audio/fold7/189981-0-0-3.wav,air_conditioner
/DATA_ROOT/Desktop/matcher/Datasets/Urban8k/audio/fold7/189981-0-0-4.wav,air_conditioner
/DATA_ROOT/Desktop/matcher/Datasets/Urban8k/audio/fold7/189981-0-0-5.wav,air_conditioner
/DATA_ROOT/Desktop/matcher/Datasets/Urban8k/audio/fold7/189981-0-0-6.wav,air_conditioner
/DATA_ROOT/Desktop/matcher/Datasets/Urban8k/audio/fold7/189981-0-0-7.wav,air_conditioner
/DATA_ROOT/Desktop/matcher/Datasets/Urban8k/audio/fold7/189981-0-0-8.wav,air_conditioner
/DATA_ROOT/Desktop/matcher/Datasets/Urban8k/audio/fold7/189981-0-0-9.wav,air_conditioner
/DATA_ROOT/Desktop/matcher/Datasets/Urban8k/audio/fold10/189982-0-0-11.wav,air_conditioner
/DATA_ROOT/Desktop/matcher/Datasets/Urban8k/audio/fold10/189982-0-0-13.wav,air_conditioner
/DATA_ROOT/Desktop/matcher/Datasets/Urban8k/audio/fold10/189982-0-0-16.wav,air_conditioner
/DATA_ROOT/Desktop/matcher/Datasets/Urban8k/audio/fold10/189982-0-0-17.wav,air_conditioner
/DATA_ROOT/Desktop/matcher/Datasets/Urban8k/audio/fold10/189982-0-0-18.wav,air_conditioner
/DATA_ROOT/Desktop/matcher/Datasets/Urban8k/audio/fold10/189982-0-0-19.wav,air_conditioner
/DATA_ROOT/Desktop/matcher/Datasets/Urban8k/audio/fold10/189982-0-0-2.wav,air_conditioner
/DATA_ROOT/Desktop/matcher/Datasets/Urban8k/audio/fold10/189982-0-0-20.wav,air_conditioner
/DATA_ROOT/Desktop/matcher/Datasets/Urban8k/audio/fold10/189982-0-0-23.wav,air_conditioner
/DATA_ROOT/Desktop/matcher/Datasets/Urban8k/audio/fold10/189982-0-0-27.wav,air_conditioner
/DATA_ROOT/Desktop/matcher/Datasets/Urban8k/audio/fold10/189982-0-0-28.wav,air_conditioner
/DATA_ROOT/Desktop/matcher/Datasets/Urban8k/audio/fold10/189982-0-0-3.wav,air_conditioner
/DATA_ROOT/Desktop/matcher/Datasets/Urban8k/audio/fold10/189982-0-0-30.wav,air_conditioner
/DATA_ROOT/Desktop/matcher/Datasets/Urban8k/audio/fold10/189982-0-0-33.wav,air_conditioner
/DATA_ROOT/Desktop/matcher/Datasets/Urban8k/audio/fold10/189982-0-0-35.wav,air_conditioner
/DATA_ROOT/Desktop/matcher/Datasets/Urban8k/audio/fold10/189982-0-0-36.wav,air_conditioner
/DATA_ROOT/Desktop/matcher/Datasets/Urban8k/audio/fold10/189982-0-0-38.wav,air_conditioner
/DATA_ROOT/Desktop/matcher/Datasets/Urban8k/audio/fold10/189982-0-0-39.wav,air_conditioner
/DATA_ROOT/Desktop/matcher/Datasets/Urban8k/audio/fold10/189982-0-0-4.wav,air_conditioner
/DATA_ROOT/Desktop/matcher/Datasets/Urban8k/audio/fold10/189982-0-0-42.wav,air_conditioner
/DATA_ROOT/Desktop/matcher/Datasets/Urban8k/audio/fold10/189982-0-0-43.wav,air_conditioner
/DATA_ROOT/Desktop/matcher/Datasets/Urban8k/audio/fold10/189982-0-0-44.wav,air_conditioner
/DATA_ROOT/Desktop/matcher/Datasets/Urban8k/audio/fold10/189982-0-0-45.wav,air_conditioner
/DATA_ROOT/Desktop/matcher/Datasets/Urban8k/audio/fold10/189982-0-0-6.wav,air_conditioner
/DATA_ROOT/Desktop/matcher/Datasets/Urban8k/audio/fold10/189982-0-0-7.wav,air_conditioner
/DATA_ROOT/Desktop/matcher/Datasets/Urban8k/audio/fold10/189985-0-0-0.wav,air_conditioner
/DATA_ROOT/Desktop/matcher/Datasets/Urban8k/audio/fold10/189985-0-0-1.wav,air_conditioner
/DATA_ROOT/Desktop/matcher/Datasets/Urban8k/audio/fold10/189985-0-0-2.wav,air_conditioner
/DATA_ROOT/Desktop/matcher/Datasets/Urban8k/audio/fold10/189985-0-0-3.wav,air_conditioner
/DATA_ROOT/Desktop/matcher/Datasets/Urban8k/audio/fold10/189985-0-0-4.wav,air_conditioner
/DATA_ROOT/Desktop/matcher/Datasets/Urban8k/audio/fold10/189985-0-0-5.wav,air_conditioner
/DATA_ROOT/Desktop/matcher/Datasets/Urban8k/audio/fold10/189985-0-0-6.wav,air_conditioner
/DATA_ROOT/Desktop/matcher/Datasets/Urban8k/audio/fold6/189986-0-0-0.wav,air_conditioner
/DATA_ROOT/Desktop/matcher/Datasets/Urban8k/audio/fold7/189987-0-0-0.wav,air_conditioner
/DATA_ROOT/Desktop/matcher/Datasets/Urban8k/audio/fold7/189987-0-0-1.wav,air_conditioner
/DATA_ROOT/Desktop/matcher/Datasets/Urban8k/audio/fold7/189987-0-0-2.wav,air_conditioner
/DATA_ROOT/Desktop/matcher/Datasets/Urban8k/audio/fold7/189987-0-0-3.wav,air_conditioner
/DATA_ROOT/Desktop/matcher/Datasets/Urban8k/audio/fold7/189987-0-0-4.wav,air_conditioner
/DATA_ROOT/Desktop/matcher/Datasets/Urban8k/audio/fold9/189988-0-0-0.wav,air_conditioner
/DATA_ROOT/Desktop/matcher/Datasets/Urban8k/audio/fold9/189988-0-0-1.wav,air_conditioner
/DATA_ROOT/Desktop/matcher/Datasets/Urban8k/audio/fold9/189988-0-0-2.wav,air_conditioner
/DATA_ROOT/Desktop/matcher/Datasets/Urban8k/audio/fold9/189988-0-0-3.wav,air_conditioner
/DATA_ROOT/Desktop/matcher/Datasets/Urban8k/audio/fold9/189988-0-0-4.wav,air_conditioner
/DATA_ROOT/Desktop/matcher/Datasets/Urban8k/audio/fold9/189988-0-0-5.wav,air_conditioner
/DATA_ROOT/Desktop/matcher/Datasets/Urban8k/audio/fold9/189989-0-0-0.wav,air_conditioner
/DATA_ROOT/Desktop/matcher/Datasets/Urban8k/audio/fold9/189989-0-0-1.wav,air_conditioner
/DATA_ROOT/Desktop/matcher/Datasets/Urban8k/audio/fold9/189989-0-0-2.wav,air_conditioner
/DATA_ROOT/Desktop/matcher/Datasets/Urban8k/audio/fold2/189991-0-0-0.wav,air_conditioner
/DATA_ROOT/Desktop/matcher/Datasets/Urban8k/audio/fold2/189991-0-0-1.wav,air_conditioner
/DATA_ROOT/Desktop/matcher/Datasets/Urban8k/audio/fold2/189991-0-0-2.wav,air_conditioner
/DATA_ROOT/Desktop/matcher/Datasets/Urban8k/audio/fold2/189991-0-0-3.wav,air_conditioner
/DATA_ROOT/Desktop/matcher/Datasets/Urban8k/audio/fold2/189991-0-0-4.wav,air_conditioner
/DATA_ROOT/Desktop/matcher/Datasets/Urban8k/audio/fold2/189991-0-0-5.wav,air_conditioner
/DATA_ROOT/Desktop/matcher/Datasets/Urban8k/audio/fold2/189991-0-0-6.wav,air_conditioner
/DATA_ROOT/Desktop/matcher/Datasets/Urban8k/audio/fold2/189991-0-0-7.wav,air_conditioner
/DATA_ROOT/Desktop/matcher/Datasets/Urban8k/audio/fold5/19007-4-0-0.wav,drilling
/DATA_ROOT/Desktop/matcher/Datasets/Urban8k/audio/fold5/190893-2-0-10.wav,children_playing
/DATA_ROOT/Desktop/matcher/Datasets/Urban8k/audio/fold5/190893-2-0-11.wav,children_playing
/DATA_ROOT/Desktop/matcher/Datasets/Urban8k/audio/fold5/190893-2-0-12.wav,children_playing
/DATA_ROOT/Desktop/matcher/Datasets/Urban8k/audio/fold5/190893-2-0-21.wav,children_playing
/DATA_ROOT/Desktop/matcher/Datasets/Urban8k/audio/fold5/190893-2-0-23.wav,children_playing
/DATA_ROOT/Desktop/matcher/Datasets/Urban8k/audio/fold5/190893-2-0-27.wav,children_playing
/DATA_ROOT/Desktop/matcher/Datasets/Urban8k/audio/fold5/190893-2-0-28.wav,children_playing
/DATA_ROOT/Desktop/matcher/Datasets/Urban8k/audio/fold5/190893-2-0-7.wav,children_playing
/DATA_ROOT/Desktop/matcher/Datasets/Urban8k/audio/fold9/190894-2-0-0.wav,children_playing
/DATA_ROOT/Desktop/matcher/Datasets/Urban8k/audio/fold9/190894-2-0-2.wav,children_playing
/DATA_ROOT/Desktop/matcher/Datasets/Urban8k/audio/fold9/190894-2-0-3.wav,children_playing
/DATA_ROOT/Desktop/matcher/Datasets/Urban8k/audio/fold9/190894-2-0-4.wav,children_playing
/DATA_ROOT/Desktop/matcher/Datasets/Urban8k/audio/fold9/190894-2-0-5.wav,children_playing
/DATA_ROOT/Desktop/matcher/Datasets/Urban8k/audio/fold9/190894-2-0-6.wav,children_playing
/DATA_ROOT/Desktop/matcher/Datasets/Urban8k/audio/fold9/190894-2-0-7.wav,children_playing
/DATA_ROOT/Desktop/matcher/Datasets/Urban8k/audio/fold9/190894-2-0-8.wav,children_playing
/DATA_ROOT/Desktop/matcher/Datasets/Urban8k/audio/fold1/191431-9-0-26.wav,street_music
/DATA_ROOT/Desktop/matcher/Datasets/Urban8k/audio/fold1/191431-9-0-30.wav,street_music
/DATA_ROOT/Desktop/matcher/Datasets/Urban8k/audio/fold1/191431-9-0-61.wav,street_music
/DATA_ROOT/Desktop/matcher/Datasets/Urban8k/audio/fold1/191431-9-0-66.wav,street_music
/DATA_ROOT/Desktop/matcher/Datasets/Urban8k/audio/fold1/191431-9-0-73.wav,street_music
/DATA_ROOT/Desktop/matcher/Datasets/Urban8k/audio/fold1/191431-9-0-8.wav,street_music
/DATA_ROOT/Desktop/matcher/Datasets/Urban8k/audio/fold5/191449-6-0-0.wav,gun_shot
/DATA_ROOT/Desktop/matcher/Datasets/Urban8k/audio/fold9/192123-2-0-0.wav,children_playing
/DATA_ROOT/Desktop/matcher/Datasets/Urban8k/audio/fold9/192123-2-0-10.wav,children_playing
/DATA_ROOT/Desktop/matcher/Datasets/Urban8k/audio/fold9/192123-2-0-11.wav,children_playing
/DATA_ROOT/Desktop/matcher/Datasets/Urban8k/audio/fold9/192123-2-0-17.wav,children_playing
/DATA_ROOT/Desktop/matcher/Datasets/Urban8k/audio/fold9/192123-2-0-18.wav,children_playing
/DATA_ROOT/Desktop/matcher/Datasets/Urban8k/audio/fold9/192123-2-0-22.wav,children_playing
/DATA_ROOT/Desktop/matcher/Datasets/Urban8k/audio/fold9/192123-2-0-23.wav,children_playing
/DATA_ROOT/Desktop/matcher/Datasets/Urban8k/audio/fold9/192123-2-0-4.wav,children_playing
/DATA_ROOT/Desktop/matcher/Datasets/Urban8k/audio/fold1/192124-2-0-0.wav,children_playing
/DATA_ROOT/Desktop/matcher/Datasets/Urban8k/audio/fold1/192124-2-0-11.wav,children_playing
/DATA_ROOT/Desktop/matcher/Datasets/Urban8k/audio/fold1/192124-2-0-12.wav,children_playing
/DATA_ROOT/Desktop/matcher/Datasets/Urban8k/audio/fold1/192124-2-0-15.wav,children_playing
/DATA_ROOT/Desktop/matcher/Datasets/Urban8k/audio/fold1/192124-2-0-3.wav,children_playing
/DATA_ROOT/Desktop/matcher/Datasets/Urban8k/audio/fold1/192124-2-0-4.wav,children_playing
/DATA_ROOT/Desktop/matcher/Datasets/Urban8k/audio/fold1/192124-2-0-5.wav,children_playing
/DATA_ROOT/Desktop/matcher/Datasets/Urban8k/audio/fold1/192124-2-0-7.wav,children_playing
/DATA_ROOT/Desktop/matcher/Datasets/Urban8k/audio/fold2/192269-2-0-1.wav,children_playing
/DATA_ROOT/Desktop/matcher/Datasets/Urban8k/audio/fold2/192269-2-0-11.wav,children_playing
/DATA_ROOT/Desktop/matcher/Datasets/Urban8k/audio/fold2/192269-2-0-18.wav,children_playing
/DATA_ROOT/Desktop/matcher/Datasets/Urban8k/audio/fold2/192269-2-0-24.wav,children_playing
/DATA_ROOT/Desktop/matcher/Datasets/Urban8k/audio/fold2/192269-2-0-35.wav,children_playing
/DATA_ROOT/Desktop/matcher/Datasets/Urban8k/audio/fold2/192269-2-0-37.wav,children_playing
/DATA_ROOT/Desktop/matcher/Datasets/Urban8k/audio/fold2/192269-2-0-54.wav,children_playing
/DATA_ROOT/Desktop/matcher/Datasets/Urban8k/audio/fold2/192269-2-0-56.wav,children_playing
/DATA_ROOT/Desktop/matcher/Datasets/Urban8k/audio/fold4/192382-2-0-105.wav,children_playing
/DATA_ROOT/Desktop/matcher/Datasets/Urban8k/audio/fold4/192382-2-0-12.wav,children_playing
/DATA_ROOT/Desktop/matcher/Datasets/Urban8k/audio/fold4/192382-2-0-18.wav,children_playing
/DATA_ROOT/Desktop/matcher/Datasets/Urban8k/audio/fold4/192382-2-0-36.wav,children_playing
/DATA_ROOT/Desktop/matcher/Datasets/Urban8k/audio/fold4/192382-2-0-66.wav,children_playing
/DATA_ROOT/Desktop/matcher/Datasets/Urban8k/audio/fold4/192382-2-0-67.wav,children_playing
/DATA_ROOT/Desktop/matcher/Datasets/Urban8k/audio/fold4/192382-2-0-8.wav,children_playing
/DATA_ROOT/Desktop/matcher/Datasets/Urban8k/audio/fold4/192382-2-0-9.wav,children_playing
/DATA_ROOT/Desktop/matcher/Datasets/Urban8k/audio/fold3/19338-5-0-0.wav,engine+engine_idling
/DATA_ROOT/Desktop/matcher/Datasets/Urban8k/audio/fold3/19338-5-1-0.wav,engine+engine_idling
/DATA_ROOT/Desktop/matcher/Datasets/Urban8k/audio/fold3/19338-5-2-0.wav,engine+engine_idling
/DATA_ROOT/Desktop/matcher/Datasets/Urban8k/audio/fold3/19338-5-3-0.wav,engine+engine_idling
/DATA_ROOT/Desktop/matcher/Datasets/Urban8k/audio/fold6/193697-2-0-103.wav,children_playing
/DATA_ROOT/Desktop/matcher/Datasets/Urban8k/audio/fold6/193697-2-0-107.wav,children_playing
/DATA_ROOT/Desktop/matcher/Datasets/Urban8k/audio/fold6/193697-2-0-110.wav,children_playing
/DATA_ROOT/Desktop/matcher/Datasets/Urban8k/audio/fold6/193697-2-0-135.wav,children_playing
/DATA_ROOT/Desktop/matcher/Datasets/Urban8k/audio/fold6/193697-2-0-5.wav,children_playing
/DATA_ROOT/Desktop/matcher/Datasets/Urban8k/audio/fold6/193697-2-0-90.wav,children_playing
/DATA_ROOT/Desktop/matcher/Datasets/Urban8k/audio/fold6/193697-2-0-99.wav,children_playing
/DATA_ROOT/Desktop/matcher/Datasets/Urban8k/audio/fold1/193698-2-0-112.wav,children_playing
/DATA_ROOT/Desktop/matcher/Datasets/Urban8k/audio/fold1/193698-2-0-113.wav,children_playing
/DATA_ROOT/Desktop/matcher/Datasets/Urban8k/audio/fold1/193698-2-0-114.wav,children_playing
/DATA_ROOT/Desktop/matcher/Datasets/Urban8k/audio/fold1/193698-2-0-140.wav,children_playing
/DATA_ROOT/Desktop/matcher/Datasets/Urban8k/audio/fold1/193698-2-0-42.wav,children_playing
/DATA_ROOT/Desktop/matcher/Datasets/Urban8k/audio/fold1/193698-2-0-58.wav,children_playing
/DATA_ROOT/Desktop/matcher/Datasets/Urban8k/audio/fold1/193698-2-0-64.wav,children_playing
/DATA_ROOT/Desktop/matcher/Datasets/Urban8k/audio/fold1/193698-2-0-89.wav,children_playing
/DATA_ROOT/Desktop/matcher/Datasets/Urban8k/audio/fold8/193699-2-0-109.wav,children_playing
/DATA_ROOT/Desktop/matcher/Datasets/Urban8k/audio/fold8/193699-2-0-3.wav,children_playing
/DATA_ROOT/Desktop/matcher/Datasets/Urban8k/audio/fold8/193699-2-0-32.wav,children_playing
/DATA_ROOT/Desktop/matcher/Datasets/Urban8k/audio/fold8/193699-2-0-33.wav,children_playing
/DATA_ROOT/Desktop/matcher/Datasets/Urban8k/audio/fold8/193699-2-0-46.wav,children_playing
/DATA_ROOT/Desktop/matcher/Datasets/Urban8k/audio/fold8/193699-2-0-54.wav,children_playing
/DATA_ROOT/Desktop/matcher/Datasets/Urban8k/audio/fold8/193699-2-0-62.wav,children_playing
/DATA_ROOT/Desktop/matcher/Datasets/Urban8k/audio/fold8/193699-2-0-69.wav,children_playing
/DATA_ROOT/Desktop/matcher/Datasets/Urban8k/audio/fold9/194310-9-0-15.wav,street_music
/DATA_ROOT/Desktop/matcher/Datasets/Urban8k/audio/fold9/194310-9-0-3.wav,street_music
/DATA_ROOT/Desktop/matcher/Datasets/Urban8k/audio/fold9/194310-9-0-35.wav,street_music
/DATA_ROOT/Desktop/matcher/Datasets/Urban8k/audio/fold9/194310-9-0-7.wav,street_music
/DATA_ROOT/Desktop/matcher/Datasets/Urban8k/audio/fold9/194310-9-0-73.wav,street_music
/DATA_ROOT/Desktop/matcher/Datasets/Urban8k/audio/fold9/194310-9-0-8.wav,street_music
/DATA_ROOT/Desktop/matcher/Datasets/Urban8k/audio/fold6/194321-9-0-100.wav,street_music
/DATA_ROOT/Desktop/matcher/Datasets/Urban8k/audio/fold6/194321-9-0-126.wav,street_music
/DATA_ROOT/Desktop/matcher/Datasets/Urban8k/audio/fold6/194321-9-0-150.wav,street_music
/DATA_ROOT/Desktop/matcher/Datasets/Urban8k/audio/fold6/194321-9-0-241.wav,street_music
/DATA_ROOT/Desktop/matcher/Datasets/Urban8k/audio/fold6/194321-9-0-6.wav,street_music
/DATA_ROOT/Desktop/matcher/Datasets/Urban8k/audio/fold6/194321-9-0-61.wav,street_music
/DATA_ROOT/Desktop/matcher/Datasets/Urban8k/audio/fold4/194458-9-0-2.wav,street_music
/DATA_ROOT/Desktop/matcher/Datasets/Urban8k/audio/fold4/194458-9-0-34.wav,street_music
/DATA_ROOT/Desktop/matcher/Datasets/Urban8k/audio/fold4/194458-9-1-122.wav,street_music
/DATA_ROOT/Desktop/matcher/Datasets/Urban8k/audio/fold4/194458-9-1-75.wav,street_music
/DATA_ROOT/Desktop/matcher/Datasets/Urban8k/audio/fold4/194458-9-1-91.wav,street_music
/DATA_ROOT/Desktop/matcher/Datasets/Urban8k/audio/fold1/194732-9-0-126.wav,street_music
/DATA_ROOT/Desktop/matcher/Datasets/Urban8k/audio/fold1/194732-9-0-163.wav,street_music
/DATA_ROOT/Desktop/matcher/Datasets/Urban8k/audio/fold1/194732-9-0-171.wav,street_music
/DATA_ROOT/Desktop/matcher/Datasets/Urban8k/audio/fold1/194732-9-0-175.wav,street_music
/DATA_ROOT/Desktop/matcher/Datasets/Urban8k/audio/fold1/194732-9-0-191.wav,street_music
/DATA_ROOT/Desktop/matcher/Datasets/Urban8k/audio/fold1/194732-9-0-41.wav,street_music
/DATA_ROOT/Desktop/matcher/Datasets/Urban8k/audio/fold1/194732-9-0-95.wav,street_music
/DATA_ROOT/Desktop/matcher/Datasets/Urban8k/audio/fold8/194733-9-0-1.wav,street_music
/DATA_ROOT/Desktop/matcher/Datasets/Urban8k/audio/fold8/194733-9-0-10.wav,street_music
/DATA_ROOT/Desktop/matcher/Datasets/Urban8k/audio/fold8/194733-9-0-11.wav,street_music
/DATA_ROOT/Desktop/matcher/Datasets/Urban8k/audio/fold8/194733-9-0-12.wav,street_music
/DATA_ROOT/Desktop/matcher/Datasets/Urban8k/audio/fold8/194733-9-0-14.wav,street_music
/DATA_ROOT/Desktop/matcher/Datasets/Urban8k/audio/fold8/194733-9-0-16.wav,street_music
/DATA_ROOT/Desktop/matcher/Datasets/Urban8k/audio/fold8/194733-9-0-7.wav,street_music
/DATA_ROOT/Desktop/matcher/Datasets/Urban8k/audio/fold2/194841-9-0-130.wav,street_music
/DATA_ROOT/Desktop/matcher/Datasets/Urban8k/audio/fold2/194841-9-0-144.wav,street_music
/DATA_ROOT/Desktop/matcher/Datasets/Urban8k/audio/fold2/194841-9-0-164.wav,street_music
/DATA_ROOT/Desktop/matcher/Datasets/Urban8k/audio/fold2/194841-9-0-178.wav,street_music
/DATA_ROOT/Desktop/matcher/Datasets/Urban8k/audio/fold2/194841-9-0-222.wav,street_music
/DATA_ROOT/Desktop/matcher/Datasets/Urban8k/audio/fold2/194841-9-0-48.wav,street_music
/DATA_ROOT/Desktop/matcher/Datasets/Urban8k/audio/fold5/194910-9-0-108.wav,street_music
/DATA_ROOT/Desktop/matcher/Datasets/Urban8k/audio/fold5/194910-9-0-26.wav,street_music
/DATA_ROOT/Desktop/matcher/Datasets/Urban8k/audio/fold5/194910-9-0-5.wav,street_music
/DATA_ROOT/Desktop/matcher/Datasets/Urban8k/audio/fold5/194910-9-0-63.wav,street_music
/DATA_ROOT/Desktop/matcher/Datasets/Urban8k/audio/fold5/194910-9-0-65.wav,street_music
/DATA_ROOT/Desktop/matcher/Datasets/Urban8k/audio/fold7/194962-5-0-0.wav,engine+engine_idling
/DATA_ROOT/Desktop/matcher/Datasets/Urban8k/audio/fold7/194962-5-0-1.wav,engine+engine_idling
/DATA_ROOT/Desktop/matcher/Datasets/Urban8k/audio/fold7/194962-5-0-2.wav,engine+engine_idling
/DATA_ROOT/Desktop/matcher/Datasets/Urban8k/audio/fold10/195063-4-0-0.wav,drilling
/DATA_ROOT/Desktop/matcher/Datasets/Urban8k/audio/fold10/195063-4-1-0.wav,drilling
/DATA_ROOT/Desktop/matcher/Datasets/Urban8k/audio/fold3/195451-5-0-0.wav,engine+engine_idling
/DATA_ROOT/Desktop/matcher/Datasets/Urban8k/audio/fold3/195451-5-0-1.wav,engine+engine_idling
/DATA_ROOT/Desktop/matcher/Datasets/Urban8k/audio/fold3/195451-5-0-10.wav,engine+engine_idling
/DATA_ROOT/Desktop/matcher/Datasets/Urban8k/audio/fold3/195451-5-0-11.wav,engine+engine_idling
/DATA_ROOT/Desktop/matcher/Datasets/Urban8k/audio/fold3/195451-5-0-12.wav,engine+engine_idling
/DATA_ROOT/Desktop/matcher/Datasets/Urban8k/audio/fold3/195451-5-0-13.wav,engine+engine_idling
/DATA_ROOT/Desktop/matcher/Datasets/Urban8k/audio/fold3/195451-5-0-14.wav,engine+engine_idling
/DATA_ROOT/Desktop/matcher/Datasets/Urban8k/audio/fold3/195451-5-0-15.wav,engine+engine_idling
/DATA_ROOT/Desktop/matcher/Datasets/Urban8k/audio/fold3/195451-5-0-16.wav,engine+engine_idling
/DATA_ROOT/Desktop/matcher/Datasets/Urban8k/audio/fold3/195451-5-0-17.wav,engine+engine_idling
/DATA_ROOT/Desktop/matcher/Datasets/Urban8k/audio/fold3/195451-5-0-18.wav,engine+engine_idling
/DATA_ROOT/Desktop/matcher/Datasets/Urban8k/audio/fold3/195451-5-0-19.wav,engine+engine_idling
/DATA_ROOT/Desktop/matcher/Datasets/Urban8k/audio/fold3/195451-5-0-2.wav,engine+engine_idling
/DATA_ROOT/Desktop/matcher/Datasets/Urban8k/audio/fold3/195451-5-0-20.wav,engine+engine_idling
/DATA_ROOT/Desktop/matcher/Datasets/Urban8k/audio/fold3/195451-5-0-21.wav,engine+engine_idling
/DATA_ROOT/Desktop/matcher/Datasets/Urban8k/audio/fold3/195451-5-0-3.wav,engine+engine_idling
/DATA_ROOT/Desktop/matcher/Datasets/Urban8k/audio/fold3/195451-5-0-4.wav,engine+engine_idling
/DATA_ROOT/Desktop/matcher/Datasets/Urban8k/audio/fold3/195451-5-0-5.wav,engine+engine_idling
/DATA_ROOT/Desktop/matcher/Datasets/Urban8k/audio/fold3/195451-5-0-6.wav,engine+engine_idling
/DATA_ROOT/Desktop/matcher/Datasets/Urban8k/audio/fold3/195451-5-0-7.wav,engine+engine_idling
/DATA_ROOT/Desktop/matcher/Datasets/Urban8k/audio/fold3/195451-5-0-8.wav,engine+engine_idling
/DATA_ROOT/Desktop/matcher/Datasets/Urban8k/audio/fold3/195451-5-0-9.wav,engine+engine_idling
/DATA_ROOT/Desktop/matcher/Datasets/Urban8k/audio/fold4/195969-0-0-1.wav,air_conditioner
/DATA_ROOT/Desktop/matcher/Datasets/Urban8k/audio/fold4/195969-0-0-10.wav,air_conditioner
/DATA_ROOT/Desktop/matcher/Datasets/Urban8k/audio/fold4/195969-0-0-12.wav,air_conditioner
/DATA_ROOT/Desktop/matcher/Datasets/Urban8k/audio/fold4/195969-0-0-13.wav,air_conditioner
/DATA_ROOT/Desktop/matcher/Datasets/Urban8k/audio/fold4/195969-0-0-14.wav,air_conditioner
/DATA_ROOT/Desktop/matcher/Datasets/Urban8k/audio/fold4/195969-0-0-15.wav,air_conditioner
/DATA_ROOT/Desktop/matcher/Datasets/Urban8k/audio/fold4/195969-0-0-17.wav,air_conditioner
/DATA_ROOT/Desktop/matcher/Datasets/Urban8k/audio/fold4/195969-0-0-18.wav,air_conditioner
/DATA_ROOT/Desktop/matcher/Datasets/Urban8k/audio/fold4/195969-0-0-19.wav,air_conditioner
/DATA_ROOT/Desktop/matcher/Datasets/Urban8k/audio/fold4/195969-0-0-2.wav,air_conditioner
/DATA_ROOT/Desktop/matcher/Datasets/Urban8k/audio/fold4/195969-0-0-20.wav,air_conditioner
/DATA_ROOT/Desktop/matcher/Datasets/Urban8k/audio/fold4/195969-0-0-21.wav,air_conditioner
/DATA_ROOT/Desktop/matcher/Datasets/Urban8k/audio/fold4/195969-0-0-22.wav,air_conditioner
/DATA_ROOT/Desktop/matcher/Datasets/Urban8k/audio/fold4/195969-0-0-24.wav,air_conditioner
/DATA_ROOT/Desktop/matcher/Datasets/Urban8k/audio/fold4/195969-0-0-25.wav,air_conditioner
/DATA_ROOT/Desktop/matcher/Datasets/Urban8k/audio/fold4/195969-0-0-26.wav,air_conditioner
/DATA_ROOT/Desktop/matcher/Datasets/Urban8k/audio/fold4/195969-0-0-28.wav,air_conditioner
/DATA_ROOT/Desktop/matcher/Datasets/Urban8k/audio/fold4/195969-0-0-4.wav,air_conditioner
/DATA_ROOT/Desktop/matcher/Datasets/Urban8k/audio/fold4/195969-0-0-5.wav,air_conditioner
/DATA_ROOT/Desktop/matcher/Datasets/Urban8k/audio/fold4/195969-0-0-6.wav,air_conditioner
/DATA_ROOT/Desktop/matcher/Datasets/Urban8k/audio/fold4/195969-0-0-7.wav,air_conditioner
/DATA_ROOT/Desktop/matcher/Datasets/Urban8k/audio/fold4/195969-0-0-8.wav,air_conditioner
/DATA_ROOT/Desktop/matcher/Datasets/Urban8k/audio/fold4/195969-0-0-9.wav,air_conditioner
/DATA_ROOT/Desktop/matcher/Datasets/Urban8k/audio/fold8/196057-2-0-0.wav,children_playing
/DATA_ROOT/Desktop/matcher/Datasets/Urban8k/audio/fold9/196058-2-0-0.wav,children_playing
/DATA_ROOT/Desktop/matcher/Datasets/Urban8k/audio/fold7/196059-2-0-0.wav,children_playing
/DATA_ROOT/Desktop/matcher/Datasets/Urban8k/audio/fold7/196059-2-0-1.wav,children_playing
/DATA_ROOT/Desktop/matcher/Datasets/Urban8k/audio/fold3/196060-2-0-0.wav,children_playing
/DATA_ROOT/Desktop/matcher/Datasets/Urban8k/audio/fold4/196061-2-0-0.wav,children_playing
/DATA_ROOT/Desktop/matcher/Datasets/Urban8k/audio/fold5/196062-2-0-0.wav,children_playing
/DATA_ROOT/Desktop/matcher/Datasets/Urban8k/audio/fold2/196063-2-0-0.wav,children_playing
/DATA_ROOT/Desktop/matcher/Datasets/Urban8k/audio/fold2/196063-2-0-1.wav,children_playing
/DATA_ROOT/Desktop/matcher/Datasets/Urban8k/audio/fold2/196063-2-0-2.wav,children_playing
/DATA_ROOT/Desktop/matcher/Datasets/Urban8k/audio/fold7/196064-2-0-0.wav,children_playing
/DATA_ROOT/Desktop/matcher/Datasets/Urban8k/audio/fold1/196065-2-0-0.wav,children_playing
/DATA_ROOT/Desktop/matcher/Datasets/Urban8k/audio/fold9/196066-2-0-0.wav,children_playing
/DATA_ROOT/Desktop/matcher/Datasets/Urban8k/audio/fold9/196066-2-0-1.wav,children_playing
/DATA_ROOT/Desktop/matcher/Datasets/Urban8k/audio/fold2/196067-2-0-0.wav,children_playing
/DATA_ROOT/Desktop/matcher/Datasets/Urban8k/audio/fold8/196068-2-0-0.wav,children_playing
/DATA_ROOT/Desktop/matcher/Datasets/Urban8k/audio/fold8/196068-2-0-1.wav,children_playing
/DATA_ROOT/Desktop/matcher/Datasets/Urban8k/audio/fold10/196069-2-0-0.wav,children_playing
/DATA_ROOT/Desktop/matcher/Datasets/Urban8k/audio/fold7/196070-2-0-0.wav,children_playing
/DATA_ROOT/Desktop/matcher/Datasets/Urban8k/audio/fold7/196070-2-0-1.wav,children_playing
/DATA_ROOT/Desktop/matcher/Datasets/Urban8k/audio/fold7/196070-2-0-2.wav,children_playing
/DATA_ROOT/Desktop/matcher/Datasets/Urban8k/audio/fold7/196070-2-0-3.wav,children_playing
/DATA_ROOT/Desktop/matcher/Datasets/Urban8k/audio/fold7/196070-2-0-4.wav,children_playing
/DATA_ROOT/Desktop/matcher/Datasets/Urban8k/audio/fold7/196070-2-0-5.wav,children_playing
/DATA_ROOT/Desktop/matcher/Datasets/Urban8k/audio/fold5/196071-2-0-0.wav,children_playing
/DATA_ROOT/Desktop/matcher/Datasets/Urban8k/audio/fold4/196072-2-0-0.wav,children_playing
/DATA_ROOT/Desktop/matcher/Datasets/Urban8k/audio/fold3/196073-2-0-0.wav,children_playing
/DATA_ROOT/Desktop/matcher/Datasets/Urban8k/audio/fold8/196074-2-0-0.wav,children_playing
/DATA_ROOT/Desktop/matcher/Datasets/Urban8k/audio/fold7/196075-2-0-0.wav,children_playing
/DATA_ROOT/Desktop/matcher/Datasets/Urban8k/audio/fold6/196076-2-0-0.wav,children_playing
/DATA_ROOT/Desktop/matcher/Datasets/Urban8k/audio/fold6/196077-2-0-0.wav,children_playing
/DATA_ROOT/Desktop/matcher/Datasets/Urban8k/audio/fold6/196077-2-0-1.wav,children_playing
/DATA_ROOT/Desktop/matcher/Datasets/Urban8k/audio/fold2/196078-2-0-0.wav,children_playing
/DATA_ROOT/Desktop/matcher/Datasets/Urban8k/audio/fold1/196079-2-0-0.wav,children_playing
/DATA_ROOT/Desktop/matcher/Datasets/Urban8k/audio/fold4/196080-2-0-0.wav,children_playing
/DATA_ROOT/Desktop/matcher/Datasets/Urban8k/audio/fold5/196081-2-0-0.wav,children_playing
/DATA_ROOT/Desktop/matcher/Datasets/Urban8k/audio/fold2/196082-2-0-0.wav,children_playing
/DATA_ROOT/Desktop/matcher/Datasets/Urban8k/audio/fold3/196083-2-0-0.wav,children_playing
/DATA_ROOT/Desktop/matcher/Datasets/Urban8k/audio/fold10/196084-2-0-0.wav,children_playing
/DATA_ROOT/Desktop/matcher/Datasets/Urban8k/audio/fold10/196084-2-0-1.wav,children_playing
/DATA_ROOT/Desktop/matcher/Datasets/Urban8k/audio/fold10/196084-2-0-2.wav,children_playing
/DATA_ROOT/Desktop/matcher/Datasets/Urban8k/audio/fold5/196085-2-0-0.wav,children_playing
/DATA_ROOT/Desktop/matcher/Datasets/Urban8k/audio/fold5/196085-2-0-1.wav,children_playing
/DATA_ROOT/Desktop/matcher/Datasets/Urban8k/audio/fold5/196085-2-0-2.wav,children_playing
/DATA_ROOT/Desktop/matcher/Datasets/Urban8k/audio/fold5/196085-2-0-3.wav,children_playing
/DATA_ROOT/Desktop/matcher/Datasets/Urban8k/audio/fold5/196085-2-0-4.wav,children_playing
/DATA_ROOT/Desktop/matcher/Datasets/Urban8k/audio/fold10/196086-2-0-0.wav,children_playing
/DATA_ROOT/Desktop/matcher/Datasets/Urban8k/audio/fold1/196087-2-0-0.wav,children_playing
/DATA_ROOT/Desktop/matcher/Datasets/Urban8k/audio/fold6/196088-2-0-0.wav,children_playing
/DATA_ROOT/Desktop/matcher/Datasets/Urban8k/audio/fold2/196384-9-0-11.wav,street_music
/DATA_ROOT/Desktop/matcher/Datasets/Urban8k/audio/fold2/196384-9-0-15.wav,street_music
/DATA_ROOT/Desktop/matcher/Datasets/Urban8k/audio/fold2/196384-9-0-16.wav,street_music
/DATA_ROOT/Desktop/matcher/Datasets/Urban8k/audio/fold2/196384-9-0-18.wav,street_music
/DATA_ROOT/Desktop/matcher/Datasets/Urban8k/audio/fold2/196384-9-0-2.wav,street_music
/DATA_ROOT/Desktop/matcher/Datasets/Urban8k/audio/fold2/196384-9-0-27.wav,street_music
/DATA_ROOT/Desktop/matcher/Datasets/Urban8k/audio/fold1/196400-6-0-0.wav,gun_shot
/DATA_ROOT/Desktop/matcher/Datasets/Urban8k/audio/fold1/197318-6-0-0.wav,gun_shot
/DATA_ROOT/Desktop/matcher/Datasets/Urban8k/audio/fold1/197318-6-1-0.wav,gun_shot
/DATA_ROOT/Desktop/matcher/Datasets/Urban8k/audio/fold1/197318-6-10-0.wav,gun_shot
/DATA_ROOT/Desktop/matcher/Datasets/Urban8k/audio/fold1/197318-6-11-0.wav,gun_shot
/DATA_ROOT/Desktop/matcher/Datasets/Urban8k/audio/fold1/197318-6-12-0.wav,gun_shot
/DATA_ROOT/Desktop/matcher/Datasets/Urban8k/audio/fold1/197318-6-2-0.wav,gun_shot
/DATA_ROOT/Desktop/matcher/Datasets/Urban8k/audio/fold1/197318-6-3-0.wav,gun_shot
/DATA_ROOT/Desktop/matcher/Datasets/Urban8k/audio/fold1/197318-6-4-0.wav,gun_shot
/DATA_ROOT/Desktop/matcher/Datasets/Urban8k/audio/fold1/197318-6-5-0.wav,gun_shot
/DATA_ROOT/Desktop/matcher/Datasets/Urban8k/audio/fold1/197318-6-6-0.wav,gun_shot
/DATA_ROOT/Desktop/matcher/Datasets/Urban8k/audio/fold1/197318-6-7-0.wav,gun_shot
/DATA_ROOT/Desktop/matcher/Datasets/Urban8k/audio/fold1/197318-6-8-0.wav,gun_shot
/DATA_ROOT/Desktop/matcher/Datasets/Urban8k/audio/fold1/197318-6-9-0.wav,gun_shot
/DATA_ROOT/Desktop/matcher/Datasets/Urban8k/audio/fold2/197320-6-0-0.wav,gun_shot
/DATA_ROOT/Desktop/matcher/Datasets/Urban8k/audio/fold2/197320-6-1-0.wav,gun_shot
/DATA_ROOT/Desktop/matcher/Datasets/Urban8k/audio/fold2/197320-6-10-0.wav,gun_shot
/DATA_ROOT/Desktop/matcher/Datasets/Urban8k/audio/fold2/197320-6-11-0.wav,gun_shot
/DATA_ROOT/Desktop/matcher/Datasets/Urban8k/audio/fold2/197320-6-12-0.wav,gun_shot
/DATA_ROOT/Desktop/matcher/Datasets/Urban8k/audio/fold2/197320-6-2-0.wav,gun_shot
/DATA_ROOT/Desktop/matcher/Datasets/Urban8k/audio/fold2/197320-6-3-0.wav,gun_shot
/DATA_ROOT/Desktop/matcher/Datasets/Urban8k/audio/fold2/197320-6-4-0.wav,gun_shot
/DATA_ROOT/Desktop/matcher/Datasets/Urban8k/audio/fold2/197320-6-5-0.wav,gun_shot
/DATA_ROOT/Desktop/matcher/Datasets/Urban8k/audio/fold2/197320-6-6-0.wav,gun_shot
/DATA_ROOT/Desktop/matcher/Datasets/Urban8k/audio/fold2/197320-6-7-0.wav,gun_shot
/DATA_ROOT/Desktop/matcher/Datasets/Urban8k/audio/fold2/197320-6-8-0.wav,gun_shot
/DATA_ROOT/Desktop/matcher/Datasets/Urban8k/audio/fold2/197320-6-9-0.wav,gun_shot
/DATA_ROOT/Desktop/matcher/Datasets/Urban8k/audio/fold10/197554-2-0-23.wav,children_playing
/DATA_ROOT/Desktop/matcher/Datasets/Urban8k/audio/fold10/197554-2-0-26.wav,children_playing
/DATA_ROOT/Desktop/matcher/Datasets/Urban8k/audio/fold10/197554-2-0-28.wav,children_playing
/DATA_ROOT/Desktop/matcher/Datasets/Urban8k/audio/fold10/197554-2-0-3.wav,children_playing
/DATA_ROOT/Desktop/matcher/Datasets/Urban8k/audio/fold10/197554-2-0-60.wav,children_playing
/DATA_ROOT/Desktop/matcher/Datasets/Urban8k/audio/fold10/197554-2-0-69.wav,children_playing
/DATA_ROOT/Desktop/matcher/Datasets/Urban8k/audio/fold10/197554-2-0-74.wav,children_playing
/DATA_ROOT/Desktop/matcher/Datasets/Urban8k/audio/fold10/197554-2-0-82.wav,children_playing
/DATA_ROOT/Desktop/matcher/Datasets/Urban8k/audio/fold4/199929-4-0-0.wav,drilling
/DATA_ROOT/Desktop/matcher/Datasets/Urban8k/audio/fold4/199929-4-1-0.wav,drilling
/DATA_ROOT/Desktop/matcher/Datasets/Urban8k/audio/fold4/199929-4-2-0.wav,drilling
/DATA_ROOT/Desktop/matcher/Datasets/Urban8k/audio/fold10/200460-6-0-0.wav,gun_shot
/DATA_ROOT/Desktop/matcher/Datasets/Urban8k/audio/fold10/200460-6-1-0.wav,gun_shot
/DATA_ROOT/Desktop/matcher/Datasets/Urban8k/audio/fold10/200460-6-2-0.wav,gun_shot
/DATA_ROOT/Desktop/matcher/Datasets/Urban8k/audio/fold10/200460-6-3-0.wav,gun_shot
/DATA_ROOT/Desktop/matcher/Datasets/Urban8k/audio/fold10/200460-6-4-0.wav,gun_shot
/DATA_ROOT/Desktop/matcher/Datasets/Urban8k/audio/fold10/200460-6-5-0.wav,gun_shot
/DATA_ROOT/Desktop/matcher/Datasets/Urban8k/audio/fold10/200786-5-0-0.wav,engine+engine_idling
/DATA_ROOT/Desktop/matcher/Datasets/Urban8k/audio/fold10/200786-5-1-0.wav,engine+engine_idling
/DATA_ROOT/Desktop/matcher/Datasets/Urban8k/audio/fold10/200786-5-1-1.wav,engine+engine_idling
/DATA_ROOT/Desktop/matcher/Datasets/Urban8k/audio/fold10/200786-5-1-2.wav,engine+engine_idling
/DATA_ROOT/Desktop/matcher/Datasets/Urban8k/audio/fold10/200786-5-1-3.wav,engine+engine_idling
/DATA_ROOT/Desktop/matcher/Datasets/Urban8k/audio/fold10/200786-5-1-4.wav,engine+engine_idling
/DATA_ROOT/Desktop/matcher/Datasets/Urban8k/audio/fold10/200786-5-1-5.wav,engine+engine_idling
/DATA_ROOT/Desktop/matcher/Datasets/Urban8k/audio/fold2/201652-5-0-0.wav,engine+engine_idling
/DATA_ROOT/Desktop/matcher/Datasets/Urban8k/audio/fold2/201652-5-0-1.wav,engine+engine_idling
/DATA_ROOT/Desktop/matcher/Datasets/Urban8k/audio/fold2/201652-5-0-2.wav,engine+engine_idling
/DATA_ROOT/Desktop/matcher/Datasets/Urban8k/audio/fold2/201652-5-0-3.wav,engine+engine_idling
/DATA_ROOT/Desktop/matcher/Datasets/Urban8k/audio/fold2/201652-5-1-0.wav,engine+engine_idling
/DATA_ROOT/Desktop/matcher/Datasets/Urban8k/audio/fold2/201652-5-2-0.wav,engine+engine_idling
/DATA_ROOT/Desktop/matcher/Datasets/Urban8k/audio/fold2/201652-5-2-1.wav,engine+engine_idling
/DATA_ROOT/Desktop/matcher/Datasets/Urban8k/audio/fold2/201652-5-2-2.wav,engine+engine_idling
/DATA_ROOT/Desktop/matcher/Datasets/Urban8k/audio/fold2/201652-5-2-3.wav,engine+engine_idling
/DATA_ROOT/Desktop/matcher/Datasets/Urban8k/audio/fold2/201652-5-2-4.wav,engine+engine_idling
/DATA_ROOT/Desktop/matcher/Datasets/Urban8k/audio/fold2/201652-5-2-5.wav,engine+engine_idling
/DATA_ROOT/Desktop/matcher/Datasets/Urban8k/audio/fold2/201652-5-3-0.wav,engine+engine_idling
/DATA_ROOT/Desktop/matcher/Datasets/Urban8k/audio/fold2/201652-5-3-1.wav,engine+engine_idling
/DATA_ROOT/Desktop/matcher/Datasets/Urban8k/audio/fold2/201652-5-3-2.wav,engine+engine_idling
/DATA_ROOT/Desktop/matcher/Datasets/Urban8k/audio/fold2/201652-5-3-3.wav,engine+engine_idling
/DATA_ROOT/Desktop/matcher/Datasets/Urban8k/audio/fold2/201652-5-3-4.wav,engine+engine_idling
/DATA_ROOT/Desktop/matcher/Datasets/Urban8k/audio/fold2/201652-5-4-0.wav,engine+engine_idling
/DATA_ROOT/Desktop/matcher/Datasets/Urban8k/audio/fold2/201652-5-4-1.wav,engine+engine_idling
/DATA_ROOT/Desktop/matcher/Datasets/Urban8k/audio/fold2/201652-5-4-2.wav,engine+engine_idling
/DATA_ROOT/Desktop/matcher/Datasets/Urban8k/audio/fold2/201652-5-4-3.wav,engine+engine_idling
/DATA_ROOT/Desktop/matcher/Datasets/Urban8k/audio/fold2/201652-5-4-4.wav,engine+engine_idling
/DATA_ROOT/Desktop/matcher/Datasets/Urban8k/audio/fold2/201652-5-4-5.wav,engine+engine_idling
/DATA_ROOT/Desktop/matcher/Datasets/Urban8k/audio/fold2/201652-5-4-6.wav,engine+engine_idling
/DATA_ROOT/Desktop/matcher/Datasets/Urban8k/audio/fold2/201652-5-4-7.wav,engine+engine_idling
/DATA_ROOT/Desktop/matcher/Datasets/Urban8k/audio/fold2/201652-5-4-8.wav,engine+engine_idling
/DATA_ROOT/Desktop/matcher/Datasets/Urban8k/audio/fold2/201652-5-4-9.wav,engine+engine_idling
/DATA_ROOT/Desktop/matcher/Datasets/Urban8k/audio/fold2/201652-5-5-0.wav,engine+engine_idling
/DATA_ROOT/Desktop/matcher/Datasets/Urban8k/audio/fold2/201652-5-5-1.wav,engine+engine_idling
/DATA_ROOT/Desktop/matcher/Datasets/Urban8k/audio/fold2/201652-5-5-2.wav,engine+engine_idling
/DATA_ROOT/Desktop/matcher/Datasets/Urban8k/audio/fold2/201652-5-5-3.wav,engine+engine_idling
/DATA_ROOT/Desktop/matcher/Datasets/Urban8k/audio/fold2/201652-5-5-4.wav,engine+engine_idling
/DATA_ROOT/Desktop/matcher/Datasets/Urban8k/audio/fold2/201652-5-5-5.wav,engine+engine_idling
/DATA_ROOT/Desktop/matcher/Datasets/Urban8k/audio/fold7/201988-5-0-0.wav,engine+engine_idling
/DATA_ROOT/Desktop/matcher/Datasets/Urban8k/audio/fold7/201988-5-0-1.wav,engine+engine_idling
/DATA_ROOT/Desktop/matcher/Datasets/Urban8k/audio/fold7/201988-5-0-10.wav,engine+engine_idling
/DATA_ROOT/Desktop/matcher/Datasets/Urban8k/audio/fold7/201988-5-0-11.wav,engine+engine_idling
/DATA_ROOT/Desktop/matcher/Datasets/Urban8k/audio/fold7/201988-5-0-12.wav,engine+engine_idling
/DATA_ROOT/Desktop/matcher/Datasets/Urban8k/audio/fold7/201988-5-0-13.wav,engine+engine_idling
/DATA_ROOT/Desktop/matcher/Datasets/Urban8k/audio/fold7/201988-5-0-14.wav,engine+engine_idling
/DATA_ROOT/Desktop/matcher/Datasets/Urban8k/audio/fold7/201988-5-0-15.wav,engine+engine_idling
/DATA_ROOT/Desktop/matcher/Datasets/Urban8k/audio/fold7/201988-5-0-16.wav,engine+engine_idling
/DATA_ROOT/Desktop/matcher/Datasets/Urban8k/audio/fold7/201988-5-0-17.wav,engine+engine_idling
/DATA_ROOT/Desktop/matcher/Datasets/Urban8k/audio/fold7/201988-5-0-18.wav,engine+engine_idling
/DATA_ROOT/Desktop/matcher/Datasets/Urban8k/audio/fold7/201988-5-0-19.wav,engine+engine_idling
/DATA_ROOT/Desktop/matcher/Datasets/Urban8k/audio/fold7/201988-5-0-2.wav,engine+engine_idling
/DATA_ROOT/Desktop/matcher/Datasets/Urban8k/audio/fold7/201988-5-0-20.wav,engine+engine_idling
/DATA_ROOT/Desktop/matcher/Datasets/Urban8k/audio/fold7/201988-5-0-21.wav,engine+engine_idling
/DATA_ROOT/Desktop/matcher/Datasets/Urban8k/audio/fold7/201988-5-0-22.wav,engine+engine_idling
/DATA_ROOT/Desktop/matcher/Datasets/Urban8k/audio/fold7/201988-5-0-3.wav,engine+engine_idling
/DATA_ROOT/Desktop/matcher/Datasets/Urban8k/audio/fold7/201988-5-0-4.wav,engine+engine_idling
/DATA_ROOT/Desktop/matcher/Datasets/Urban8k/audio/fold7/201988-5-0-5.wav,engine+engine_idling
/DATA_ROOT/Desktop/matcher/Datasets/Urban8k/audio/fold7/201988-5-0-6.wav,engine+engine_idling
/DATA_ROOT/Desktop/matcher/Datasets/Urban8k/audio/fold7/201988-5-0-7.wav,engine+engine_idling
/DATA_ROOT/Desktop/matcher/Datasets/Urban8k/audio/fold7/201988-5-0-8.wav,engine+engine_idling
/DATA_ROOT/Desktop/matcher/Datasets/Urban8k/audio/fold7/201988-5-0-9.wav,engine+engine_idling
/DATA_ROOT/Desktop/matcher/Datasets/Urban8k/audio/fold7/201988-5-1-0.wav,engine+engine_idling
/DATA_ROOT/Desktop/matcher/Datasets/Urban8k/audio/fold10/202334-9-0-105.wav,street_music
/DATA_ROOT/Desktop/matcher/Datasets/Urban8k/audio/fold10/202334-9-0-106.wav,street_music
/DATA_ROOT/Desktop/matcher/Datasets/Urban8k/audio/fold10/202334-9-0-137.wav,street_music
/DATA_ROOT/Desktop/matcher/Datasets/Urban8k/audio/fold10/202334-9-0-202.wav,street_music
/DATA_ROOT/Desktop/matcher/Datasets/Urban8k/audio/fold10/202334-9-0-63.wav,street_music
/DATA_ROOT/Desktop/matcher/Datasets/Urban8k/audio/fold10/202334-9-0-88.wav,street_music
/DATA_ROOT/Desktop/matcher/Datasets/Urban8k/audio/fold7/202516-0-0-0.wav,air_conditioner
/DATA_ROOT/Desktop/matcher/Datasets/Urban8k/audio/fold7/202516-0-0-1.wav,air_conditioner
/DATA_ROOT/Desktop/matcher/Datasets/Urban8k/audio/fold7/202516-0-0-10.wav,air_conditioner
/DATA_ROOT/Desktop/matcher/Datasets/Urban8k/audio/fold7/202516-0-0-11.wav,air_conditioner
/DATA_ROOT/Desktop/matcher/Datasets/Urban8k/audio/fold7/202516-0-0-2.wav,air_conditioner
/DATA_ROOT/Desktop/matcher/Datasets/Urban8k/audio/fold7/202516-0-0-3.wav,air_conditioner
/DATA_ROOT/Desktop/matcher/Datasets/Urban8k/audio/fold7/202516-0-0-4.wav,air_conditioner
/DATA_ROOT/Desktop/matcher/Datasets/Urban8k/audio/fold7/202516-0-0-5.wav,air_conditioner
/DATA_ROOT/Desktop/matcher/Datasets/Urban8k/audio/fold7/202516-0-0-6.wav,air_conditioner
/DATA_ROOT/Desktop/matcher/Datasets/Urban8k/audio/fold7/202516-0-0-7.wav,air_conditioner
/DATA_ROOT/Desktop/matcher/Datasets/Urban8k/audio/fold7/202516-0-0-8.wav,air_conditioner
/DATA_ROOT/Desktop/matcher/Datasets/Urban8k/audio/fold7/202516-0-0-9.wav,air_conditioner
/DATA_ROOT/Desktop/matcher/Datasets/Urban8k/audio/fold4/202517-0-0-0.wav,air_conditioner
/DATA_ROOT/Desktop/matcher/Datasets/Urban8k/audio/fold10/203424-9-0-15.wav,street_music
/DATA_ROOT/Desktop/matcher/Datasets/Urban8k/audio/fold10/203424-9-0-18.wav,street_music
/DATA_ROOT/Desktop/matcher/Datasets/Urban8k/audio/fold10/203424-9-0-26.wav,street_music
/DATA_ROOT/Desktop/matcher/Datasets/Urban8k/audio/fold10/203424-9-0-34.wav,street_music
/DATA_ROOT/Desktop/matcher/Datasets/Urban8k/audio/fold10/203424-9-0-4.wav,street_music
/DATA_ROOT/Desktop/matcher/Datasets/Urban8k/audio/fold10/203424-9-0-46.wav,street_music
/DATA_ROOT/Desktop/matcher/Datasets/Urban8k/audio/fold5/203654-9-0-15.wav,street_music
/DATA_ROOT/Desktop/matcher/Datasets/Urban8k/audio/fold5/203654-9-0-28.wav,street_music
/DATA_ROOT/Desktop/matcher/Datasets/Urban8k/audio/fold5/203654-9-0-39.wav,street_music
/DATA_ROOT/Desktop/matcher/Datasets/Urban8k/audio/fold5/203654-9-0-42.wav,street_music
/DATA_ROOT/Desktop/matcher/Datasets/Urban8k/audio/fold5/203654-9-0-60.wav,street_music
/DATA_ROOT/Desktop/matcher/Datasets/Urban8k/audio/fold5/203654-9-0-8.wav,street_music
/DATA_ROOT/Desktop/matcher/Datasets/Urban8k/audio/fold2/203929-7-1-0.wav,jackhammer
/DATA_ROOT/Desktop/matcher/Datasets/Urban8k/audio/fold2/203929-7-1-1.wav,jackhammer
/DATA_ROOT/Desktop/matcher/Datasets/Urban8k/audio/fold2/203929-7-1-2.wav,jackhammer
/DATA_ROOT/Desktop/matcher/Datasets/Urban8k/audio/fold2/203929-7-1-3.wav,jackhammer
/DATA_ROOT/Desktop/matcher/Datasets/Urban8k/audio/fold2/203929-7-1-6.wav,jackhammer
/DATA_ROOT/Desktop/matcher/Datasets/Urban8k/audio/fold2/203929-7-1-7.wav,jackhammer
/DATA_ROOT/Desktop/matcher/Datasets/Urban8k/audio/fold2/203929-7-1-8.wav,jackhammer
/DATA_ROOT/Desktop/matcher/Datasets/Urban8k/audio/fold2/203929-7-10-0.wav,jackhammer
/DATA_ROOT/Desktop/matcher/Datasets/Urban8k/audio/fold2/203929-7-10-1.wav,jackhammer
/DATA_ROOT/Desktop/matcher/Datasets/Urban8k/audio/fold2/203929-7-10-2.wav,jackhammer
/DATA_ROOT/Desktop/matcher/Datasets/Urban8k/audio/fold2/203929-7-2-0.wav,jackhammer
/DATA_ROOT/Desktop/matcher/Datasets/Urban8k/audio/fold2/203929-7-2-11.wav,jackhammer
/DATA_ROOT/Desktop/matcher/Datasets/Urban8k/audio/fold2/203929-7-2-2.wav,jackhammer
/DATA_ROOT/Desktop/matcher/Datasets/Urban8k/audio/fold2/203929-7-2-3.wav,jackhammer
/DATA_ROOT/Desktop/matcher/Datasets/Urban8k/audio/fold2/203929-7-2-5.wav,jackhammer
/DATA_ROOT/Desktop/matcher/Datasets/Urban8k/audio/fold2/203929-7-2-6.wav,jackhammer
/DATA_ROOT/Desktop/matcher/Datasets/Urban8k/audio/fold2/203929-7-2-8.wav,jackhammer
/DATA_ROOT/Desktop/matcher/Datasets/Urban8k/audio/fold2/203929-7-2-9.wav,jackhammer
/DATA_ROOT/Desktop/matcher/Datasets/Urban8k/audio/fold2/203929-7-3-1.wav,jackhammer
/DATA_ROOT/Desktop/matcher/Datasets/Urban8k/audio/fold2/203929-7-3-10.wav,jackhammer
/DATA_ROOT/Desktop/matcher/Datasets/Urban8k/audio/fold2/203929-7-3-2.wav,jackhammer
/DATA_ROOT/Desktop/matcher/Datasets/Urban8k/audio/fold2/203929-7-3-3.wav,jackhammer
/DATA_ROOT/Desktop/matcher/Datasets/Urban8k/audio/fold2/203929-7-3-5.wav,jackhammer
/DATA_ROOT/Desktop/matcher/Datasets/Urban8k/audio/fold2/203929-7-3-9.wav,jackhammer
/DATA_ROOT/Desktop/matcher/Datasets/Urban8k/audio/fold2/203929-7-4-0.wav,jackhammer
/DATA_ROOT/Desktop/matcher/Datasets/Urban8k/audio/fold2/203929-7-4-1.wav,jackhammer
/DATA_ROOT/Desktop/matcher/Datasets/Urban8k/audio/fold2/203929-7-4-10.wav,jackhammer
/DATA_ROOT/Desktop/matcher/Datasets/Urban8k/audio/fold2/203929-7-4-11.wav,jackhammer
/DATA_ROOT/Desktop/matcher/Datasets/Urban8k/audio/fold2/203929-7-4-12.wav,jackhammer
/DATA_ROOT/Desktop/matcher/Datasets/Urban8k/audio/fold2/203929-7-4-2.wav,jackhammer
/DATA_ROOT/Desktop/matcher/Datasets/Urban8k/audio/fold2/203929-7-4-4.wav,jackhammer
/DATA_ROOT/Desktop/matcher/Datasets/Urban8k/audio/fold2/203929-7-4-6.wav,jackhammer
/DATA_ROOT/Desktop/matcher/Datasets/Urban8k/audio/fold2/203929-7-4-7.wav,jackhammer
/DATA_ROOT/Desktop/matcher/Datasets/Urban8k/audio/fold2/203929-7-4-8.wav,jackhammer
/DATA_ROOT/Desktop/matcher/Datasets/Urban8k/audio/fold2/203929-7-5-0.wav,jackhammer
/DATA_ROOT/Desktop/matcher/Datasets/Urban8k/audio/fold2/203929-7-5-1.wav,jackhammer
/DATA_ROOT/Desktop/matcher/Datasets/Urban8k/audio/fold2/203929-7-5-10.wav,jackhammer
/DATA_ROOT/Desktop/matcher/Datasets/Urban8k/audio/fold2/203929-7-5-11.wav,jackhammer
/DATA_ROOT/Desktop/matcher/Datasets/Urban8k/audio/fold2/203929-7-5-6.wav,jackhammer
/DATA_ROOT/Desktop/matcher/Datasets/Urban8k/audio/fold2/203929-7-5-7.wav,jackhammer
/DATA_ROOT/Desktop/matcher/Datasets/Urban8k/audio/fold2/203929-7-6-1.wav,jackhammer
/DATA_ROOT/Desktop/matcher/Datasets/Urban8k/audio/fold2/203929-7-6-10.wav,jackhammer
/DATA_ROOT/Desktop/matcher/Datasets/Urban8k/audio/fold2/203929-7-6-11.wav,jackhammer
/DATA_ROOT/Desktop/matcher/Datasets/Urban8k/audio/fold2/203929-7-6-2.wav,jackhammer
/DATA_ROOT/Desktop/matcher/Datasets/Urban8k/audio/fold2/203929-7-6-3.wav,jackhammer
/DATA_ROOT/Desktop/matcher/Datasets/Urban8k/audio/fold2/203929-7-6-8.wav,jackhammer
/DATA_ROOT/Desktop/matcher/Datasets/Urban8k/audio/fold2/203929-7-6-9.wav,jackhammer
/DATA_ROOT/Desktop/matcher/Datasets/Urban8k/audio/fold2/203929-7-7-0.wav,jackhammer
/DATA_ROOT/Desktop/matcher/Datasets/Urban8k/audio/fold2/203929-7-7-10.wav,jackhammer
/DATA_ROOT/Desktop/matcher/Datasets/Urban8k/audio/fold2/203929-7-7-12.wav,jackhammer
/DATA_ROOT/Desktop/matcher/Datasets/Urban8k/audio/fold2/203929-7-7-13.wav,jackhammer
/DATA_ROOT/Desktop/matcher/Datasets/Urban8k/audio/fold2/203929-7-7-14.wav,jackhammer
/DATA_ROOT/Desktop/matcher/Datasets/Urban8k/audio/fold2/203929-7-7-15.wav,jackhammer
/DATA_ROOT/Desktop/matcher/Datasets/Urban8k/audio/fold2/203929-7-7-16.wav,jackhammer
/DATA_ROOT/Desktop/matcher/Datasets/Urban8k/audio/fold2/203929-7-7-2.wav,jackhammer
/DATA_ROOT/Desktop/matcher/Datasets/Urban8k/audio/fold2/203929-7-7-3.wav,jackhammer
/DATA_ROOT/Desktop/matcher/Datasets/Urban8k/audio/fold2/203929-7-7-4.wav,jackhammer
/DATA_ROOT/Desktop/matcher/Datasets/Urban8k/audio/fold2/203929-7-7-9.wav,jackhammer
/DATA_ROOT/Desktop/matcher/Datasets/Urban8k/audio/fold2/203929-7-8-0.wav,jackhammer
/DATA_ROOT/Desktop/matcher/Datasets/Urban8k/audio/fold2/203929-7-9-0.wav,jackhammer
/DATA_ROOT/Desktop/matcher/Datasets/Urban8k/audio/fold2/203929-7-9-11.wav,jackhammer
/DATA_ROOT/Desktop/matcher/Datasets/Urban8k/audio/fold2/203929-7-9-12.wav,jackhammer
/DATA_ROOT/Desktop/matcher/Datasets/Urban8k/audio/fold2/203929-7-9-15.wav,jackhammer
/DATA_ROOT/Desktop/matcher/Datasets/Urban8k/audio/fold2/203929-7-9-17.wav,jackhammer
/DATA_ROOT/Desktop/matcher/Datasets/Urban8k/audio/fold2/203929-7-9-18.wav,jackhammer
/DATA_ROOT/Desktop/matcher/Datasets/Urban8k/audio/fold2/203929-7-9-19.wav,jackhammer
/DATA_ROOT/Desktop/matcher/Datasets/Urban8k/audio/fold2/203929-7-9-20.wav,jackhammer
/DATA_ROOT/Desktop/matcher/Datasets/Urban8k/audio/fold2/203929-7-9-24.wav,jackhammer
/DATA_ROOT/Desktop/matcher/Datasets/Urban8k/audio/fold2/203929-7-9-4.wav,jackhammer
/DATA_ROOT/Desktop/matcher/Datasets/Urban8k/audio/fold2/203929-7-9-6.wav,jackhammer
/DATA_ROOT/Desktop/matcher/Datasets/Urban8k/audio/fold2/203929-7-9-8.wav,jackhammer
/DATA_ROOT/Desktop/matcher/Datasets/Urban8k/audio/fold2/203929-7-9-9.wav,jackhammer
/DATA_ROOT/Desktop/matcher/Datasets/Urban8k/audio/fold5/203962-5-0-0.wav,engine+engine_idling
/DATA_ROOT/Desktop/matcher/Datasets/Urban8k/audio/fold5/203962-5-0-1.wav,engine+engine_idling
/DATA_ROOT/Desktop/matcher/Datasets/Urban8k/audio/fold9/204067-2-0-1.wav,children_playing
/DATA_ROOT/Desktop/matcher/Datasets/Urban8k/audio/fold9/204067-2-0-20.wav,children_playing
/DATA_ROOT/Desktop/matcher/Datasets/Urban8k/audio/fold9/204067-2-0-29.wav,children_playing
/DATA_ROOT/Desktop/matcher/Datasets/Urban8k/audio/fold9/204067-2-0-3.wav,children_playing
/DATA_ROOT/Desktop/matcher/Datasets/Urban8k/audio/fold9/204067-2-0-30.wav,children_playing
/DATA_ROOT/Desktop/matcher/Datasets/Urban8k/audio/fold9/204067-2-0-32.wav,children_playing
/DATA_ROOT/Desktop/matcher/Datasets/Urban8k/audio/fold9/204067-2-0-35.wav,children_playing
/DATA_ROOT/Desktop/matcher/Datasets/Urban8k/audio/fold9/204067-2-0-39.wav,children_playing
/DATA_ROOT/Desktop/matcher/Datasets/Urban8k/audio/fold6/204240-0-0-0.wav,air_conditioner
/DATA_ROOT/Desktop/matcher/Datasets/Urban8k/audio/fold6/204240-0-0-1.wav,air_conditioner
/DATA_ROOT/Desktop/matcher/Datasets/Urban8k/audio/fold6/204240-0-0-10.wav,air_conditioner
/DATA_ROOT/Desktop/matcher/Datasets/Urban8k/audio/fold6/204240-0-0-11.wav,air_conditioner
/DATA_ROOT/Desktop/matcher/Datasets/Urban8k/audio/fold6/204240-0-0-12.wav,air_conditioner
/DATA_ROOT/Desktop/matcher/Datasets/Urban8k/audio/fold6/204240-0-0-13.wav,air_conditioner
/DATA_ROOT/Desktop/matcher/Datasets/Urban8k/audio/fold6/204240-0-0-14.wav,air_conditioner
/DATA_ROOT/Desktop/matcher/Datasets/Urban8k/audio/fold6/204240-0-0-15.wav,air_conditioner
/DATA_ROOT/Desktop/matcher/Datasets/Urban8k/audio/fold6/204240-0-0-16.wav,air_conditioner
/DATA_ROOT/Desktop/matcher/Datasets/Urban8k/audio/fold6/204240-0-0-17.wav,air_conditioner
/DATA_ROOT/Desktop/matcher/Datasets/Urban8k/audio/fold6/204240-0-0-18.wav,air_conditioner
/DATA_ROOT/Desktop/matcher/Datasets/Urban8k/audio/fold6/204240-0-0-19.wav,air_conditioner
/DATA_ROOT/Desktop/matcher/Datasets/Urban8k/audio/fold6/204240-0-0-2.wav,air_conditioner
/DATA_ROOT/Desktop/matcher/Datasets/Urban8k/audio/fold6/204240-0-0-20.wav,air_conditioner
/DATA_ROOT/Desktop/matcher/Datasets/Urban8k/audio/fold6/204240-0-0-21.wav,air_conditioner
/DATA_ROOT/Desktop/matcher/Datasets/Urban8k/audio/fold6/204240-0-0-22.wav,air_conditioner
/DATA_ROOT/Desktop/matcher/Datasets/Urban8k/audio/fold6/204240-0-0-23.wav,air_conditioner
/DATA_ROOT/Desktop/matcher/Datasets/Urban8k/audio/fold6/204240-0-0-25.wav,air_conditioner
/DATA_ROOT/Desktop/matcher/Datasets/Urban8k/audio/fold6/204240-0-0-26.wav,air_conditioner
/DATA_ROOT/Desktop/matcher/Datasets/Urban8k/audio/fold6/204240-0-0-27.wav,air_conditioner
/DATA_ROOT/Desktop/matcher/Datasets/Urban8k/audio/fold6/204240-0-0-28.wav,air_conditioner
/DATA_ROOT/Desktop/matcher/Datasets/Urban8k/audio/fold6/204240-0-0-29.wav,air_conditioner
/DATA_ROOT/Desktop/matcher/Datasets/Urban8k/audio/fold6/204240-0-0-3.wav,air_conditioner
/DATA_ROOT/Desktop/matcher/Datasets/Urban8k/audio/fold6/204240-0-0-30.wav,air_conditioner
/DATA_ROOT/Desktop/matcher/Datasets/Urban8k/audio/fold6/204240-0-0-31.wav,air_conditioner
/DATA_ROOT/Desktop/matcher/Datasets/Urban8k/audio/fold6/204240-0-0-32.wav,air_conditioner
/DATA_ROOT/Desktop/matcher/Datasets/Urban8k/audio/fold6/204240-0-0-33.wav,air_conditioner
/DATA_ROOT/Desktop/matcher/Datasets/Urban8k/audio/fold6/204240-0-0-34.wav,air_conditioner
/DATA_ROOT/Desktop/matcher/Datasets/Urban8k/audio/fold6/204240-0-0-35.wav,air_conditioner
/DATA_ROOT/Desktop/matcher/Datasets/Urban8k/audio/fold6/204240-0-0-5.wav,air_conditioner
/DATA_ROOT/Desktop/matcher/Datasets/Urban8k/audio/fold6/204240-0-0-6.wav,air_conditioner
/DATA_ROOT/Desktop/matcher/Datasets/Urban8k/audio/fold6/204240-0-0-7.wav,air_conditioner
/DATA_ROOT/Desktop/matcher/Datasets/Urban8k/audio/fold6/204240-0-0-8.wav,air_conditioner
/DATA_ROOT/Desktop/matcher/Datasets/Urban8k/audio/fold6/204240-0-0-9.wav,air_conditioner
/DATA_ROOT/Desktop/matcher/Datasets/Urban8k/audio/fold5/204408-2-0-19.wav,children_playing
/DATA_ROOT/Desktop/matcher/Datasets/Urban8k/audio/fold5/204408-2-0-2.wav,children_playing
/DATA_ROOT/Desktop/matcher/Datasets/Urban8k/audio/fold5/204408-2-0-21.wav,children_playing
/DATA_ROOT/Desktop/matcher/Datasets/Urban8k/audio/fold5/204408-2-0-36.wav,children_playing
/DATA_ROOT/Desktop/matcher/Datasets/Urban8k/audio/fold5/204408-2-0-54.wav,children_playing
/DATA_ROOT/Desktop/matcher/Datasets/Urban8k/audio/fold5/204408-2-0-8.wav,children_playing
/DATA_ROOT/Desktop/matcher/Datasets/Urban8k/audio/fold5/204408-2-0-83.wav,children_playing
/DATA_ROOT/Desktop/matcher/Datasets/Urban8k/audio/fold5/204408-2-0-9.wav,children_playing
/DATA_ROOT/Desktop/matcher/Datasets/Urban8k/audio/fold8/204526-2-0-121.wav,children_playing
/DATA_ROOT/Desktop/matcher/Datasets/Urban8k/audio/fold8/204526-2-0-134.wav,children_playing
/DATA_ROOT/Desktop/matcher/Datasets/Urban8k/audio/fold8/204526-2-0-153.wav,children_playing
/DATA_ROOT/Desktop/matcher/Datasets/Urban8k/audio/fold8/204526-2-0-160.wav,children_playing
/DATA_ROOT/Desktop/matcher/Datasets/Urban8k/audio/fold8/204526-2-0-166.wav,children_playing
/DATA_ROOT/Desktop/matcher/Datasets/Urban8k/audio/fold8/204526-2-0-193.wav,children_playing
/DATA_ROOT/Desktop/matcher/Datasets/Urban8k/audio/fold8/204526-2-0-71.wav,children_playing
/DATA_ROOT/Desktop/matcher/Datasets/Urban8k/audio/fold10/205013-6-0-0.wav,gun_shot
/DATA_ROOT/Desktop/matcher/Datasets/Urban8k/audio/fold8/205610-4-0-0.wav,drilling
/DATA_ROOT/Desktop/matcher/Datasets/Urban8k/audio/fold8/205610-4-0-1.wav,drilling
/DATA_ROOT/Desktop/matcher/Datasets/Urban8k/audio/fold8/205610-4-0-2.wav,drilling
/DATA_ROOT/Desktop/matcher/Datasets/Urban8k/audio/fold8/205610-4-0-3.wav,drilling
/DATA_ROOT/Desktop/matcher/Datasets/Urban8k/audio/fold8/205610-4-0-4.wav,drilling
/DATA_ROOT/Desktop/matcher/Datasets/Urban8k/audio/fold8/205610-4-0-5.wav,drilling
/DATA_ROOT/Desktop/matcher/Datasets/Urban8k/audio/fold5/205874-4-0-0.wav,drilling
/DATA_ROOT/Desktop/matcher/Datasets/Urban8k/audio/fold5/205874-4-1-0.wav,drilling
/DATA_ROOT/Desktop/matcher/Datasets/Urban8k/audio/fold5/205874-4-10-0.wav,drilling
/DATA_ROOT/Desktop/matcher/Datasets/Urban8k/audio/fold5/205874-4-11-0.wav,drilling
/DATA_ROOT/Desktop/matcher/Datasets/Urban8k/audio/fold5/205874-4-2-0.wav,drilling
/DATA_ROOT/Desktop/matcher/Datasets/Urban8k/audio/fold5/205874-4-3-0.wav,drilling
/DATA_ROOT/Desktop/matcher/Datasets/Urban8k/audio/fold5/205874-4-4-0.wav,drilling
/DATA_ROOT/Desktop/matcher/Datasets/Urban8k/audio/fold5/205874-4-5-0.wav,drilling
/DATA_ROOT/Desktop/matcher/Datasets/Urban8k/audio/fold5/205874-4-6-0.wav,drilling
/DATA_ROOT/Desktop/matcher/Datasets/Urban8k/audio/fold5/205874-4-7-0.wav,drilling
/DATA_ROOT/Desktop/matcher/Datasets/Urban8k/audio/fold5/205874-4-8-0.wav,drilling
/DATA_ROOT/Desktop/matcher/Datasets/Urban8k/audio/fold5/205874-4-9-0.wav,drilling
/DATA_ROOT/Desktop/matcher/Datasets/Urban8k/audio/fold5/205878-4-0-0.wav,drilling
/DATA_ROOT/Desktop/matcher/Datasets/Urban8k/audio/fold4/206037-2-0-11.wav,children_playing
/DATA_ROOT/Desktop/matcher/Datasets/Urban8k/audio/fold4/206037-2-0-21.wav,children_playing
/DATA_ROOT/Desktop/matcher/Datasets/Urban8k/audio/fold4/206037-2-0-22.wav,children_playing
/DATA_ROOT/Desktop/matcher/Datasets/Urban8k/audio/fold4/206037-2-0-25.wav,children_playing
/DATA_ROOT/Desktop/matcher/Datasets/Urban8k/audio/fold4/206037-2-0-3.wav,children_playing
/DATA_ROOT/Desktop/matcher/Datasets/Urban8k/audio/fold4/206037-2-0-38.wav,children_playing
/DATA_ROOT/Desktop/matcher/Datasets/Urban8k/audio/fold4/206037-2-0-4.wav,children_playing
/DATA_ROOT/Desktop/matcher/Datasets/Urban8k/audio/fold4/206037-2-0-40.wav,children_playing
/DATA_ROOT/Desktop/matcher/Datasets/Urban8k/audio/fold4/20688-2-0-0.wav,children_playing
/DATA_ROOT/Desktop/matcher/Datasets/Urban8k/audio/fold4/20688-2-0-1.wav,children_playing
/DATA_ROOT/Desktop/matcher/Datasets/Urban8k/audio/fold4/20688-2-0-2.wav,children_playing
/DATA_ROOT/Desktop/matcher/Datasets/Urban8k/audio/fold4/20688-2-0-3.wav,children_playing
/DATA_ROOT/Desktop/matcher/Datasets/Urban8k/audio/fold4/20688-2-0-4.wav,children_playing
/DATA_ROOT/Desktop/matcher/Datasets/Urban8k/audio/fold9/207211-2-0-100.wav,children_playing
/DATA_ROOT/Desktop/matcher/Datasets/Urban8k/audio/fold9/207211-2-0-11.wav,children_playing
/DATA_ROOT/Desktop/matcher/Datasets/Urban8k/audio/fold9/207211-2-0-141.wav,children_playing
/DATA_ROOT/Desktop/matcher/Datasets/Urban8k/audio/fold9/207211-2-0-58.wav,children_playing
/DATA_ROOT/Desktop/matcher/Datasets/Urban8k/audio/fold9/207211-2-0-72.wav,children_playing
/DATA_ROOT/Desktop/matcher/Datasets/Urban8k/audio/fold9/207211-2-0-82.wav,children_playing
/DATA_ROOT/Desktop/matcher/Datasets/Urban8k/audio/fold9/207211-2-0-88.wav,children_playing
/DATA_ROOT/Desktop/matcher/Datasets/Urban8k/audio/fold9/207211-2-0-89.wav,children_playing
/DATA_ROOT/Desktop/matcher/Datasets/Urban8k/audio/fold10/207213-2-0-109.wav,children_playing
/DATA_ROOT/Desktop/matcher/Datasets/Urban8k/audio/fold10/207213-2-0-130.wav,children_playing
/DATA_ROOT/Desktop/matcher/Datasets/Urban8k/audio/fold10/207213-2-0-134.wav,children_playing
/DATA_ROOT/Desktop/matcher/Datasets/Urban8k/audio/fold10/207213-2-0-41.wav,children_playing
/DATA_ROOT/Desktop/matcher/Datasets/Urban8k/audio/fold10/207213-2-0-52.wav,children_playing
/DATA_ROOT/Desktop/matcher/Datasets/Urban8k/audio/fold10/207213-2-0-73.wav,children_playing
/DATA_ROOT/Desktop/matcher/Datasets/Urban8k/audio/fold10/207213-2-0-81.wav,children_playing
/DATA_ROOT/Desktop/matcher/Datasets/Urban8k/audio/fold10/207213-2-0-85.wav,children_playing
/DATA_ROOT/Desktop/matcher/Datasets/Urban8k/audio/fold8/207214-2-0-126.wav,children_playing
/DATA_ROOT/Desktop/matcher/Datasets/Urban8k/audio/fold8/207214-2-0-26.wav,children_playing
/DATA_ROOT/Desktop/matcher/Datasets/Urban8k/audio/fold8/207214-2-0-3.wav,children_playing
/DATA_ROOT/Desktop/matcher/Datasets/Urban8k/audio/fold8/207214-2-0-31.wav,children_playing
/DATA_ROOT/Desktop/matcher/Datasets/Urban8k/audio/fold8/207214-2-0-54.wav,children_playing
/DATA_ROOT/Desktop/matcher/Datasets/Urban8k/audio/fold8/207214-2-0-62.wav,children_playing
/DATA_ROOT/Desktop/matcher/Datasets/Urban8k/audio/fold8/207214-2-0-63.wav,children_playing
/DATA_ROOT/Desktop/matcher/Datasets/Urban8k/audio/fold8/207214-2-0-68.wav,children_playing
/DATA_ROOT/Desktop/matcher/Datasets/Urban8k/audio/fold7/207216-2-0-112.wav,children_playing
/DATA_ROOT/Desktop/matcher/Datasets/Urban8k/audio/fold7/207216-2-0-119.wav,children_playing
/DATA_ROOT/Desktop/matcher/Datasets/Urban8k/audio/fold7/207216-2-0-128.wav,children_playing
/DATA_ROOT/Desktop/matcher/Datasets/Urban8k/audio/fold7/207216-2-0-130.wav,children_playing
/DATA_ROOT/Desktop/matcher/Datasets/Urban8k/audio/fold7/207216-2-0-137.wav,children_playing
/DATA_ROOT/Desktop/matcher/Datasets/Urban8k/audio/fold7/207216-2-0-22.wav,children_playing
/DATA_ROOT/Desktop/matcher/Datasets/Urban8k/audio/fold7/207216-2-0-43.wav,children_playing
/DATA_ROOT/Desktop/matcher/Datasets/Urban8k/audio/fold7/207216-2-0-66.wav,children_playing
/DATA_ROOT/Desktop/matcher/Datasets/Urban8k/audio/fold4/209864-5-0-0.wav,engine+engine_idling
/DATA_ROOT/Desktop/matcher/Datasets/Urban8k/audio/fold4/209864-5-0-1.wav,engine+engine_idling
/DATA_ROOT/Desktop/matcher/Datasets/Urban8k/audio/fold4/209864-5-0-2.wav,engine+engine_idling
/DATA_ROOT/Desktop/matcher/Datasets/Urban8k/audio/fold4/209864-5-0-3.wav,engine+engine_idling
/DATA_ROOT/Desktop/matcher/Datasets/Urban8k/audio/fold7/209992-5-0-0.wav,engine+engine_idling
/DATA_ROOT/Desktop/matcher/Datasets/Urban8k/audio/fold7/209992-5-1-4.wav,engine+engine_idling
/DATA_ROOT/Desktop/matcher/Datasets/Urban8k/audio/fold7/209992-5-1-7.wav,engine+engine_idling
/DATA_ROOT/Desktop/matcher/Datasets/Urban8k/audio/fold7/209992-5-2-100.wav,engine+engine_idling
/DATA_ROOT/Desktop/matcher/Datasets/Urban8k/audio/fold7/209992-5-2-114.wav,engine+engine_idling
/DATA_ROOT/Desktop/matcher/Datasets/Urban8k/audio/fold7/209992-5-2-115.wav,engine+engine_idling
/DATA_ROOT/Desktop/matcher/Datasets/Urban8k/audio/fold7/209992-5-2-116.wav,engine+engine_idling
/DATA_ROOT/Desktop/matcher/Datasets/Urban8k/audio/fold7/209992-5-2-131.wav,engine+engine_idling
/DATA_ROOT/Desktop/matcher/Datasets/Urban8k/audio/fold7/209992-5-2-137.wav,engine+engine_idling
/DATA_ROOT/Desktop/matcher/Datasets/Urban8k/audio/fold7/209992-5-2-138.wav,engine+engine_idling
/DATA_ROOT/Desktop/matcher/Datasets/Urban8k/audio/fold7/209992-5-2-26.wav,engine+engine_idling
/DATA_ROOT/Desktop/matcher/Datasets/Urban8k/audio/fold7/209992-5-2-42.wav,engine+engine_idling
/DATA_ROOT/Desktop/matcher/Datasets/Urban8k/audio/fold7/209992-5-2-43.wav,engine+engine_idling
/DATA_ROOT/Desktop/matcher/Datasets/Urban8k/audio/fold7/209992-5-2-77.wav,engine+engine_idling
/DATA_ROOT/Desktop/matcher/Datasets/Urban8k/audio/fold7/209992-5-2-79.wav,engine+engine_idling
/DATA_ROOT/Desktop/matcher/Datasets/Urban8k/audio/fold7/209992-5-2-8.wav,engine+engine_idling
/DATA_ROOT/Desktop/matcher/Datasets/Urban8k/audio/fold7/209992-5-2-81.wav,engine+engine_idling
/DATA_ROOT/Desktop/matcher/Datasets/Urban8k/audio/fold7/209992-5-2-82.wav,engine+engine_idling
/DATA_ROOT/Desktop/matcher/Datasets/Urban8k/audio/fold7/209992-5-2-87.wav,engine+engine_idling
/DATA_ROOT/Desktop/matcher/Datasets/Urban8k/audio/fold7/209992-5-2-91.wav,engine+engine_idling
/DATA_ROOT/Desktop/matcher/Datasets/Urban8k/audio/fold7/209992-5-3-22.wav,engine+engine_idling
/DATA_ROOT/Desktop/matcher/Datasets/Urban8k/audio/fold7/209992-5-3-5.wav,engine+engine_idling
/DATA_ROOT/Desktop/matcher/Datasets/Urban8k/audio/fold7/209992-5-3-6.wav,engine+engine_idling
/DATA_ROOT/Desktop/matcher/Datasets/Urban8k/audio/fold7/209992-5-4-1.wav,engine+engine_idling
/DATA_ROOT/Desktop/matcher/Datasets/Urban8k/audio/fold7/209992-5-4-15.wav,engine+engine_idling
/DATA_ROOT/Desktop/matcher/Datasets/Urban8k/audio/fold7/209992-5-4-17.wav,engine+engine_idling
/DATA_ROOT/Desktop/matcher/Datasets/Urban8k/audio/fold7/209992-5-4-3.wav,engine+engine_idling
/DATA_ROOT/Desktop/matcher/Datasets/Urban8k/audio/fold5/21187-5-0-0.wav,engine+engine_idling
/DATA_ROOT/Desktop/matcher/Datasets/Urban8k/audio/fold7/21683-9-0-15.wav,street_music
/DATA_ROOT/Desktop/matcher/Datasets/Urban8k/audio/fold7/21683-9-0-18.wav,street_music
/DATA_ROOT/Desktop/matcher/Datasets/Urban8k/audio/fold7/21683-9-0-3.wav,street_music
/DATA_ROOT/Desktop/matcher/Datasets/Urban8k/audio/fold7/21683-9-0-30.wav,street_music
/DATA_ROOT/Desktop/matcher/Datasets/Urban8k/audio/fold7/21683-9-0-34.wav,street_music
/DATA_ROOT/Desktop/matcher/Datasets/Urban8k/audio/fold7/21683-9-0-39.wav,street_music
/DATA_ROOT/Desktop/matcher/Datasets/Urban8k/audio/fold7/21683-9-0-45.wav,street_music
/DATA_ROOT/Desktop/matcher/Datasets/Urban8k/audio/fold1/21684-9-0-12.wav,street_music
/DATA_ROOT/Desktop/matcher/Datasets/Urban8k/audio/fold1/21684-9-0-25.wav,street_music
/DATA_ROOT/Desktop/matcher/Datasets/Urban8k/audio/fold1/21684-9-0-30.wav,street_music
/DATA_ROOT/Desktop/matcher/Datasets/Urban8k/audio/fold1/21684-9-0-39.wav,street_music
/DATA_ROOT/Desktop/matcher/Datasets/Urban8k/audio/fold1/21684-9-0-5.wav,street_music
/DATA_ROOT/Desktop/matcher/Datasets/Urban8k/audio/fold1/21684-9-0-50.wav,street_music
/DATA_ROOT/Desktop/matcher/Datasets/Urban8k/audio/fold1/21684-9-0-7.wav,street_music
/DATA_ROOT/Desktop/matcher/Datasets/Urban8k/audio/fold9/22882-5-0-0.wav,engine+engine_idling
/DATA_ROOT/Desktop/matcher/Datasets/Urban8k/audio/fold9/22882-5-0-1.wav,engine+engine_idling
/DATA_ROOT/Desktop/matcher/Datasets/Urban8k/audio/fold4/22883-7-1-0.wav,jackhammer
/DATA_ROOT/Desktop/matcher/Datasets/Urban8k/audio/fold4/22883-7-10-0.wav,jackhammer
/DATA_ROOT/Desktop/matcher/Datasets/Urban8k/audio/fold4/22883-7-100-0.wav,jackhammer
/DATA_ROOT/Desktop/matcher/Datasets/Urban8k/audio/fold4/22883-7-11-0.wav,jackhammer
/DATA_ROOT/Desktop/matcher/Datasets/Urban8k/audio/fold4/22883-7-110-1.wav,jackhammer
/DATA_ROOT/Desktop/matcher/Datasets/Urban8k/audio/fold4/22883-7-17-2.wav,jackhammer
/DATA_ROOT/Desktop/matcher/Datasets/Urban8k/audio/fold4/22883-7-17-4.wav,jackhammer
/DATA_ROOT/Desktop/matcher/Datasets/Urban8k/audio/fold4/22883-7-17-5.wav,jackhammer
/DATA_ROOT/Desktop/matcher/Datasets/Urban8k/audio/fold4/22883-7-18-0.wav,jackhammer
/DATA_ROOT/Desktop/matcher/Datasets/Urban8k/audio/fold4/22883-7-19-0.wav,jackhammer
/DATA_ROOT/Desktop/matcher/Datasets/Urban8k/audio/fold4/22883-7-21-0.wav,jackhammer
/DATA_ROOT/Desktop/matcher/Datasets/Urban8k/audio/fold4/22883-7-23-0.wav,jackhammer
/DATA_ROOT/Desktop/matcher/Datasets/Urban8k/audio/fold4/22883-7-24-0.wav,jackhammer
/DATA_ROOT/Desktop/matcher/Datasets/Urban8k/audio/fold4/22883-7-27-0.wav,jackhammer
/DATA_ROOT/Desktop/matcher/Datasets/Urban8k/audio/fold4/22883-7-28-0.wav,jackhammer
/DATA_ROOT/Desktop/matcher/Datasets/Urban8k/audio/fold4/22883-7-29-2.wav,jackhammer
/DATA_ROOT/Desktop/matcher/Datasets/Urban8k/audio/fold4/22883-7-3-0.wav,jackhammer
/DATA_ROOT/Desktop/matcher/Datasets/Urban8k/audio/fold4/22883-7-33-0.wav,jackhammer
/DATA_ROOT/Desktop/matcher/Datasets/Urban8k/audio/fold4/22883-7-34-0.wav,jackhammer
/DATA_ROOT/Desktop/matcher/Datasets/Urban8k/audio/fold4/22883-7-35-2.wav,jackhammer
/DATA_ROOT/Desktop/matcher/Datasets/Urban8k/audio/fold4/22883-7-35-3.wav,jackhammer
/DATA_ROOT/Desktop/matcher/Datasets/Urban8k/audio/fold4/22883-7-36-0.wav,jackhammer
/DATA_ROOT/Desktop/matcher/Datasets/Urban8k/audio/fold4/22883-7-36-1.wav,jackhammer
/DATA_ROOT/Desktop/matcher/Datasets/Urban8k/audio/fold4/22883-7-36-2.wav,jackhammer
/DATA_ROOT/Desktop/matcher/Datasets/Urban8k/audio/fold4/22883-7-37-0.wav,jackhammer
/DATA_ROOT/Desktop/matcher/Datasets/Urban8k/audio/fold4/22883-7-39-0.wav,jackhammer
/DATA_ROOT/Desktop/matcher/Datasets/Urban8k/audio/fold4/22883-7-39-1.wav,jackhammer
/DATA_ROOT/Desktop/matcher/Datasets/Urban8k/audio/fold4/22883-7-40-0.wav,jackhammer
/DATA_ROOT/Desktop/matcher/Datasets/Urban8k/audio/fold4/22883-7-43-2.wav,jackhammer
/DATA_ROOT/Desktop/matcher/Datasets/Urban8k/audio/fold4/22883-7-44-0.wav,jackhammer
/DATA_ROOT/Desktop/matcher/Datasets/Urban8k/audio/fold4/22883-7-47-2.wav,jackhammer
/DATA_ROOT/Desktop/matcher/Datasets/Urban8k/audio/fold4/22883-7-48-0.wav,jackhammer
/DATA_ROOT/Desktop/matcher/Datasets/Urban8k/audio/fold4/22883-7-49-1.wav,jackhammer
/DATA_ROOT/Desktop/matcher/Datasets/Urban8k/audio/fold4/22883-7-49-3.wav,jackhammer
/DATA_ROOT/Desktop/matcher/Datasets/Urban8k/audio/fold4/22883-7-51-0.wav,jackhammer
/DATA_ROOT/Desktop/matcher/Datasets/Urban8k/audio/fold4/22883-7-53-0.wav,jackhammer
/DATA_ROOT/Desktop/matcher/Datasets/Urban8k/audio/fold4/22883-7-54-0.wav,jackhammer
/DATA_ROOT/Desktop/matcher/Datasets/Urban8k/audio/fold4/22883-7-58-0.wav,jackhammer
/DATA_ROOT/Desktop/matcher/Datasets/Urban8k/audio/fold4/22883-7-61-0.wav,jackhammer
/DATA_ROOT/Desktop/matcher/Datasets/Urban8k/audio/fold4/22883-7-61-1.wav,jackhammer
/DATA_ROOT/Desktop/matcher/Datasets/Urban8k/audio/fold4/22883-7-62-0.wav,jackhammer
/DATA_ROOT/Desktop/matcher/Datasets/Urban8k/audio/fold4/22883-7-63-0.wav,jackhammer
/DATA_ROOT/Desktop/matcher/Datasets/Urban8k/audio/fold4/22883-7-64-0.wav,jackhammer
/DATA_ROOT/Desktop/matcher/Datasets/Urban8k/audio/fold4/22883-7-67-0.wav,jackhammer
/DATA_ROOT/Desktop/matcher/Datasets/Urban8k/audio/fold4/22883-7-69-0.wav,jackhammer
/DATA_ROOT/Desktop/matcher/Datasets/Urban8k/audio/fold4/22883-7-7-0.wav,jackhammer
/DATA_ROOT/Desktop/matcher/Datasets/Urban8k/audio/fold4/22883-7-71-0.wav,jackhammer
/DATA_ROOT/Desktop/matcher/Datasets/Urban8k/audio/fold4/22883-7-72-0.wav,jackhammer
/DATA_ROOT/Desktop/matcher/Datasets/Urban8k/audio/fold4/22883-7-74-0.wav,jackhammer
/DATA_ROOT/Desktop/matcher/Datasets/Urban8k/audio/fold4/22883-7-77-0.wav,jackhammer
/DATA_ROOT/Desktop/matcher/Datasets/Urban8k/audio/fold4/22883-7-78-2.wav,jackhammer
/DATA_ROOT/Desktop/matcher/Datasets/Urban8k/audio/fold4/22883-7-81-0.wav,jackhammer
/DATA_ROOT/Desktop/matcher/Datasets/Urban8k/audio/fold4/22883-7-83-0.wav,jackhammer
/DATA_ROOT/Desktop/matcher/Datasets/Urban8k/audio/fold4/22883-7-86-0.wav,jackhammer
/DATA_ROOT/Desktop/matcher/Datasets/Urban8k/audio/fold4/22883-7-87-0.wav,jackhammer
/DATA_ROOT/Desktop/matcher/Datasets/Urban8k/audio/fold4/22883-7-9-0.wav,jackhammer
/DATA_ROOT/Desktop/matcher/Datasets/Urban8k/audio/fold4/22883-7-91-0.wav,jackhammer
/DATA_ROOT/Desktop/matcher/Datasets/Urban8k/audio/fold4/22883-7-92-0.wav,jackhammer
/DATA_ROOT/Desktop/matcher/Datasets/Urban8k/audio/fold4/22883-7-93-0.wav,jackhammer
/DATA_ROOT/Desktop/matcher/Datasets/Urban8k/audio/fold4/22883-7-98-1.wav,jackhammer
/DATA_ROOT/Desktop/matcher/Datasets/Urban8k/audio/fold4/22883-7-99-2.wav,jackhammer
/DATA_ROOT/Desktop/matcher/Datasets/Urban8k/audio/fold4/22883-7-99-3.wav,jackhammer
/DATA_ROOT/Desktop/matcher/Datasets/Urban8k/audio/fold9/22885-5-0-0.wav,engine+engine_idling
/DATA_ROOT/Desktop/matcher/Datasets/Urban8k/audio/fold1/22962-4-0-0.wav,drilling
/DATA_ROOT/Desktop/matcher/Datasets/Urban8k/audio/fold1/22962-4-0-1.wav,drilling
/DATA_ROOT/Desktop/matcher/Datasets/Urban8k/audio/fold1/22962-4-0-2.wav,drilling
/DATA_ROOT/Desktop/matcher/Datasets/Urban8k/audio/fold4/23161-6-0-0.wav,gun_shot
/DATA_ROOT/Desktop/matcher/Datasets/Urban8k/audio/fold4/23161-6-1-0.wav,gun_shot
/DATA_ROOT/Desktop/matcher/Datasets/Urban8k/audio/fold10/23218-5-0-0.wav,engine+engine_idling
/DATA_ROOT/Desktop/matcher/Datasets/Urban8k/audio/fold5/23219-5-0-0.wav,engine+engine_idling
/DATA_ROOT/Desktop/matcher/Datasets/Urban8k/audio/fold5/23219-5-0-1.wav,engine+engine_idling
/DATA_ROOT/Desktop/matcher/Datasets/Urban8k/audio/fold5/23219-5-0-10.wav,engine+engine_idling
/DATA_ROOT/Desktop/matcher/Datasets/Urban8k/audio/fold5/23219-5-0-11.wav,engine+engine_idling
/DATA_ROOT/Desktop/matcher/Datasets/Urban8k/audio/fold5/23219-5-0-12.wav,engine+engine_idling
/DATA_ROOT/Desktop/matcher/Datasets/Urban8k/audio/fold5/23219-5-0-13.wav,engine+engine_idling
/DATA_ROOT/Desktop/matcher/Datasets/Urban8k/audio/fold5/23219-5-0-2.wav,engine+engine_idling
/DATA_ROOT/Desktop/matcher/Datasets/Urban8k/audio/fold5/23219-5-0-3.wav,engine+engine_idling
/DATA_ROOT/Desktop/matcher/Datasets/Urban8k/audio/fold5/23219-5-0-4.wav,engine+engine_idling
/DATA_ROOT/Desktop/matcher/Datasets/Urban8k/audio/fold5/23219-5-0-5.wav,engine+engine_idling
/DATA_ROOT/Desktop/matcher/Datasets/Urban8k/audio/fold5/23219-5-0-6.wav,engine+engine_idling
/DATA_ROOT/Desktop/matcher/Datasets/Urban8k/audio/fold5/23219-5-0-7.wav,engine+engine_idling
/DATA_ROOT/Desktop/matcher/Datasets/Urban8k/audio/fold5/23219-5-0-8.wav,engine+engine_idling
/DATA_ROOT/Desktop/matcher/Datasets/Urban8k/audio/fold5/23219-5-0-9.wav,engine+engine_idling
/DATA_ROOT/Desktop/matcher/Datasets/Urban8k/audio/fold5/23219-5-1-0.wav,engine+engine_idling
/DATA_ROOT/Desktop/matcher/Datasets/Urban8k/audio/fold5/23219-5-1-1.wav,engine+engine_idling
/DATA_ROOT/Desktop/matcher/Datasets/Urban8k/audio/fold5/23219-5-1-2.wav,engine+engine_idling
/DATA_ROOT/Desktop/matcher/Datasets/Urban8k/audio/fold6/24364-4-0-0.wav,drilling
/DATA_ROOT/Desktop/matcher/Datasets/Urban8k/audio/fold6/24364-4-0-1.wav,drilling
/DATA_ROOT/Desktop/matcher/Datasets/Urban8k/audio/fold6/24364-4-0-10.wav,drilling
/DATA_ROOT/Desktop/matcher/Datasets/Urban8k/audio/fold6/24364-4-0-11.wav,drilling
/DATA_ROOT/Desktop/matcher/Datasets/Urban8k/audio/fold6/24364-4-0-12.wav,drilling
/DATA_ROOT/Desktop/matcher/Datasets/Urban8k/audio/fold6/24364-4-0-2.wav,drilling
/DATA_ROOT/Desktop/matcher/Datasets/Urban8k/audio/fold6/24364-4-0-3.wav,drilling
/DATA_ROOT/Desktop/matcher/Datasets/Urban8k/audio/fold6/24364-4-0-4.wav,drilling
/DATA_ROOT/Desktop/matcher/Datasets/Urban8k/audio/fold6/24364-4-0-5.wav,drilling
/DATA_ROOT/Desktop/matcher/Datasets/Urban8k/audio/fold6/24364-4-0-6.wav,drilling
/DATA_ROOT/Desktop/matcher/Datasets/Urban8k/audio/fold6/24364-4-0-7.wav,drilling
/DATA_ROOT/Desktop/matcher/Datasets/Urban8k/audio/fold6/24364-4-0-8.wav,drilling
/DATA_ROOT/Desktop/matcher/Datasets/Urban8k/audio/fold6/24364-4-0-9.wav,drilling
/DATA_ROOT/Desktop/matcher/Datasets/Urban8k/audio/fold7/24631-6-0-0.wav,gun_shot
/DATA_ROOT/Desktop/matcher/Datasets/Urban8k/audio/fold4/24632-6-0-0.wav,gun_shot
/DATA_ROOT/Desktop/matcher/Datasets/Urban8k/audio/fold4/24632-6-1-0.wav,gun_shot
/DATA_ROOT/Desktop/matcher/Datasets/Urban8k/audio/fold4/24652-6-0-0.wav,gun_shot
/DATA_ROOT/Desktop/matcher/Datasets/Urban8k/audio/fold8/24728-7-0-0.wav,jackhammer
/DATA_ROOT/Desktop/matcher/Datasets/Urban8k/audio/fold8/24728-7-1-0.wav,jackhammer
/DATA_ROOT/Desktop/matcher/Datasets/Urban8k/audio/fold8/24728-7-2-0.wav,jackhammer
/DATA_ROOT/Desktop/matcher/Datasets/Urban8k/audio/fold8/24728-7-3-0.wav,jackhammer
/DATA_ROOT/Desktop/matcher/Datasets/Urban8k/audio/fold8/24728-7-4-0.wav,jackhammer
/DATA_ROOT/Desktop/matcher/Datasets/Urban8k/audio/fold8/24728-7-5-0.wav,jackhammer
/DATA_ROOT/Desktop/matcher/Datasets/Urban8k/audio/fold10/25037-6-0-0.wav,gun_shot
/DATA_ROOT/Desktop/matcher/Datasets/Urban8k/audio/fold10/25037-6-1-0.wav,gun_shot
/DATA_ROOT/Desktop/matcher/Datasets/Urban8k/audio/fold9/25038-6-0-0.wav,gun_shot
/DATA_ROOT/Desktop/matcher/Datasets/Urban8k/audio/fold9/25038-6-1-0.wav,gun_shot
/DATA_ROOT/Desktop/matcher/Datasets/Urban8k/audio/fold8/25039-6-0-0.wav,gun_shot
/DATA_ROOT/Desktop/matcher/Datasets/Urban8k/audio/fold8/25039-6-1-0.wav,gun_shot
/DATA_ROOT/Desktop/matcher/Datasets/Urban8k/audio/fold5/26184-5-0-0.wav,engine+engine_idling
/DATA_ROOT/Desktop/matcher/Datasets/Urban8k/audio/fold5/26184-5-1-0.wav,engine+engine_idling
/DATA_ROOT/Desktop/matcher/Datasets/Urban8k/audio/fold5/26184-5-2-0.wav,engine+engine_idling
/DATA_ROOT/Desktop/matcher/Datasets/Urban8k/audio/fold5/26184-5-3-0.wav,engine+engine_idling
/DATA_ROOT/Desktop/matcher/Datasets/Urban8k/audio/fold5/26184-5-4-0.wav,engine+engine_idling
/DATA_ROOT/Desktop/matcher/Datasets/Urban8k/audio/fold5/26184-5-4-1.wav,engine+engine_idling
/DATA_ROOT/Desktop/matcher/Datasets/Urban8k/audio/fold5/26184-5-4-2.wav,engine+engine_idling
/DATA_ROOT/Desktop/matcher/Datasets/Urban8k/audio/fold5/26184-5-4-3.wav,engine+engine_idling
/DATA_ROOT/Desktop/matcher/Datasets/Urban8k/audio/fold1/26270-9-0-19.wav,street_music
/DATA_ROOT/Desktop/matcher/Datasets/Urban8k/audio/fold1/26270-9-0-23.wav,street_music
/DATA_ROOT/Desktop/matcher/Datasets/Urban8k/audio/fold1/26270-9-0-3.wav,street_music
/DATA_ROOT/Desktop/matcher/Datasets/Urban8k/audio/fold1/26270-9-0-30.wav,street_music
/DATA_ROOT/Desktop/matcher/Datasets/Urban8k/audio/fold1/26270-9-0-32.wav,street_music
/DATA_ROOT/Desktop/matcher/Datasets/Urban8k/audio/fold1/26270-9-0-35.wav,street_music
/DATA_ROOT/Desktop/matcher/Datasets/Urban8k/audio/fold10/26344-4-0-0.wav,drilling
/DATA_ROOT/Desktop/matcher/Datasets/Urban8k/audio/fold10/26344-4-1-0.wav,drilling
/DATA_ROOT/Desktop/matcher/Datasets/Urban8k/audio/fold10/27070-2-0-0.wav,children_playing
/DATA_ROOT/Desktop/matcher/Datasets/Urban8k/audio/fold10/27070-2-0-2.wav,children_playing
/DATA_ROOT/Desktop/matcher/Datasets/Urban8k/audio/fold10/27070-2-0-3.wav,children_playing
/DATA_ROOT/Desktop/matcher/Datasets/Urban8k/audio/fold10/27070-2-0-4.wav,children_playing
/DATA_ROOT/Desktop/matcher/Datasets/Urban8k/audio/fold10/27070-2-0-5.wav,children_playing
/DATA_ROOT/Desktop/matcher/Datasets/Urban8k/audio/fold10/27070-2-0-7.wav,children_playing
/DATA_ROOT/Desktop/matcher/Datasets/Urban8k/audio/fold10/27070-2-0-8.wav,children_playing
/DATA_ROOT/Desktop/matcher/Datasets/Urban8k/audio/fold7/28385-9-0-32.wav,street_music
/DATA_ROOT/Desktop/matcher/Datasets/Urban8k/audio/fold7/28385-9-0-33.wav,street_music
/DATA_ROOT/Desktop/matcher/Datasets/Urban8k/audio/fold7/28385-9-0-44.wav,street_music
/DATA_ROOT/Desktop/matcher/Datasets/Urban8k/audio/fold7/28385-9-0-46.wav,street_music
/DATA_ROOT/Desktop/matcher/Datasets/Urban8k/audio/fold7/28385-9-0-57.wav,street_music
/DATA_ROOT/Desktop/matcher/Datasets/Urban8k/audio/fold7/28385-9-0-65.wav,street_music
/DATA_ROOT/Desktop/matcher/Datasets/Urban8k/audio/fold7/28385-9-0-9.wav,street_music
/DATA_ROOT/Desktop/matcher/Datasets/Urban8k/audio/fold3/29721-4-0-0.wav,drilling
/DATA_ROOT/Desktop/matcher/Datasets/Urban8k/audio/fold3/29721-4-0-1.wav,drilling
/DATA_ROOT/Desktop/matcher/Datasets/Urban8k/audio/fold3/29721-4-0-10.wav,drilling
/DATA_ROOT/Desktop/matcher/Datasets/Urban8k/audio/fold3/29721-4-0-11.wav,drilling
/DATA_ROOT/Desktop/matcher/Datasets/Urban8k/audio/fold3/29721-4-0-12.wav,drilling
/DATA_ROOT/Desktop/matcher/Datasets/Urban8k/audio/fold3/29721-4-0-13.wav,drilling
/DATA_ROOT/Desktop/matcher/Datasets/Urban8k/audio/fold3/29721-4-0-14.wav,drilling
/DATA_ROOT/Desktop/matcher/Datasets/Urban8k/audio/fold3/29721-4-0-2.wav,drilling
/DATA_ROOT/Desktop/matcher/Datasets/Urban8k/audio/fold3/29721-4-0-3.wav,drilling
/DATA_ROOT/Desktop/matcher/Datasets/Urban8k/audio/fold3/29721-4-0-4.wav,drilling
/DATA_ROOT/Desktop/matcher/Datasets/Urban8k/audio/fold3/29721-4-0-5.wav,drilling
/DATA_ROOT/Desktop/matcher/Datasets/Urban8k/audio/fold3/29721-4-0-6.wav,drilling
/DATA_ROOT/Desktop/matcher/Datasets/Urban8k/audio/fold3/29721-4-0-7.wav,drilling
/DATA_ROOT/Desktop/matcher/Datasets/Urban8k/audio/fold3/29721-4-0-8.wav,drilling
/DATA_ROOT/Desktop/matcher/Datasets/Urban8k/audio/fold3/29721-4-0-9.wav,drilling
/DATA_ROOT/Desktop/matcher/Datasets/Urban8k/audio/fold4/29722-4-0-0.wav,drilling
/DATA_ROOT/Desktop/matcher/Datasets/Urban8k/audio/fold4/29722-4-0-1.wav,drilling
/DATA_ROOT/Desktop/matcher/Datasets/Urban8k/audio/fold4/29722-4-0-2.wav,drilling
/DATA_ROOT/Desktop/matcher/Datasets/Urban8k/audio/fold4/29722-4-0-3.wav,drilling
/DATA_ROOT/Desktop/matcher/Datasets/Urban8k/audio/fold4/29722-4-0-4.wav,drilling
/DATA_ROOT/Desktop/matcher/Datasets/Urban8k/audio/fold4/29722-4-0-5.wav,drilling
/DATA_ROOT/Desktop/matcher/Datasets/Urban8k/audio/fold4/29722-4-0-6.wav,drilling
/DATA_ROOT/Desktop/matcher/Datasets/Urban8k/audio/fold3/30204-0-0-0.wav,air_conditioner
/DATA_ROOT/Desktop/matcher/Datasets/Urban8k/audio/fold3/30204-0-0-1.wav,air_conditioner
/DATA_ROOT/Desktop/matcher/Datasets/Urban8k/audio/fold3/30204-0-0-10.wav,air_conditioner
/DATA_ROOT/Desktop/matcher/Datasets/Urban8k/audio/fold3/30204-0-0-11.wav,air_conditioner
/DATA_ROOT/Desktop/matcher/Datasets/Urban8k/audio/fold3/30204-0-0-12.wav,air_conditioner
/DATA_ROOT/Desktop/matcher/Datasets/Urban8k/audio/fold3/30204-0-0-13.wav,air_conditioner
/DATA_ROOT/Desktop/matcher/Datasets/Urban8k/audio/fold3/30204-0-0-2.wav,air_conditioner
/DATA_ROOT/Desktop/matcher/Datasets/Urban8k/audio/fold3/30204-0-0-3.wav,air_conditioner
/DATA_ROOT/Desktop/matcher/Datasets/Urban8k/audio/fold3/30204-0-0-4.wav,air_conditioner
/DATA_ROOT/Desktop/matcher/Datasets/Urban8k/audio/fold3/30204-0-0-5.wav,air_conditioner
/DATA_ROOT/Desktop/matcher/Datasets/Urban8k/audio/fold3/30204-0-0-6.wav,air_conditioner
/DATA_ROOT/Desktop/matcher/Datasets/Urban8k/audio/fold3/30204-0-0-7.wav,air_conditioner
/DATA_ROOT/Desktop/matcher/Datasets/Urban8k/audio/fold3/30204-0-0-8.wav,air_conditioner
/DATA_ROOT/Desktop/matcher/Datasets/Urban8k/audio/fold3/30204-0-0-9.wav,air_conditioner
/DATA_ROOT/Desktop/matcher/Datasets/Urban8k/audio/fold6/30206-7-0-0.wav,jackhammer
/DATA_ROOT/Desktop/matcher/Datasets/Urban8k/audio/fold6/30206-7-0-1.wav,jackhammer
/DATA_ROOT/Desktop/matcher/Datasets/Urban8k/audio/fold6/30206-7-0-10.wav,jackhammer
/DATA_ROOT/Desktop/matcher/Datasets/Urban8k/audio/fold6/30206-7-0-11.wav,jackhammer
/DATA_ROOT/Desktop/matcher/Datasets/Urban8k/audio/fold6/30206-7-0-12.wav,jackhammer
/DATA_ROOT/Desktop/matcher/Datasets/Urban8k/audio/fold6/30206-7-0-13.wav,jackhammer
/DATA_ROOT/Desktop/matcher/Datasets/Urban8k/audio/fold6/30206-7-0-14.wav,jackhammer
/DATA_ROOT/Desktop/matcher/Datasets/Urban8k/audio/fold6/30206-7-0-15.wav,jackhammer
/DATA_ROOT/Desktop/matcher/Datasets/Urban8k/audio/fold6/30206-7-0-16.wav,jackhammer
/DATA_ROOT/Desktop/matcher/Datasets/Urban8k/audio/fold6/30206-7-0-17.wav,jackhammer
/DATA_ROOT/Desktop/matcher/Datasets/Urban8k/audio/fold6/30206-7-0-18.wav,jackhammer
/DATA_ROOT/Desktop/matcher/Datasets/Urban8k/audio/fold6/30206-7-0-19.wav,jackhammer
/DATA_ROOT/Desktop/matcher/Datasets/Urban8k/audio/fold6/30206-7-0-2.wav,jackhammer
/DATA_ROOT/Desktop/matcher/Datasets/Urban8k/audio/fold6/30206-7-0-20.wav,jackhammer
/DATA_ROOT/Desktop/matcher/Datasets/Urban8k/audio/fold6/30206-7-0-21.wav,jackhammer
/DATA_ROOT/Desktop/matcher/Datasets/Urban8k/audio/fold6/30206-7-0-22.wav,jackhammer
/DATA_ROOT/Desktop/matcher/Datasets/Urban8k/audio/fold6/30206-7-0-23.wav,jackhammer
/DATA_ROOT/Desktop/matcher/Datasets/Urban8k/audio/fold6/30206-7-0-24.wav,jackhammer
/DATA_ROOT/Desktop/matcher/Datasets/Urban8k/audio/fold6/30206-7-0-25.wav,jackhammer
/DATA_ROOT/Desktop/matcher/Datasets/Urban8k/audio/fold6/30206-7-0-26.wav,jackhammer
/DATA_ROOT/Desktop/matcher/Datasets/Urban8k/audio/fold6/30206-7-0-27.wav,jackhammer
/DATA_ROOT/Desktop/matcher/Datasets/Urban8k/audio/fold6/30206-7-0-28.wav,jackhammer
/DATA_ROOT/Desktop/matcher/Datasets/Urban8k/audio/fold6/30206-7-0-29.wav,jackhammer
/DATA_ROOT/Desktop/matcher/Datasets/Urban8k/audio/fold6/30206-7-0-3.wav,jackhammer
/DATA_ROOT/Desktop/matcher/Datasets/Urban8k/audio/fold6/30206-7-0-30.wav,jackhammer
/DATA_ROOT/Desktop/matcher/Datasets/Urban8k/audio/fold6/30206-7-0-31.wav,jackhammer
/DATA_ROOT/Desktop/matcher/Datasets/Urban8k/audio/fold6/30206-7-0-32.wav,jackhammer
/DATA_ROOT/Desktop/matcher/Datasets/Urban8k/audio/fold6/30206-7-0-33.wav,jackhammer
/DATA_ROOT/Desktop/matcher/Datasets/Urban8k/audio/fold6/30206-7-0-34.wav,jackhammer
/DATA_ROOT/Desktop/matcher/Datasets/Urban8k/audio/fold6/30206-7-0-35.wav,jackhammer
/DATA_ROOT/Desktop/matcher/Datasets/Urban8k/audio/fold6/30206-7-0-36.wav,jackhammer
/DATA_ROOT/Desktop/matcher/Datasets/Urban8k/audio/fold6/30206-7-0-37.wav,jackhammer
/DATA_ROOT/Desktop/matcher/Datasets/Urban8k/audio/fold6/30206-7-0-38.wav,jackhammer
/DATA_ROOT/Desktop/matcher/Datasets/Urban8k/audio/fold6/30206-7-0-39.wav,jackhammer
/DATA_ROOT/Desktop/matcher/Datasets/Urban8k/audio/fold6/30206-7-0-4.wav,jackhammer
/DATA_ROOT/Desktop/matcher/Datasets/Urban8k/audio/fold6/30206-7-0-5.wav,jackhammer
/DATA_ROOT/Desktop/matcher/Datasets/Urban8k/audio/fold6/30206-7-0-6.wav,jackhammer
/DATA_ROOT/Desktop/matcher/Datasets/Urban8k/audio/fold6/30206-7-0-7.wav,jackhammer
/DATA_ROOT/Desktop/matcher/Datasets/Urban8k/audio/fold6/30206-7-0-8.wav,jackhammer
/DATA_ROOT/Desktop/matcher/Datasets/Urban8k/audio/fold6/30206-7-0-9.wav,jackhammer
/DATA_ROOT/Desktop/matcher/Datasets/Urban8k/audio/fold5/31150-2-0-1.wav,children_playing
/DATA_ROOT/Desktop/matcher/Datasets/Urban8k/audio/fold5/31150-2-0-14.wav,children_playing
/DATA_ROOT/Desktop/matcher/Datasets/Urban8k/audio/fold5/31150-2-0-17.wav,children_playing
/DATA_ROOT/Desktop/matcher/Datasets/Urban8k/audio/fold5/31150-2-0-2.wav,children_playing
/DATA_ROOT/Desktop/matcher/Datasets/Urban8k/audio/fold5/31150-2-0-24.wav,children_playing
/DATA_ROOT/Desktop/matcher/Datasets/Urban8k/audio/fold5/31150-2-0-34.wav,children_playing
/DATA_ROOT/Desktop/matcher/Datasets/Urban8k/audio/fold5/31150-2-0-6.wav,children_playing
/DATA_ROOT/Desktop/matcher/Datasets/Urban8k/audio/fold3/31884-7-0-0.wav,jackhammer
/DATA_ROOT/Desktop/matcher/Datasets/Urban8k/audio/fold3/31884-7-0-1.wav,jackhammer
/DATA_ROOT/Desktop/matcher/Datasets/Urban8k/audio/fold3/31884-7-0-2.wav,jackhammer
/DATA_ROOT/Desktop/matcher/Datasets/Urban8k/audio/fold3/31884-7-0-3.wav,jackhammer
/DATA_ROOT/Desktop/matcher/Datasets/Urban8k/audio/fold3/31884-7-1-0.wav,jackhammer
/DATA_ROOT/Desktop/matcher/Datasets/Urban8k/audio/fold3/31884-7-1-1.wav,jackhammer
/DATA_ROOT/Desktop/matcher/Datasets/Urban8k/audio/fold3/31884-7-1-2.wav,jackhammer
/DATA_ROOT/Desktop/matcher/Datasets/Urban8k/audio/fold3/31884-7-1-3.wav,jackhammer
/DATA_ROOT/Desktop/matcher/Datasets/Urban8k/audio/fold3/31884-7-1-4.wav,jackhammer
/DATA_ROOT/Desktop/matcher/Datasets/Urban8k/audio/fold6/31973-9-0-43.wav,street_music
/DATA_ROOT/Desktop/matcher/Datasets/Urban8k/audio/fold6/31973-9-0-51.wav,street_music
/DATA_ROOT/Desktop/matcher/Datasets/Urban8k/audio/fold6/31973-9-0-56.wav,street_music
/DATA_ROOT/Desktop/matcher/Datasets/Urban8k/audio/fold6/31973-9-0-57.wav,street_music
/DATA_ROOT/Desktop/matcher/Datasets/Urban8k/audio/fold6/31973-9-0-64.wav,street_music
/DATA_ROOT/Desktop/matcher/Datasets/Urban8k/audio/fold6/31973-9-0-71.wav,street_music
/DATA_ROOT/Desktop/matcher/Datasets/Urban8k/audio/fold8/33340-7-0-0.wav,jackhammer
/DATA_ROOT/Desktop/matcher/Datasets/Urban8k/audio/fold8/33340-7-1-0.wav,jackhammer
/DATA_ROOT/Desktop/matcher/Datasets/Urban8k/audio/fold8/33340-7-10-0.wav,jackhammer
/DATA_ROOT/Desktop/matcher/Datasets/Urban8k/audio/fold8/33340-7-11-0.wav,jackhammer
/DATA_ROOT/Desktop/matcher/Datasets/Urban8k/audio/fold8/33340-7-12-0.wav,jackhammer
/DATA_ROOT/Desktop/matcher/Datasets/Urban8k/audio/fold8/33340-7-13-0.wav,jackhammer
/DATA_ROOT/Desktop/matcher/Datasets/Urban8k/audio/fold8/33340-7-14-0.wav,jackhammer
/DATA_ROOT/Desktop/matcher/Datasets/Urban8k/audio/fold8/33340-7-15-0.wav,jackhammer
/DATA_ROOT/Desktop/matcher/Datasets/Urban8k/audio/fold8/33340-7-16-0.wav,jackhammer
/DATA_ROOT/Desktop/matcher/Datasets/Urban8k/audio/fold8/33340-7-2-0.wav,jackhammer
/DATA_ROOT/Desktop/matcher/Datasets/Urban8k/audio/fold8/33340-7-3-0.wav,jackhammer
/DATA_ROOT/Desktop/matcher/Datasets/Urban8k/audio/fold8/33340-7-4-0.wav,jackhammer
/DATA_ROOT/Desktop/matcher/Datasets/Urban8k/audio/fold8/33340-7-5-0.wav,jackhammer
/DATA_ROOT/Desktop/matcher/Datasets/Urban8k/audio/fold8/33340-7-6-0.wav,jackhammer
/DATA_ROOT/Desktop/matcher/Datasets/Urban8k/audio/fold8/33340-7-7-0.wav,jackhammer
/DATA_ROOT/Desktop/matcher/Datasets/Urban8k/audio/fold8/33340-7-8-0.wav,jackhammer
/DATA_ROOT/Desktop/matcher/Datasets/Urban8k/audio/fold8/33340-7-9-0.wav,jackhammer
/DATA_ROOT/Desktop/matcher/Datasets/Urban8k/audio/fold10/34050-7-0-0.wav,jackhammer
/DATA_ROOT/Desktop/matcher/Datasets/Urban8k/audio/fold10/34050-7-1-0.wav,jackhammer
/DATA_ROOT/Desktop/matcher/Datasets/Urban8k/audio/fold10/34050-7-2-0.wav,jackhammer
/DATA_ROOT/Desktop/matcher/Datasets/Urban8k/audio/fold10/34050-7-3-0.wav,jackhammer
/DATA_ROOT/Desktop/matcher/Datasets/Urban8k/audio/fold10/34050-7-4-0.wav,jackhammer
/DATA_ROOT/Desktop/matcher/Datasets/Urban8k/audio/fold10/34050-7-5-0.wav,jackhammer
/DATA_ROOT/Desktop/matcher/Datasets/Urban8k/audio/fold10/34050-7-6-0.wav,jackhammer
/DATA_ROOT/Desktop/matcher/Datasets/Urban8k/audio/fold4/34056-2-0-2.wav,children_playing
/DATA_ROOT/Desktop/matcher/Datasets/Urban8k/audio/fold4/34056-2-0-22.wav,children_playing
/DATA_ROOT/Desktop/matcher/Datasets/Urban8k/audio/fold4/34056-2-0-40.wav,children_playing
/DATA_ROOT/Desktop/matcher/Datasets/Urban8k/audio/fold4/34056-2-0-42.wav,children_playing
/DATA_ROOT/Desktop/matcher/Datasets/Urban8k/audio/fold4/34056-2-0-48.wav,children_playing
/DATA_ROOT/Desktop/matcher/Datasets/Urban8k/audio/fold4/34056-2-0-61.wav,children_playing
/DATA_ROOT/Desktop/matcher/Datasets/Urban8k/audio/fold4/34056-2-0-80.wav,children_playing
/DATA_ROOT/Desktop/matcher/Datasets/Urban8k/audio/fold2/34621-4-0-0.wav,drilling
/DATA_ROOT/Desktop/matcher/Datasets/Urban8k/audio/fold2/34621-4-1-0.wav,drilling
/DATA_ROOT/Desktop/matcher/Datasets/Urban8k/audio/fold2/34621-4-11-0.wav,drilling
/DATA_ROOT/Desktop/matcher/Datasets/Urban8k/audio/fold2/34621-4-12-0.wav,drilling
/DATA_ROOT/Desktop/matcher/Datasets/Urban8k/audio/fold2/34621-4-13-0.wav,drilling
/DATA_ROOT/Desktop/matcher/Datasets/Urban8k/audio/fold2/34621-4-14-0.wav,drilling
/DATA_ROOT/Desktop/matcher/Datasets/Urban8k/audio/fold2/34621-4-15-0.wav,drilling
/DATA_ROOT/Desktop/matcher/Datasets/Urban8k/audio/fold2/34621-4-16-0.wav,drilling
/DATA_ROOT/Desktop/matcher/Datasets/Urban8k/audio/fold2/34621-4-17-0.wav,drilling
/DATA_ROOT/Desktop/matcher/Datasets/Urban8k/audio/fold2/34621-4-18-0.wav,drilling
/DATA_ROOT/Desktop/matcher/Datasets/Urban8k/audio/fold2/34621-4-2-0.wav,drilling
/DATA_ROOT/Desktop/matcher/Datasets/Urban8k/audio/fold2/34621-4-20-0.wav,drilling
/DATA_ROOT/Desktop/matcher/Datasets/Urban8k/audio/fold2/34621-4-21-0.wav,drilling
/DATA_ROOT/Desktop/matcher/Datasets/Urban8k/audio/fold2/34621-4-22-0.wav,drilling
/DATA_ROOT/Desktop/matcher/Datasets/Urban8k/audio/fold2/34621-4-24-0.wav,drilling
/DATA_ROOT/Desktop/matcher/Datasets/Urban8k/audio/fold2/34621-4-25-0.wav,drilling
/DATA_ROOT/Desktop/matcher/Datasets/Urban8k/audio/fold2/34621-4-26-0.wav,drilling
/DATA_ROOT/Desktop/matcher/Datasets/Urban8k/audio/fold2/34621-4-27-0.wav,drilling
/DATA_ROOT/Desktop/matcher/Datasets/Urban8k/audio/fold2/34621-4-4-0.wav,drilling
/DATA_ROOT/Desktop/matcher/Datasets/Urban8k/audio/fold2/34621-4-5-0.wav,drilling
/DATA_ROOT/Desktop/matcher/Datasets/Urban8k/audio/fold2/34621-4-7-0.wav,drilling
/DATA_ROOT/Desktop/matcher/Datasets/Urban8k/audio/fold2/34621-4-8-0.wav,drilling
/DATA_ROOT/Desktop/matcher/Datasets/Urban8k/audio/fold6/34643-4-0-0.wav,drilling
/DATA_ROOT/Desktop/matcher/Datasets/Urban8k/audio/fold6/34643-4-1-0.wav,drilling
/DATA_ROOT/Desktop/matcher/Datasets/Urban8k/audio/fold6/34643-4-1-1.wav,drilling
/DATA_ROOT/Desktop/matcher/Datasets/Urban8k/audio/fold6/34643-4-2-0.wav,drilling
/DATA_ROOT/Desktop/matcher/Datasets/Urban8k/audio/fold6/34643-4-2-1.wav,drilling
/DATA_ROOT/Desktop/matcher/Datasets/Urban8k/audio/fold6/34643-4-2-2.wav,drilling
/DATA_ROOT/Desktop/matcher/Datasets/Urban8k/audio/fold3/34708-6-0-0.wav,gun_shot
/DATA_ROOT/Desktop/matcher/Datasets/Urban8k/audio/fold3/34708-6-1-0.wav,gun_shot
/DATA_ROOT/Desktop/matcher/Datasets/Urban8k/audio/fold3/34708-6-2-0.wav,gun_shot
/DATA_ROOT/Desktop/matcher/Datasets/Urban8k/audio/fold3/34708-6-3-0.wav,gun_shot
/DATA_ROOT/Desktop/matcher/Datasets/Urban8k/audio/fold3/34708-6-4-0.wav,gun_shot
/DATA_ROOT/Desktop/matcher/Datasets/Urban8k/audio/fold3/34708-6-5-0.wav,gun_shot
/DATA_ROOT/Desktop/matcher/Datasets/Urban8k/audio/fold8/34866-9-0-10.wav,street_music
/DATA_ROOT/Desktop/matcher/Datasets/Urban8k/audio/fold8/34866-9-0-11.wav,street_music
/DATA_ROOT/Desktop/matcher/Datasets/Urban8k/audio/fold8/34866-9-0-13.wav,street_music
/DATA_ROOT/Desktop/matcher/Datasets/Urban8k/audio/fold8/34866-9-0-3.wav,street_music
/DATA_ROOT/Desktop/matcher/Datasets/Urban8k/audio/fold8/34866-9-0-5.wav,street_music
/DATA_ROOT/Desktop/matcher/Datasets/Urban8k/audio/fold8/34866-9-0-9.wav,street_music
/DATA_ROOT/Desktop/matcher/Datasets/Urban8k/audio/fold7/35382-0-0-0.wav,air_conditioner
/DATA_ROOT/Desktop/matcher/Datasets/Urban8k/audio/fold7/35382-0-0-1.wav,air_conditioner
/DATA_ROOT/Desktop/matcher/Datasets/Urban8k/audio/fold6/35548-9-0-10.wav,street_music
/DATA_ROOT/Desktop/matcher/Datasets/Urban8k/audio/fold6/35548-9-0-21.wav,street_music
/DATA_ROOT/Desktop/matcher/Datasets/Urban8k/audio/fold6/35548-9-0-23.wav,street_music
/DATA_ROOT/Desktop/matcher/Datasets/Urban8k/audio/fold6/35548-9-1-14.wav,street_music
/DATA_ROOT/Desktop/matcher/Datasets/Urban8k/audio/fold6/35548-9-2-7.wav,street_music
/DATA_ROOT/Desktop/matcher/Datasets/Urban8k/audio/fold6/35548-9-2-9.wav,street_music
/DATA_ROOT/Desktop/matcher/Datasets/Urban8k/audio/fold4/35549-9-0-14.wav,street_music
/DATA_ROOT/Desktop/matcher/Datasets/Urban8k/audio/fold4/35549-9-0-2.wav,street_music
/DATA_ROOT/Desktop/matcher/Datasets/Urban8k/audio/fold4/35549-9-0-28.wav,street_music
/DATA_ROOT/Desktop/matcher/Datasets/Urban8k/audio/fold4/35549-9-0-47.wav,street_music
/DATA_ROOT/Desktop/matcher/Datasets/Urban8k/audio/fold4/35549-9-0-51.wav,street_music
/DATA_ROOT/Desktop/matcher/Datasets/Urban8k/audio/fold4/35549-9-0-58.wav,street_music
/DATA_ROOT/Desktop/matcher/Datasets/Urban8k/audio/fold4/35799-6-0-0.wav,gun_shot
/DATA_ROOT/Desktop/matcher/Datasets/Urban8k/audio/fold2/35800-6-0-0.wav,gun_shot
/DATA_ROOT/Desktop/matcher/Datasets/Urban8k/audio/fold5/36263-9-0-12.wav,street_music
/DATA_ROOT/Desktop/matcher/Datasets/Urban8k/audio/fold5/36263-9-0-13.wav,street_music
/DATA_ROOT/Desktop/matcher/Datasets/Urban8k/audio/fold5/36263-9-0-17.wav,street_music
/DATA_ROOT/Desktop/matcher/Datasets/Urban8k/audio/fold5/36263-9-0-2.wav,street_music
/DATA_ROOT/Desktop/matcher/Datasets/Urban8k/audio/fold5/36263-9-0-3.wav,street_music
/DATA_ROOT/Desktop/matcher/Datasets/Urban8k/audio/fold5/36263-9-0-5.wav,street_music
/DATA_ROOT/Desktop/matcher/Datasets/Urban8k/audio/fold7/36264-9-0-0.wav,street_music
/DATA_ROOT/Desktop/matcher/Datasets/Urban8k/audio/fold7/36264-9-0-1.wav,street_music
/DATA_ROOT/Desktop/matcher/Datasets/Urban8k/audio/fold7/36264-9-0-10.wav,street_music
/DATA_ROOT/Desktop/matcher/Datasets/Urban8k/audio/fold7/36264-9-0-2.wav,street_music
/DATA_ROOT/Desktop/matcher/Datasets/Urban8k/audio/fold7/36264-9-0-5.wav,street_music
/DATA_ROOT/Desktop/matcher/Datasets/Urban8k/audio/fold7/36264-9-0-7.wav,street_music
/DATA_ROOT/Desktop/matcher/Datasets/Urban8k/audio/fold6/36403-6-0-0.wav,gun_shot
/DATA_ROOT/Desktop/matcher/Datasets/Urban8k/audio/fold8/36429-2-0-13.wav,children_playing
/DATA_ROOT/Desktop/matcher/Datasets/Urban8k/audio/fold8/36429-2-0-14.wav,children_playing
/DATA_ROOT/Desktop/matcher/Datasets/Urban8k/audio/fold8/36429-2-0-15.wav,children_playing
/DATA_ROOT/Desktop/matcher/Datasets/Urban8k/audio/fold8/36429-2-0-18.wav,children_playing
/DATA_ROOT/Desktop/matcher/Datasets/Urban8k/audio/fold8/36429-2-0-23.wav,children_playing
/DATA_ROOT/Desktop/matcher/Datasets/Urban8k/audio/fold8/36429-2-0-6.wav,children_playing
/DATA_ROOT/Desktop/matcher/Datasets/Urban8k/audio/fold8/36429-2-0-7.wav,children_playing
/DATA_ROOT/Desktop/matcher/Datasets/Urban8k/audio/fold2/37236-6-0-0.wav,gun_shot
/DATA_ROOT/Desktop/matcher/Datasets/Urban8k/audio/fold3/37560-4-0-0.wav,drilling
/DATA_ROOT/Desktop/matcher/Datasets/Urban8k/audio/fold3/37560-4-0-1.wav,drilling
/DATA_ROOT/Desktop/matcher/Datasets/Urban8k/audio/fold3/37560-4-0-2.wav,drilling
/DATA_ROOT/Desktop/matcher/Datasets/Urban8k/audio/fold3/37560-4-0-3.wav,drilling
/DATA_ROOT/Desktop/matcher/Datasets/Urban8k/audio/fold3/37560-4-0-4.wav,drilling
/DATA_ROOT/Desktop/matcher/Datasets/Urban8k/audio/fold3/37560-4-0-5.wav,drilling
/DATA_ROOT/Desktop/matcher/Datasets/Urban8k/audio/fold9/39532-4-0-0.wav,drilling
/DATA_ROOT/Desktop/matcher/Datasets/Urban8k/audio/fold9/39532-4-1-0.wav,drilling
/DATA_ROOT/Desktop/matcher/Datasets/Urban8k/audio/fold9/39532-4-2-0.wav,drilling
/DATA_ROOT/Desktop/matcher/Datasets/Urban8k/audio/fold9/39532-4-3-0.wav,drilling
/DATA_ROOT/Desktop/matcher/Datasets/Urban8k/audio/fold5/39533-4-0-0.wav,drilling
/DATA_ROOT/Desktop/matcher/Datasets/Urban8k/audio/fold5/39533-4-1-0.wav,drilling
/DATA_ROOT/Desktop/matcher/Datasets/Urban8k/audio/fold10/39847-5-0-0.wav,engine+engine_idling
/DATA_ROOT/Desktop/matcher/Datasets/Urban8k/audio/fold10/39847-5-0-1.wav,engine+engine_idling
/DATA_ROOT/Desktop/matcher/Datasets/Urban8k/audio/fold10/39847-5-0-10.wav,engine+engine_idling
/DATA_ROOT/Desktop/matcher/Datasets/Urban8k/audio/fold10/39847-5-0-11.wav,engine+engine_idling
/DATA_ROOT/Desktop/matcher/Datasets/Urban8k/audio/fold10/39847-5-0-12.wav,engine+engine_idling
/DATA_ROOT/Desktop/matcher/Datasets/Urban8k/audio/fold10/39847-5-0-2.wav,engine+engine_idling
/DATA_ROOT/Desktop/matcher/Datasets/Urban8k/audio/fold10/39847-5-0-3.wav,engine+engine_idling
/DATA_ROOT/Desktop/matcher/Datasets/Urban8k/audio/fold10/39847-5-0-4.wav,engine+engine_idling
/DATA_ROOT/Desktop/matcher/Datasets/Urban8k/audio/fold10/39847-5-0-5.wav,engine+engine_idling
/DATA_ROOT/Desktop/matcher/Datasets/Urban8k/audio/fold10/39847-5-0-6.wav,engine+engine_idling
/DATA_ROOT/Desktop/matcher/Datasets/Urban8k/audio/fold10/39847-5-0-7.wav,engine+engine_idling
/DATA_ROOT/Desktop/matcher/Datasets/Urban8k/audio/fold10/39847-5-0-8.wav,engine+engine_idling
/DATA_ROOT/Desktop/matcher/Datasets/Urban8k/audio/fold10/39847-5-0-9.wav,engine+engine_idling
/DATA_ROOT/Desktop/matcher/Datasets/Urban8k/audio/fold10/39847-5-1-0.wav,engine+engine_idling
/DATA_ROOT/Desktop/matcher/Datasets/Urban8k/audio/fold6/39852-5-0-0.wav,engine+engine_idling
/DATA_ROOT/Desktop/matcher/Datasets/Urban8k/audio/fold6/39852-5-0-1.wav,engine+engine_idling
/DATA_ROOT/Desktop/matcher/Datasets/Urban8k/audio/fold6/39854-5-0-0.wav,engine+engine_idling
/DATA_ROOT/Desktop/matcher/Datasets/Urban8k/audio/fold6/39854-5-1-0.wav,engine+engine_idling
/DATA_ROOT/Desktop/matcher/Datasets/Urban8k/audio/fold6/39854-5-1-1.wav,engine+engine_idling
/DATA_ROOT/Desktop/matcher/Datasets/Urban8k/audio/fold6/39854-5-1-2.wav,engine+engine_idling
/DATA_ROOT/Desktop/matcher/Datasets/Urban8k/audio/fold6/39854-5-1-3.wav,engine+engine_idling
/DATA_ROOT/Desktop/matcher/Datasets/Urban8k/audio/fold6/39854-5-1-4.wav,engine+engine_idling
/DATA_ROOT/Desktop/matcher/Datasets/Urban8k/audio/fold9/39856-5-0-0.wav,engine+engine_idling
/DATA_ROOT/Desktop/matcher/Datasets/Urban8k/audio/fold9/39856-5-0-1.wav,engine+engine_idling
/DATA_ROOT/Desktop/matcher/Datasets/Urban8k/audio/fold9/39856-5-0-10.wav,engine+engine_idling
/DATA_ROOT/Desktop/matcher/Datasets/Urban8k/audio/fold9/39856-5-0-11.wav,engine+engine_idling
/DATA_ROOT/Desktop/matcher/Datasets/Urban8k/audio/fold9/39856-5-0-12.wav,engine+engine_idling
/DATA_ROOT/Desktop/matcher/Datasets/Urban8k/audio/fold9/39856-5-0-13.wav,engine+engine_idling
/DATA_ROOT/Desktop/matcher/Datasets/Urban8k/audio/fold9/39856-5-0-14.wav,engine+engine_idling
/DATA_ROOT/Desktop/matcher/Datasets/Urban8k/audio/fold9/39856-5-0-15.wav,engine+engine_idling
/DATA_ROOT/Desktop/matcher/Datasets/Urban8k/audio/fold9/39856-5-0-16.wav,engine+engine_idling
/DATA_ROOT/Desktop/matcher/Datasets/Urban8k/audio/fold9/39856-5-0-17.wav,engine+engine_idling
/DATA_ROOT/Desktop/matcher/Datasets/Urban8k/audio/fold9/39856-5-0-18.wav,engine+engine_idling
/DATA_ROOT/Desktop/matcher/Datasets/Urban8k/audio/fold9/39856-5-0-19.wav,engine+engine_idling
/DATA_ROOT/Desktop/matcher/Datasets/Urban8k/audio/fold9/39856-5-0-2.wav,engine+engine_idling
/DATA_ROOT/Desktop/matcher/Datasets/Urban8k/audio/fold9/39856-5-0-20.wav,engine+engine_idling
/DATA_ROOT/Desktop/matcher/Datasets/Urban8k/audio/fold9/39856-5-0-21.wav,engine+engine_idling
/DATA_ROOT/Desktop/matcher/Datasets/Urban8k/audio/fold9/39856-5-0-22.wav,engine+engine_idling
/DATA_ROOT/Desktop/matcher/Datasets/Urban8k/audio/fold9/39856-5-0-23.wav,engine+engine_idling
/DATA_ROOT/Desktop/matcher/Datasets/Urban8k/audio/fold9/39856-5-0-24.wav,engine+engine_idling
/DATA_ROOT/Desktop/matcher/Datasets/Urban8k/audio/fold9/39856-5-0-25.wav,engine+engine_idling
/DATA_ROOT/Desktop/matcher/Datasets/Urban8k/audio/fold9/39856-5-0-26.wav,engine+engine_idling
/DATA_ROOT/Desktop/matcher/Datasets/Urban8k/audio/fold9/39856-5-0-27.wav,engine+engine_idling
/DATA_ROOT/Desktop/matcher/Datasets/Urban8k/audio/fold9/39856-5-0-28.wav,engine+engine_idling
/DATA_ROOT/Desktop/matcher/Datasets/Urban8k/audio/fold9/39856-5-0-3.wav,engine+engine_idling
/DATA_ROOT/Desktop/matcher/Datasets/Urban8k/audio/fold9/39856-5-0-4.wav,engine+engine_idling
/DATA_ROOT/Desktop/matcher/Datasets/Urban8k/audio/fold9/39856-5-0-5.wav,engine+engine_idling
/DATA_ROOT/Desktop/matcher/Datasets/Urban8k/audio/fold9/39856-5-0-6.wav,engine+engine_idling
/DATA_ROOT/Desktop/matcher/Datasets/Urban8k/audio/fold9/39856-5-0-7.wav,engine+engine_idling
/DATA_ROOT/Desktop/matcher/Datasets/Urban8k/audio/fold9/39856-5-0-8.wav,engine+engine_idling
/DATA_ROOT/Desktop/matcher/Datasets/Urban8k/audio/fold9/39856-5-0-9.wav,engine+engine_idling
/DATA_ROOT/Desktop/matcher/Datasets/Urban8k/audio/fold7/39857-5-0-0.wav,engine+engine_idling
/DATA_ROOT/Desktop/matcher/Datasets/Urban8k/audio/fold7/39857-5-0-1.wav,engine+engine_idling
/DATA_ROOT/Desktop/matcher/Datasets/Urban8k/audio/fold7/39857-5-0-2.wav,engine+engine_idling
/DATA_ROOT/Desktop/matcher/Datasets/Urban8k/audio/fold7/39857-5-1-0.wav,engine+engine_idling
/DATA_ROOT/Desktop/matcher/Datasets/Urban8k/audio/fold7/39857-5-1-1.wav,engine+engine_idling
/DATA_ROOT/Desktop/matcher/Datasets/Urban8k/audio/fold7/39857-5-1-2.wav,engine+engine_idling
/DATA_ROOT/Desktop/matcher/Datasets/Urban8k/audio/fold7/39857-5-1-3.wav,engine+engine_idling
/DATA_ROOT/Desktop/matcher/Datasets/Urban8k/audio/fold7/39857-5-2-0.wav,engine+engine_idling
/DATA_ROOT/Desktop/matcher/Datasets/Urban8k/audio/fold7/39857-5-3-0.wav,engine+engine_idling
/DATA_ROOT/Desktop/matcher/Datasets/Urban8k/audio/fold7/39857-5-4-0.wav,engine+engine_idling
/DATA_ROOT/Desktop/matcher/Datasets/Urban8k/audio/fold7/39857-5-5-0.wav,engine+engine_idling
/DATA_ROOT/Desktop/matcher/Datasets/Urban8k/audio/fold7/39857-5-5-1.wav,engine+engine_idling
/DATA_ROOT/Desktop/matcher/Datasets/Urban8k/audio/fold6/39884-5-0-0.wav,engine+engine_idling
/DATA_ROOT/Desktop/matcher/Datasets/Urban8k/audio/fold6/39884-5-0-1.wav,engine+engine_idling
/DATA_ROOT/Desktop/matcher/Datasets/Urban8k/audio/fold6/39884-5-0-2.wav,engine+engine_idling
/DATA_ROOT/Desktop/matcher/Datasets/Urban8k/audio/fold6/39884-5-0-3.wav,engine+engine_idling
/DATA_ROOT/Desktop/matcher/Datasets/Urban8k/audio/fold6/39884-5-0-4.wav,engine+engine_idling
/DATA_ROOT/Desktop/matcher/Datasets/Urban8k/audio/fold6/39884-5-0-5.wav,engine+engine_idling
/DATA_ROOT/Desktop/matcher/Datasets/Urban8k/audio/fold6/39884-5-0-6.wav,engine+engine_idling
/DATA_ROOT/Desktop/matcher/Datasets/Urban8k/audio/fold6/39884-5-0-7.wav,engine+engine_idling
/DATA_ROOT/Desktop/matcher/Datasets/Urban8k/audio/fold8/39967-9-0-0.wav,street_music
/DATA_ROOT/Desktop/matcher/Datasets/Urban8k/audio/fold8/39967-9-0-100.wav,street_music
/DATA_ROOT/Desktop/matcher/Datasets/Urban8k/audio/fold8/39967-9-0-44.wav,street_music
/DATA_ROOT/Desktop/matcher/Datasets/Urban8k/audio/fold8/39967-9-0-56.wav,street_music
/DATA_ROOT/Desktop/matcher/Datasets/Urban8k/audio/fold8/39967-9-0-78.wav,street_music
/DATA_ROOT/Desktop/matcher/Datasets/Urban8k/audio/fold8/39967-9-0-99.wav,street_music
/DATA_ROOT/Desktop/matcher/Datasets/Urban8k/audio/fold4/39968-9-0-144.wav,street_music
/DATA_ROOT/Desktop/matcher/Datasets/Urban8k/audio/fold4/39968-9-0-173.wav,street_music
/DATA_ROOT/Desktop/matcher/Datasets/Urban8k/audio/fold4/39968-9-0-181.wav,street_music
/DATA_ROOT/Desktop/matcher/Datasets/Urban8k/audio/fold4/39968-9-0-227.wav,street_music
/DATA_ROOT/Desktop/matcher/Datasets/Urban8k/audio/fold4/39968-9-0-69.wav,street_music
/DATA_ROOT/Desktop/matcher/Datasets/Urban8k/audio/fold4/39968-9-0-81.wav,street_music
/DATA_ROOT/Desktop/matcher/Datasets/Urban8k/audio/fold2/39970-9-0-108.wav,street_music
/DATA_ROOT/Desktop/matcher/Datasets/Urban8k/audio/fold2/39970-9-0-142.wav,street_music
/DATA_ROOT/Desktop/matcher/Datasets/Urban8k/audio/fold2/39970-9-0-41.wav,street_music
/DATA_ROOT/Desktop/matcher/Datasets/Urban8k/audio/fold2/39970-9-0-46.wav,street_music
/DATA_ROOT/Desktop/matcher/Datasets/Urban8k/audio/fold2/39970-9-0-54.wav,street_music
/DATA_ROOT/Desktop/matcher/Datasets/Urban8k/audio/fold2/39970-9-0-98.wav,street_music
/DATA_ROOT/Desktop/matcher/Datasets/Urban8k/audio/fold8/41364-9-0-11.wav,street_music
/DATA_ROOT/Desktop/matcher/Datasets/Urban8k/audio/fold8/41364-9-0-18.wav,street_music
/DATA_ROOT/Desktop/matcher/Datasets/Urban8k/audio/fold8/41364-9-0-22.wav,street_music
/DATA_ROOT/Desktop/matcher/Datasets/Urban8k/audio/fold8/41364-9-0-23.wav,street_music
/DATA_ROOT/Desktop/matcher/Datasets/Urban8k/audio/fold8/41364-9-0-24.wav,street_music
/DATA_ROOT/Desktop/matcher/Datasets/Urban8k/audio/fold8/41364-9-0-27.wav,street_music
/DATA_ROOT/Desktop/matcher/Datasets/Urban8k/audio/fold3/42097-7-0-0.wav,jackhammer
/DATA_ROOT/Desktop/matcher/Datasets/Urban8k/audio/fold3/42097-7-0-1.wav,jackhammer
/DATA_ROOT/Desktop/matcher/Datasets/Urban8k/audio/fold3/42097-7-0-2.wav,jackhammer
/DATA_ROOT/Desktop/matcher/Datasets/Urban8k/audio/fold8/42324-4-0-0.wav,drilling
/DATA_ROOT/Desktop/matcher/Datasets/Urban8k/audio/fold8/42324-4-1-0.wav,drilling
/DATA_ROOT/Desktop/matcher/Datasets/Urban8k/audio/fold8/42324-4-2-0.wav,drilling
/DATA_ROOT/Desktop/matcher/Datasets/Urban8k/audio/fold8/42324-4-2-1.wav,drilling
/DATA_ROOT/Desktop/matcher/Datasets/Urban8k/audio/fold8/42324-4-2-2.wav,drilling
/DATA_ROOT/Desktop/matcher/Datasets/Urban8k/audio/fold8/42324-4-2-3.wav,drilling
/DATA_ROOT/Desktop/matcher/Datasets/Urban8k/audio/fold8/42324-4-2-4.wav,drilling
/DATA_ROOT/Desktop/matcher/Datasets/Urban8k/audio/fold3/42937-4-0-0.wav,drilling
/DATA_ROOT/Desktop/matcher/Datasets/Urban8k/audio/fold3/42937-4-0-1.wav,drilling
/DATA_ROOT/Desktop/matcher/Datasets/Urban8k/audio/fold3/42937-4-0-2.wav,drilling
/DATA_ROOT/Desktop/matcher/Datasets/Urban8k/audio/fold9/42953-9-0-16.wav,street_music
/DATA_ROOT/Desktop/matcher/Datasets/Urban8k/audio/fold9/42953-9-0-21.wav,street_music
/DATA_ROOT/Desktop/matcher/Datasets/Urban8k/audio/fold9/42953-9-0-28.wav,street_music
/DATA_ROOT/Desktop/matcher/Datasets/Urban8k/audio/fold9/42953-9-0-37.wav,street_music
/DATA_ROOT/Desktop/matcher/Datasets/Urban8k/audio/fold9/42953-9-0-49.wav,street_music
/DATA_ROOT/Desktop/matcher/Datasets/Urban8k/audio/fold9/42953-9-0-50.wav,street_music
/DATA_ROOT/Desktop/matcher/Datasets/Urban8k/audio/fold4/42954-9-0-12.wav,street_music
/DATA_ROOT/Desktop/matcher/Datasets/Urban8k/audio/fold4/42954-9-0-18.wav,street_music
/DATA_ROOT/Desktop/matcher/Datasets/Urban8k/audio/fold4/42954-9-0-2.wav,street_music
/DATA_ROOT/Desktop/matcher/Datasets/Urban8k/audio/fold4/42954-9-0-20.wav,street_music
/DATA_ROOT/Desktop/matcher/Datasets/Urban8k/audio/fold4/42954-9-0-22.wav,street_music
/DATA_ROOT/Desktop/matcher/Datasets/Urban8k/audio/fold4/42954-9-0-5.wav,street_music
/DATA_ROOT/Desktop/matcher/Datasets/Urban8k/audio/fold6/42955-9-0-12.wav,street_music
/DATA_ROOT/Desktop/matcher/Datasets/Urban8k/audio/fold6/42955-9-0-14.wav,street_music
/DATA_ROOT/Desktop/matcher/Datasets/Urban8k/audio/fold6/42955-9-0-18.wav,street_music
/DATA_ROOT/Desktop/matcher/Datasets/Urban8k/audio/fold6/42955-9-0-19.wav,street_music
/DATA_ROOT/Desktop/matcher/Datasets/Urban8k/audio/fold6/42955-9-0-22.wav,street_music
/DATA_ROOT/Desktop/matcher/Datasets/Urban8k/audio/fold6/44325-9-0-18.wav,street_music
/DATA_ROOT/Desktop/matcher/Datasets/Urban8k/audio/fold6/44325-9-0-21.wav,street_music
/DATA_ROOT/Desktop/matcher/Datasets/Urban8k/audio/fold6/44325-9-0-35.wav,street_music
/DATA_ROOT/Desktop/matcher/Datasets/Urban8k/audio/fold6/44325-9-0-67.wav,street_music
/DATA_ROOT/Desktop/matcher/Datasets/Urban8k/audio/fold6/44325-9-0-72.wav,street_music
/DATA_ROOT/Desktop/matcher/Datasets/Urban8k/audio/fold6/44325-9-0-78.wav,street_music
/DATA_ROOT/Desktop/matcher/Datasets/Urban8k/audio/fold2/44735-5-0-0.wav,engine+engine_idling
/DATA_ROOT/Desktop/matcher/Datasets/Urban8k/audio/fold2/44735-5-0-1.wav,engine+engine_idling
/DATA_ROOT/Desktop/matcher/Datasets/Urban8k/audio/fold1/44736-5-0-0.wav,engine+engine_idling
/DATA_ROOT/Desktop/matcher/Datasets/Urban8k/audio/fold1/44736-5-0-1.wav,engine+engine_idling
/DATA_ROOT/Desktop/matcher/Datasets/Urban8k/audio/fold7/44737-5-0-0.wav,engine+engine_idling
/DATA_ROOT/Desktop/matcher/Datasets/Urban8k/audio/fold7/44737-5-0-1.wav,engine+engine_idling
/DATA_ROOT/Desktop/matcher/Datasets/Urban8k/audio/fold7/44737-5-0-2.wav,engine+engine_idling
/DATA_ROOT/Desktop/matcher/Datasets/Urban8k/audio/fold7/44737-5-0-3.wav,engine+engine_idling
/DATA_ROOT/Desktop/matcher/Datasets/Urban8k/audio/fold6/46299-2-0-0.wav,children_playing
/DATA_ROOT/Desktop/matcher/Datasets/Urban8k/audio/fold6/46299-2-0-16.wav,children_playing
/DATA_ROOT/Desktop/matcher/Datasets/Urban8k/audio/fold6/46299-2-0-21.wav,children_playing
/DATA_ROOT/Desktop/matcher/Datasets/Urban8k/audio/fold6/46299-2-0-22.wav,children_playing
/DATA_ROOT/Desktop/matcher/Datasets/Urban8k/audio/fold6/46299-2-0-36.wav,children_playing
/DATA_ROOT/Desktop/matcher/Datasets/Urban8k/audio/fold6/46299-2-0-48.wav,children_playing
/DATA_ROOT/Desktop/matcher/Datasets/Urban8k/audio/fold6/46299-2-0-8.wav,children_playing
/DATA_ROOT/Desktop/matcher/Datasets/Urban8k/audio/fold6/46299-2-0-9.wav,children_playing
/DATA_ROOT/Desktop/matcher/Datasets/Urban8k/audio/fold1/46654-6-0-0.wav,gun_shot
/DATA_ROOT/Desktop/matcher/Datasets/Urban8k/audio/fold2/46655-6-0-0.wav,gun_shot
/DATA_ROOT/Desktop/matcher/Datasets/Urban8k/audio/fold1/46656-6-0-0.wav,gun_shot
/DATA_ROOT/Desktop/matcher/Datasets/Urban8k/audio/fold1/46656-6-1-0.wav,gun_shot
/DATA_ROOT/Desktop/matcher/Datasets/Urban8k/audio/fold1/46656-6-2-0.wav,gun_shot
/DATA_ROOT/Desktop/matcher/Datasets/Urban8k/audio/fold1/46656-6-3-0.wav,gun_shot
/DATA_ROOT/Desktop/matcher/Datasets/Urban8k/audio/fold1/46656-6-4-0.wav,gun_shot
/DATA_ROOT/Desktop/matcher/Datasets/Urban8k/audio/fold1/46656-6-5-0.wav,gun_shot
/DATA_ROOT/Desktop/matcher/Datasets/Urban8k/audio/fold2/46668-4-0-0.wav,drilling
/DATA_ROOT/Desktop/matcher/Datasets/Urban8k/audio/fold2/46668-4-0-1.wav,drilling
/DATA_ROOT/Desktop/matcher/Datasets/Urban8k/audio/fold2/46668-4-0-2.wav,drilling
/DATA_ROOT/Desktop/matcher/Datasets/Urban8k/audio/fold1/46669-4-0-0.wav,drilling
/DATA_ROOT/Desktop/matcher/Datasets/Urban8k/audio/fold1/46669-4-0-10.wav,drilling
/DATA_ROOT/Desktop/matcher/Datasets/Urban8k/audio/fold1/46669-4-0-2.wav,drilling
/DATA_ROOT/Desktop/matcher/Datasets/Urban8k/audio/fold1/46669-4-0-24.wav,drilling
/DATA_ROOT/Desktop/matcher/Datasets/Urban8k/audio/fold1/46669-4-0-26.wav,drilling
/DATA_ROOT/Desktop/matcher/Datasets/Urban8k/audio/fold1/46669-4-0-3.wav,drilling
/DATA_ROOT/Desktop/matcher/Datasets/Urban8k/audio/fold1/46669-4-0-30.wav,drilling
/DATA_ROOT/Desktop/matcher/Datasets/Urban8k/audio/fold1/46669-4-0-31.wav,drilling
/DATA_ROOT/Desktop/matcher/Datasets/Urban8k/audio/fold1/46669-4-0-32.wav,drilling
/DATA_ROOT/Desktop/matcher/Datasets/Urban8k/audio/fold1/46669-4-0-33.wav,drilling
/DATA_ROOT/Desktop/matcher/Datasets/Urban8k/audio/fold1/46669-4-0-35.wav,drilling
/DATA_ROOT/Desktop/matcher/Datasets/Urban8k/audio/fold1/46669-4-0-36.wav,drilling
/DATA_ROOT/Desktop/matcher/Datasets/Urban8k/audio/fold1/46669-4-0-37.wav,drilling
/DATA_ROOT/Desktop/matcher/Datasets/Urban8k/audio/fold1/46669-4-0-39.wav,drilling
/DATA_ROOT/Desktop/matcher/Datasets/Urban8k/audio/fold1/46669-4-0-4.wav,drilling
/DATA_ROOT/Desktop/matcher/Datasets/Urban8k/audio/fold1/46669-4-0-45.wav,drilling
/DATA_ROOT/Desktop/matcher/Datasets/Urban8k/audio/fold1/46669-4-0-48.wav,drilling
/DATA_ROOT/Desktop/matcher/Datasets/Urban8k/audio/fold1/46669-4-0-49.wav,drilling
/DATA_ROOT/Desktop/matcher/Datasets/Urban8k/audio/fold1/46669-4-0-54.wav,drilling
/DATA_ROOT/Desktop/matcher/Datasets/Urban8k/audio/fold1/46669-4-0-61.wav,drilling
/DATA_ROOT/Desktop/matcher/Datasets/Urban8k/audio/fold1/46669-4-0-63.wav,drilling
/DATA_ROOT/Desktop/matcher/Datasets/Urban8k/audio/fold1/46669-4-0-8.wav,drilling
/DATA_ROOT/Desktop/matcher/Datasets/Urban8k/audio/fold1/46669-4-0-9.wav,drilling
/DATA_ROOT/Desktop/matcher/Datasets/Urban8k/audio/fold1/46918-5-0-0.wav,engine+engine_idling
/DATA_ROOT/Desktop/matcher/Datasets/Urban8k/audio/fold1/46918-5-0-1.wav,engine+engine_idling
/DATA_ROOT/Desktop/matcher/Datasets/Urban8k/audio/fold1/46918-5-0-2.wav,engine+engine_idling
/DATA_ROOT/Desktop/matcher/Datasets/Urban8k/audio/fold4/47019-2-0-42.wav,children_playing
/DATA_ROOT/Desktop/matcher/Datasets/Urban8k/audio/fold4/47019-2-0-44.wav,children_playing
/DATA_ROOT/Desktop/matcher/Datasets/Urban8k/audio/fold4/47019-2-0-55.wav,children_playing
/DATA_ROOT/Desktop/matcher/Datasets/Urban8k/audio/fold4/47019-2-0-65.wav,children_playing
/DATA_ROOT/Desktop/matcher/Datasets/Urban8k/audio/fold4/47019-2-0-66.wav,children_playing
/DATA_ROOT/Desktop/matcher/Datasets/Urban8k/audio/fold4/47019-2-0-69.wav,children_playing
/DATA_ROOT/Desktop/matcher/Datasets/Urban8k/audio/fold4/47019-2-0-73.wav,children_playing
/DATA_ROOT/Desktop/matcher/Datasets/Urban8k/audio/fold6/47160-0-0-0.wav,air_conditioner
/DATA_ROOT/Desktop/matcher/Datasets/Urban8k/audio/fold6/47160-0-0-1.wav,air_conditioner
/DATA_ROOT/Desktop/matcher/Datasets/Urban8k/audio/fold6/47160-0-0-2.wav,air_conditioner
/DATA_ROOT/Desktop/matcher/Datasets/Urban8k/audio/fold6/47160-0-0-3.wav,air_conditioner
/DATA_ROOT/Desktop/matcher/Datasets/Urban8k/audio/fold6/47160-0-0-4.wav,air_conditioner
/DATA_ROOT/Desktop/matcher/Datasets/Urban8k/audio/fold5/49312-2-0-1.wav,children_playing
/DATA_ROOT/Desktop/matcher/Datasets/Urban8k/audio/fold5/49312-2-0-10.wav,children_playing
/DATA_ROOT/Desktop/matcher/Datasets/Urban8k/audio/fold5/49312-2-0-16.wav,children_playing
/DATA_ROOT/Desktop/matcher/Datasets/Urban8k/audio/fold5/49312-2-0-17.wav,children_playing
/DATA_ROOT/Desktop/matcher/Datasets/Urban8k/audio/fold5/49312-2-0-2.wav,children_playing
/DATA_ROOT/Desktop/matcher/Datasets/Urban8k/audio/fold5/49312-2-0-5.wav,children_playing
/DATA_ROOT/Desktop/matcher/Datasets/Urban8k/audio/fold5/49312-2-0-7.wav,children_playing
/DATA_ROOT/Desktop/matcher/Datasets/Urban8k/audio/fold7/49313-2-0-1.wav,children_playing
/DATA_ROOT/Desktop/matcher/Datasets/Urban8k/audio/fold7/49313-2-0-10.wav,children_playing
/DATA_ROOT/Desktop/matcher/Datasets/Urban8k/audio/fold7/49313-2-0-13.wav,children_playing
/DATA_ROOT/Desktop/matcher/Datasets/Urban8k/audio/fold7/49313-2-0-20.wav,children_playing
/DATA_ROOT/Desktop/matcher/Datasets/Urban8k/audio/fold7/49313-2-0-30.wav,children_playing
/DATA_ROOT/Desktop/matcher/Datasets/Urban8k/audio/fold7/49313-2-0-4.wav,children_playing
/DATA_ROOT/Desktop/matcher/Datasets/Urban8k/audio/fold7/49313-2-0-9.wav,children_playing
/DATA_ROOT/Desktop/matcher/Datasets/Urban8k/audio/fold3/49485-9-0-138.wav,street_music
/DATA_ROOT/Desktop/matcher/Datasets/Urban8k/audio/fold3/49485-9-0-142.wav,street_music
/DATA_ROOT/Desktop/matcher/Datasets/Urban8k/audio/fold3/49485-9-0-154.wav,street_music
/DATA_ROOT/Desktop/matcher/Datasets/Urban8k/audio/fold3/49485-9-0-24.wav,street_music
/DATA_ROOT/Desktop/matcher/Datasets/Urban8k/audio/fold3/49485-9-0-28.wav,street_music
/DATA_ROOT/Desktop/matcher/Datasets/Urban8k/audio/fold3/49485-9-0-91.wav,street_music
/DATA_ROOT/Desktop/matcher/Datasets/Urban8k/audio/fold3/49769-5-0-0.wav,engine+engine_idling
/DATA_ROOT/Desktop/matcher/Datasets/Urban8k/audio/fold3/49769-5-1-0.wav,engine+engine_idling
/DATA_ROOT/Desktop/matcher/Datasets/Urban8k/audio/fold5/50413-4-0-0.wav,drilling
/DATA_ROOT/Desktop/matcher/Datasets/Urban8k/audio/fold5/50413-4-0-1.wav,drilling
/DATA_ROOT/Desktop/matcher/Datasets/Urban8k/audio/fold5/50413-4-0-2.wav,drilling
/DATA_ROOT/Desktop/matcher/Datasets/Urban8k/audio/fold5/50413-4-0-3.wav,drilling
/DATA_ROOT/Desktop/matcher/Datasets/Urban8k/audio/fold9/50414-4-0-0.wav,drilling
/DATA_ROOT/Desktop/matcher/Datasets/Urban8k/audio/fold9/50414-4-0-1.wav,drilling
/DATA_ROOT/Desktop/matcher/Datasets/Urban8k/audio/fold7/50415-4-0-0.wav,drilling
/DATA_ROOT/Desktop/matcher/Datasets/Urban8k/audio/fold7/50415-4-0-1.wav,drilling
/DATA_ROOT/Desktop/matcher/Datasets/Urban8k/audio/fold2/50416-4-0-0.wav,drilling
/DATA_ROOT/Desktop/matcher/Datasets/Urban8k/audio/fold2/50416-4-0-1.wav,drilling
/DATA_ROOT/Desktop/matcher/Datasets/Urban8k/audio/fold2/50416-4-0-2.wav,drilling
/DATA_ROOT/Desktop/matcher/Datasets/Urban8k/audio/fold7/50454-5-0-0.wav,engine+engine_idling
/DATA_ROOT/Desktop/matcher/Datasets/Urban8k/audio/fold6/50455-5-0-0.wav,engine+engine_idling
/DATA_ROOT/Desktop/matcher/Datasets/Urban8k/audio/fold4/50618-6-0-0.wav,gun_shot
/DATA_ROOT/Desktop/matcher/Datasets/Urban8k/audio/fold7/50629-4-0-0.wav,drilling
/DATA_ROOT/Desktop/matcher/Datasets/Urban8k/audio/fold7/50629-4-0-1.wav,drilling
/DATA_ROOT/Desktop/matcher/Datasets/Urban8k/audio/fold7/50629-4-1-0.wav,drilling
/DATA_ROOT/Desktop/matcher/Datasets/Urban8k/audio/fold7/50629-4-1-1.wav,drilling
/DATA_ROOT/Desktop/matcher/Datasets/Urban8k/audio/fold7/50629-4-1-11.wav,drilling
/DATA_ROOT/Desktop/matcher/Datasets/Urban8k/audio/fold7/50629-4-1-13.wav,drilling
/DATA_ROOT/Desktop/matcher/Datasets/Urban8k/audio/fold7/50629-4-1-2.wav,drilling
/DATA_ROOT/Desktop/matcher/Datasets/Urban8k/audio/fold7/50629-4-1-3.wav,drilling
/DATA_ROOT/Desktop/matcher/Datasets/Urban8k/audio/fold7/50629-4-1-4.wav,drilling
/DATA_ROOT/Desktop/matcher/Datasets/Urban8k/audio/fold7/50629-4-1-8.wav,drilling
/DATA_ROOT/Desktop/matcher/Datasets/Urban8k/audio/fold7/50629-4-1-9.wav,drilling
/DATA_ROOT/Desktop/matcher/Datasets/Urban8k/audio/fold7/50629-4-2-0.wav,drilling
/DATA_ROOT/Desktop/matcher/Datasets/Urban8k/audio/fold7/50629-4-3-0.wav,drilling
/DATA_ROOT/Desktop/matcher/Datasets/Urban8k/audio/fold7/50629-4-4-0.wav,drilling
/DATA_ROOT/Desktop/matcher/Datasets/Urban8k/audio/fold7/50629-4-4-3.wav,drilling
/DATA_ROOT/Desktop/matcher/Datasets/Urban8k/audio/fold7/50629-4-4-8.wav,drilling
/DATA_ROOT/Desktop/matcher/Datasets/Urban8k/audio/fold7/50629-4-4-9.wav,drilling
/DATA_ROOT/Desktop/matcher/Datasets/Urban8k/audio/fold4/50661-5-0-0.wav,engine+engine_idling
/DATA_ROOT/Desktop/matcher/Datasets/Urban8k/audio/fold4/50661-5-0-1.wav,engine+engine_idling
/DATA_ROOT/Desktop/matcher/Datasets/Urban8k/audio/fold4/50661-5-0-2.wav,engine+engine_idling
/DATA_ROOT/Desktop/matcher/Datasets/Urban8k/audio/fold4/50661-5-0-3.wav,engine+engine_idling
/DATA_ROOT/Desktop/matcher/Datasets/Urban8k/audio/fold4/50661-5-0-4.wav,engine+engine_idling
/DATA_ROOT/Desktop/matcher/Datasets/Urban8k/audio/fold4/50661-5-0-5.wav,engine+engine_idling
/DATA_ROOT/Desktop/matcher/Datasets/Urban8k/audio/fold8/50668-5-0-0.wav,engine+engine_idling
/DATA_ROOT/Desktop/matcher/Datasets/Urban8k/audio/fold8/50668-5-0-1.wav,engine+engine_idling
/DATA_ROOT/Desktop/matcher/Datasets/Urban8k/audio/fold8/50668-5-0-2.wav,engine+engine_idling
/DATA_ROOT/Desktop/matcher/Datasets/Urban8k/audio/fold8/50668-5-1-0.wav,engine+engine_idling
/DATA_ROOT/Desktop/matcher/Datasets/Urban8k/audio/fold8/50668-5-2-0.wav,engine+engine_idling
/DATA_ROOT/Desktop/matcher/Datasets/Urban8k/audio/fold8/50668-5-3-0.wav,engine+engine_idling
/DATA_ROOT/Desktop/matcher/Datasets/Urban8k/audio/fold8/50668-5-4-0.wav,engine+engine_idling
/DATA_ROOT/Desktop/matcher/Datasets/Urban8k/audio/fold8/50668-5-5-0.wav,engine+engine_idling
/DATA_ROOT/Desktop/matcher/Datasets/Urban8k/audio/fold8/50668-5-5-1.wav,engine+engine_idling
/DATA_ROOT/Desktop/matcher/Datasets/Urban8k/audio/fold8/50668-5-5-2.wav,engine+engine_idling
/DATA_ROOT/Desktop/matcher/Datasets/Urban8k/audio/fold8/50668-5-6-0.wav,engine+engine_idling
/DATA_ROOT/Desktop/matcher/Datasets/Urban8k/audio/fold8/50668-5-7-0.wav,engine+engine_idling
/DATA_ROOT/Desktop/matcher/Datasets/Urban8k/audio/fold2/50898-5-0-0.wav,engine+engine_idling
/DATA_ROOT/Desktop/matcher/Datasets/Urban8k/audio/fold1/50901-0-0-0.wav,air_conditioner
/DATA_ROOT/Desktop/matcher/Datasets/Urban8k/audio/fold1/50901-0-1-0.wav,air_conditioner
/DATA_ROOT/Desktop/matcher/Datasets/Urban8k/audio/fold1/50901-0-1-1.wav,air_conditioner
/DATA_ROOT/Desktop/matcher/Datasets/Urban8k/audio/fold7/518-4-0-0.wav,drilling
/DATA_ROOT/Desktop/matcher/Datasets/Urban8k/audio/fold7/518-4-0-1.wav,drilling
/DATA_ROOT/Desktop/matcher/Datasets/Urban8k/audio/fold7/518-4-0-2.wav,drilling
/DATA_ROOT/Desktop/matcher/Datasets/Urban8k/audio/fold7/518-4-0-3.wav,drilling
/DATA_ROOT/Desktop/matcher/Datasets/Urban8k/audio/fold8/52284-6-0-0.wav,gun_shot
/DATA_ROOT/Desktop/matcher/Datasets/Urban8k/audio/fold3/52357-6-0-0.wav,gun_shot
/DATA_ROOT/Desktop/matcher/Datasets/Urban8k/audio/fold9/52411-9-0-4.wav,street_music
/DATA_ROOT/Desktop/matcher/Datasets/Urban8k/audio/fold9/52411-9-0-52.wav,street_music
/DATA_ROOT/Desktop/matcher/Datasets/Urban8k/audio/fold9/52411-9-0-6.wav,street_music
/DATA_ROOT/Desktop/matcher/Datasets/Urban8k/audio/fold9/52411-9-0-64.wav,street_music
/DATA_ROOT/Desktop/matcher/Datasets/Urban8k/audio/fold9/52411-9-0-66.wav,street_music
/DATA_ROOT/Desktop/matcher/Datasets/Urban8k/audio/fold9/52411-9-0-79.wav,street_music
/DATA_ROOT/Desktop/matcher/Datasets/Urban8k/audio/fold6/52882-2-0-0.wav,children_playing
/DATA_ROOT/Desktop/matcher/Datasets/Urban8k/audio/fold6/52882-2-0-11.wav,children_playing
/DATA_ROOT/Desktop/matcher/Datasets/Urban8k/audio/fold6/52882-2-0-3.wav,children_playing
/DATA_ROOT/Desktop/matcher/Datasets/Urban8k/audio/fold6/52882-2-0-4.wav,children_playing
/DATA_ROOT/Desktop/matcher/Datasets/Urban8k/audio/fold6/52882-2-0-6.wav,children_playing
/DATA_ROOT/Desktop/matcher/Datasets/Urban8k/audio/fold6/52882-2-0-7.wav,children_playing
/DATA_ROOT/Desktop/matcher/Datasets/Urban8k/audio/fold6/52882-2-0-8.wav,children_playing
/DATA_ROOT/Desktop/matcher/Datasets/Urban8k/audio/fold3/54067-2-0-23.wav,children_playing
/DATA_ROOT/Desktop/matcher/Datasets/Urban8k/audio/fold3/54067-2-0-33.wav,children_playing
/DATA_ROOT/Desktop/matcher/Datasets/Urban8k/audio/fold3/54067-2-0-48.wav,children_playing
/DATA_ROOT/Desktop/matcher/Datasets/Urban8k/audio/fold3/54067-2-0-60.wav,children_playing
/DATA_ROOT/Desktop/matcher/Datasets/Urban8k/audio/fold3/54067-2-0-70.wav,children_playing
/DATA_ROOT/Desktop/matcher/Datasets/Urban8k/audio/fold3/54067-2-0-71.wav,children_playing
/DATA_ROOT/Desktop/matcher/Datasets/Urban8k/audio/fold3/54067-2-0-80.wav,children_playing
/DATA_ROOT/Desktop/matcher/Datasets/Urban8k/audio/fold4/54081-9-0-24.wav,street_music
/DATA_ROOT/Desktop/matcher/Datasets/Urban8k/audio/fold4/54081-9-0-47.wav,street_music
/DATA_ROOT/Desktop/matcher/Datasets/Urban8k/audio/fold4/54081-9-0-56.wav,street_music
/DATA_ROOT/Desktop/matcher/Datasets/Urban8k/audio/fold4/54081-9-0-87.wav,street_music
/DATA_ROOT/Desktop/matcher/Datasets/Urban8k/audio/fold4/54081-9-0-93.wav,street_music
/DATA_ROOT/Desktop/matcher/Datasets/Urban8k/audio/fold4/54173-2-0-18.wav,children_playing
/DATA_ROOT/Desktop/matcher/Datasets/Urban8k/audio/fold4/54173-2-0-2.wav,children_playing
/DATA_ROOT/Desktop/matcher/Datasets/Urban8k/audio/fold4/54173-2-0-21.wav,children_playing
/DATA_ROOT/Desktop/matcher/Datasets/Urban8k/audio/fold4/54173-2-0-26.wav,children_playing
/DATA_ROOT/Desktop/matcher/Datasets/Urban8k/audio/fold4/54173-2-0-28.wav,children_playing
/DATA_ROOT/Desktop/matcher/Datasets/Urban8k/audio/fold4/54173-2-0-4.wav,children_playing
/DATA_ROOT/Desktop/matcher/Datasets/Urban8k/audio/fold4/54173-2-0-5.wav,children_playing
/DATA_ROOT/Desktop/matcher/Datasets/Urban8k/audio/fold4/54173-2-0-9.wav,children_playing
/DATA_ROOT/Desktop/matcher/Datasets/Urban8k/audio/fold8/54383-0-0-0.wav,air_conditioner
/DATA_ROOT/Desktop/matcher/Datasets/Urban8k/audio/fold8/54383-0-0-1.wav,air_conditioner
/DATA_ROOT/Desktop/matcher/Datasets/Urban8k/audio/fold8/54383-0-0-10.wav,air_conditioner
/DATA_ROOT/Desktop/matcher/Datasets/Urban8k/audio/fold8/54383-0-0-11.wav,air_conditioner
/DATA_ROOT/Desktop/matcher/Datasets/Urban8k/audio/fold8/54383-0-0-2.wav,air_conditioner
/DATA_ROOT/Desktop/matcher/Datasets/Urban8k/audio/fold8/54383-0-0-3.wav,air_conditioner
/DATA_ROOT/Desktop/matcher/Datasets/Urban8k/audio/fold8/54383-0-0-4.wav,air_conditioner
/DATA_ROOT/Desktop/matcher/Datasets/Urban8k/audio/fold8/54383-0-0-5.wav,air_conditioner
/DATA_ROOT/Desktop/matcher/Datasets/Urban8k/audio/fold8/54383-0-0-6.wav,air_conditioner
/DATA_ROOT/Desktop/matcher/Datasets/Urban8k/audio/fold8/54383-0-0-7.wav,air_conditioner
/DATA_ROOT/Desktop/matcher/Datasets/Urban8k/audio/fold8/54383-0-0-8.wav,air_conditioner
/DATA_ROOT/Desktop/matcher/Datasets/Urban8k/audio/fold8/54383-0-0-9.wav,air_conditioner
/DATA_ROOT/Desktop/matcher/Datasets/Urban8k/audio/fold6/54697-7-0-0.wav,jackhammer
/DATA_ROOT/Desktop/matcher/Datasets/Urban8k/audio/fold6/54697-7-0-1.wav,jackhammer
/DATA_ROOT/Desktop/matcher/Datasets/Urban8k/audio/fold6/54697-7-0-2.wav,jackhammer
/DATA_ROOT/Desktop/matcher/Datasets/Urban8k/audio/fold6/54697-7-0-3.wav,jackhammer
/DATA_ROOT/Desktop/matcher/Datasets/Urban8k/audio/fold6/54697-7-0-4.wav,jackhammer
/DATA_ROOT/Desktop/matcher/Datasets/Urban8k/audio/fold8/54914-2-0-23.wav,children_playing
/DATA_ROOT/Desktop/matcher/Datasets/Urban8k/audio/fold8/54914-2-0-26.wav,children_playing
/DATA_ROOT/Desktop/matcher/Datasets/Urban8k/audio/fold8/54914-2-0-27.wav,children_playing
/DATA_ROOT/Desktop/matcher/Datasets/Urban8k/audio/fold8/54914-2-0-3.wav,children_playing
/DATA_ROOT/Desktop/matcher/Datasets/Urban8k/audio/fold8/54914-2-0-34.wav,children_playing
/DATA_ROOT/Desktop/matcher/Datasets/Urban8k/audio/fold8/54914-2-0-35.wav,children_playing
/DATA_ROOT/Desktop/matcher/Datasets/Urban8k/audio/fold8/54914-2-0-48.wav,children_playing
/DATA_ROOT/Desktop/matcher/Datasets/Urban8k/audio/fold9/54976-4-0-0.wav,drilling
/DATA_ROOT/Desktop/matcher/Datasets/Urban8k/audio/fold9/54976-4-0-1.wav,drilling
/DATA_ROOT/Desktop/matcher/Datasets/Urban8k/audio/fold9/54976-4-0-2.wav,drilling
/DATA_ROOT/Desktop/matcher/Datasets/Urban8k/audio/fold9/54976-4-0-3.wav,drilling
/DATA_ROOT/Desktop/matcher/Datasets/Urban8k/audio/fold9/54976-4-0-4.wav,drilling
/DATA_ROOT/Desktop/matcher/Datasets/Urban8k/audio/fold9/54976-4-0-5.wav,drilling
/DATA_ROOT/Desktop/matcher/Datasets/Urban8k/audio/fold9/54976-4-0-6.wav,drilling
/DATA_ROOT/Desktop/matcher/Datasets/Urban8k/audio/fold9/54976-4-0-7.wav,drilling
/DATA_ROOT/Desktop/matcher/Datasets/Urban8k/audio/fold9/54976-4-0-8.wav,drilling
/DATA_ROOT/Desktop/matcher/Datasets/Urban8k/audio/fold9/54976-4-0-9.wav,drilling
/DATA_ROOT/Desktop/matcher/Datasets/Urban8k/audio/fold9/54976-4-1-0.wav,drilling
/DATA_ROOT/Desktop/matcher/Datasets/Urban8k/audio/fold9/54976-4-1-1.wav,drilling
/DATA_ROOT/Desktop/matcher/Datasets/Urban8k/audio/fold9/54976-4-1-2.wav,drilling
/DATA_ROOT/Desktop/matcher/Datasets/Urban8k/audio/fold9/54976-4-1-3.wav,drilling
/DATA_ROOT/Desktop/matcher/Datasets/Urban8k/audio/fold4/55018-0-0-102.wav,air_conditioner
/DATA_ROOT/Desktop/matcher/Datasets/Urban8k/audio/fold4/55018-0-0-106.wav,air_conditioner
/DATA_ROOT/Desktop/matcher/Datasets/Urban8k/audio/fold4/55018-0-0-110.wav,air_conditioner
/DATA_ROOT/Desktop/matcher/Datasets/Urban8k/audio/fold4/55018-0-0-116.wav,air_conditioner
/DATA_ROOT/Desktop/matcher/Datasets/Urban8k/audio/fold4/55018-0-0-121.wav,air_conditioner
/DATA_ROOT/Desktop/matcher/Datasets/Urban8k/audio/fold4/55018-0-0-145.wav,air_conditioner
/DATA_ROOT/Desktop/matcher/Datasets/Urban8k/audio/fold4/55018-0-0-146.wav,air_conditioner
/DATA_ROOT/Desktop/matcher/Datasets/Urban8k/audio/fold4/55018-0-0-148.wav,air_conditioner
/DATA_ROOT/Desktop/matcher/Datasets/Urban8k/audio/fold4/55018-0-0-162.wav,air_conditioner
/DATA_ROOT/Desktop/matcher/Datasets/Urban8k/audio/fold4/55018-0-0-194.wav,air_conditioner
/DATA_ROOT/Desktop/matcher/Datasets/Urban8k/audio/fold4/55018-0-0-2.wav,air_conditioner
/DATA_ROOT/Desktop/matcher/Datasets/Urban8k/audio/fold4/55018-0-0-209.wav,air_conditioner
/DATA_ROOT/Desktop/matcher/Datasets/Urban8k/audio/fold4/55018-0-0-246.wav,air_conditioner
/DATA_ROOT/Desktop/matcher/Datasets/Urban8k/audio/fold4/55018-0-0-248.wav,air_conditioner
/DATA_ROOT/Desktop/matcher/Datasets/Urban8k/audio/fold4/55018-0-0-26.wav,air_conditioner
/DATA_ROOT/Desktop/matcher/Datasets/Urban8k/audio/fold4/55018-0-0-37.wav,air_conditioner
/DATA_ROOT/Desktop/matcher/Datasets/Urban8k/audio/fold4/55018-0-0-44.wav,air_conditioner
/DATA_ROOT/Desktop/matcher/Datasets/Urban8k/audio/fold4/55018-0-0-49.wav,air_conditioner
/DATA_ROOT/Desktop/matcher/Datasets/Urban8k/audio/fold4/55018-0-0-8.wav,air_conditioner
/DATA_ROOT/Desktop/matcher/Datasets/Urban8k/audio/fold4/55018-0-0-84.wav,air_conditioner
/DATA_ROOT/Desktop/matcher/Datasets/Urban8k/audio/fold4/55018-0-0-87.wav,air_conditioner
/DATA_ROOT/Desktop/matcher/Datasets/Urban8k/audio/fold4/55018-0-0-92.wav,air_conditioner
/DATA_ROOT/Desktop/matcher/Datasets/Urban8k/audio/fold4/55018-0-0-93.wav,air_conditioner
/DATA_ROOT/Desktop/matcher/Datasets/Urban8k/audio/fold1/55020-4-0-0.wav,drilling
/DATA_ROOT/Desktop/matcher/Datasets/Urban8k/audio/fold1/55020-4-0-1.wav,drilling
/DATA_ROOT/Desktop/matcher/Datasets/Urban8k/audio/fold1/55020-4-0-10.wav,drilling
/DATA_ROOT/Desktop/matcher/Datasets/Urban8k/audio/fold1/55020-4-0-11.wav,drilling
/DATA_ROOT/Desktop/matcher/Datasets/Urban8k/audio/fold1/55020-4-0-12.wav,drilling
/DATA_ROOT/Desktop/matcher/Datasets/Urban8k/audio/fold1/55020-4-0-13.wav,drilling
/DATA_ROOT/Desktop/matcher/Datasets/Urban8k/audio/fold1/55020-4-0-14.wav,drilling
/DATA_ROOT/Desktop/matcher/Datasets/Urban8k/audio/fold1/55020-4-0-2.wav,drilling
/DATA_ROOT/Desktop/matcher/Datasets/Urban8k/audio/fold1/55020-4-0-3.wav,drilling
/DATA_ROOT/Desktop/matcher/Datasets/Urban8k/audio/fold1/55020-4-0-4.wav,drilling
/DATA_ROOT/Desktop/matcher/Datasets/Urban8k/audio/fold1/55020-4-0-5.wav,drilling
/DATA_ROOT/Desktop/matcher/Datasets/Urban8k/audio/fold1/55020-4-0-6.wav,drilling
/DATA_ROOT/Desktop/matcher/Datasets/Urban8k/audio/fold1/55020-4-0-7.wav,drilling
/DATA_ROOT/Desktop/matcher/Datasets/Urban8k/audio/fold1/55020-4-0-8.wav,drilling
/DATA_ROOT/Desktop/matcher/Datasets/Urban8k/audio/fold1/55020-4-0-9.wav,drilling
/DATA_ROOT/Desktop/matcher/Datasets/Urban8k/audio/fold4/55728-9-0-14.wav,street_music
/DATA_ROOT/Desktop/matcher/Datasets/Urban8k/audio/fold4/55728-9-0-28.wav,street_music
/DATA_ROOT/Desktop/matcher/Datasets/Urban8k/audio/fold4/55728-9-0-30.wav,street_music
/DATA_ROOT/Desktop/matcher/Datasets/Urban8k/audio/fold4/55728-9-0-34.wav,street_music
/DATA_ROOT/Desktop/matcher/Datasets/Urban8k/audio/fold4/55728-9-0-67.wav,street_music
/DATA_ROOT/Desktop/matcher/Datasets/Urban8k/audio/fold4/55728-9-0-8.wav,street_music
/DATA_ROOT/Desktop/matcher/Datasets/Urban8k/audio/fold2/56385-0-0-0.wav,air_conditioner
/DATA_ROOT/Desktop/matcher/Datasets/Urban8k/audio/fold2/56385-0-0-1.wav,air_conditioner
/DATA_ROOT/Desktop/matcher/Datasets/Urban8k/audio/fold2/56385-0-0-2.wav,air_conditioner
/DATA_ROOT/Desktop/matcher/Datasets/Urban8k/audio/fold1/57320-0-0-0.wav,air_conditioner
/DATA_ROOT/Desktop/matcher/Datasets/Urban8k/audio/fold1/57320-0-0-10.wav,air_conditioner
/DATA_ROOT/Desktop/matcher/Datasets/Urban8k/audio/fold1/57320-0-0-11.wav,air_conditioner
/DATA_ROOT/Desktop/matcher/Datasets/Urban8k/audio/fold1/57320-0-0-13.wav,air_conditioner
/DATA_ROOT/Desktop/matcher/Datasets/Urban8k/audio/fold1/57320-0-0-15.wav,air_conditioner
/DATA_ROOT/Desktop/matcher/Datasets/Urban8k/audio/fold1/57320-0-0-21.wav,air_conditioner
/DATA_ROOT/Desktop/matcher/Datasets/Urban8k/audio/fold1/57320-0-0-22.wav,air_conditioner
/DATA_ROOT/Desktop/matcher/Datasets/Urban8k/audio/fold1/57320-0-0-24.wav,air_conditioner
/DATA_ROOT/Desktop/matcher/Datasets/Urban8k/audio/fold1/57320-0-0-27.wav,air_conditioner
/DATA_ROOT/Desktop/matcher/Datasets/Urban8k/audio/fold1/57320-0-0-31.wav,air_conditioner
/DATA_ROOT/Desktop/matcher/Datasets/Urban8k/audio/fold1/57320-0-0-32.wav,air_conditioner
/DATA_ROOT/Desktop/matcher/Datasets/Urban8k/audio/fold1/57320-0-0-33.wav,air_conditioner
/DATA_ROOT/Desktop/matcher/Datasets/Urban8k/audio/fold1/57320-0-0-34.wav,air_conditioner
/DATA_ROOT/Desktop/matcher/Datasets/Urban8k/audio/fold1/57320-0-0-36.wav,air_conditioner
/DATA_ROOT/Desktop/matcher/Datasets/Urban8k/audio/fold1/57320-0-0-37.wav,air_conditioner
/DATA_ROOT/Desktop/matcher/Datasets/Urban8k/audio/fold1/57320-0-0-38.wav,air_conditioner
/DATA_ROOT/Desktop/matcher/Datasets/Urban8k/audio/fold1/57320-0-0-39.wav,air_conditioner
/DATA_ROOT/Desktop/matcher/Datasets/Urban8k/audio/fold1/57320-0-0-4.wav,air_conditioner
/DATA_ROOT/Desktop/matcher/Datasets/Urban8k/audio/fold1/57320-0-0-42.wav,air_conditioner
/DATA_ROOT/Desktop/matcher/Datasets/Urban8k/audio/fold1/57320-0-0-45.wav,air_conditioner
/DATA_ROOT/Desktop/matcher/Datasets/Urban8k/audio/fold1/57320-0-0-5.wav,air_conditioner
/DATA_ROOT/Desktop/matcher/Datasets/Urban8k/audio/fold1/57320-0-0-6.wav,air_conditioner
/DATA_ROOT/Desktop/matcher/Datasets/Urban8k/audio/fold1/57320-0-0-7.wav,air_conditioner
/DATA_ROOT/Desktop/matcher/Datasets/Urban8k/audio/fold1/57320-0-0-9.wav,air_conditioner
/DATA_ROOT/Desktop/matcher/Datasets/Urban8k/audio/fold1/57584-4-0-0.wav,drilling
/DATA_ROOT/Desktop/matcher/Datasets/Urban8k/audio/fold1/57584-4-0-1.wav,drilling
/DATA_ROOT/Desktop/matcher/Datasets/Urban8k/audio/fold1/57584-4-0-2.wav,drilling
/DATA_ROOT/Desktop/matcher/Datasets/Urban8k/audio/fold1/57584-4-0-3.wav,drilling
/DATA_ROOT/Desktop/matcher/Datasets/Urban8k/audio/fold1/57584-4-0-4.wav,drilling
/DATA_ROOT/Desktop/matcher/Datasets/Urban8k/audio/fold1/57584-4-0-5.wav,drilling
/DATA_ROOT/Desktop/matcher/Datasets/Urban8k/audio/fold1/57584-4-0-6.wav,drilling
/DATA_ROOT/Desktop/matcher/Datasets/Urban8k/audio/fold1/57584-4-0-7.wav,drilling
/DATA_ROOT/Desktop/matcher/Datasets/Urban8k/audio/fold1/57584-4-0-8.wav,drilling
/DATA_ROOT/Desktop/matcher/Datasets/Urban8k/audio/fold7/57696-4-0-0.wav,drilling
/DATA_ROOT/Desktop/matcher/Datasets/Urban8k/audio/fold7/57696-4-0-1.wav,drilling
/DATA_ROOT/Desktop/matcher/Datasets/Urban8k/audio/fold7/57696-4-0-2.wav,drilling
/DATA_ROOT/Desktop/matcher/Datasets/Urban8k/audio/fold7/57696-4-0-3.wav,drilling
/DATA_ROOT/Desktop/matcher/Datasets/Urban8k/audio/fold7/57696-4-0-4.wav,drilling
/DATA_ROOT/Desktop/matcher/Datasets/Urban8k/audio/fold7/57696-4-0-5.wav,drilling
/DATA_ROOT/Desktop/matcher/Datasets/Urban8k/audio/fold6/58005-4-0-13.wav,drilling
/DATA_ROOT/Desktop/matcher/Datasets/Urban8k/audio/fold6/58005-4-0-17.wav,drilling
/DATA_ROOT/Desktop/matcher/Datasets/Urban8k/audio/fold6/58005-4-0-23.wav,drilling
/DATA_ROOT/Desktop/matcher/Datasets/Urban8k/audio/fold6/58005-4-0-24.wav,drilling
/DATA_ROOT/Desktop/matcher/Datasets/Urban8k/audio/fold6/58005-4-0-26.wav,drilling
/DATA_ROOT/Desktop/matcher/Datasets/Urban8k/audio/fold6/58005-4-0-30.wav,drilling
/DATA_ROOT/Desktop/matcher/Datasets/Urban8k/audio/fold6/58005-4-0-32.wav,drilling
/DATA_ROOT/Desktop/matcher/Datasets/Urban8k/audio/fold6/58005-4-0-34.wav,drilling
/DATA_ROOT/Desktop/matcher/Datasets/Urban8k/audio/fold6/58005-4-0-40.wav,drilling
/DATA_ROOT/Desktop/matcher/Datasets/Urban8k/audio/fold6/58005-4-0-41.wav,drilling
/DATA_ROOT/Desktop/matcher/Datasets/Urban8k/audio/fold6/58005-4-0-44.wav,drilling
/DATA_ROOT/Desktop/matcher/Datasets/Urban8k/audio/fold6/58005-4-0-45.wav,drilling
/DATA_ROOT/Desktop/matcher/Datasets/Urban8k/audio/fold6/58005-4-0-51.wav,drilling
/DATA_ROOT/Desktop/matcher/Datasets/Urban8k/audio/fold6/58005-4-0-55.wav,drilling
/DATA_ROOT/Desktop/matcher/Datasets/Urban8k/audio/fold6/58005-4-0-63.wav,drilling
/DATA_ROOT/Desktop/matcher/Datasets/Urban8k/audio/fold6/58005-4-0-68.wav,drilling
/DATA_ROOT/Desktop/matcher/Datasets/Urban8k/audio/fold6/58005-4-0-70.wav,drilling
/DATA_ROOT/Desktop/matcher/Datasets/Urban8k/audio/fold6/58005-4-0-76.wav,drilling
/DATA_ROOT/Desktop/matcher/Datasets/Urban8k/audio/fold3/58806-0-0-0.wav,air_conditioner
/DATA_ROOT/Desktop/matcher/Datasets/Urban8k/audio/fold3/58857-2-0-10.wav,children_playing
/DATA_ROOT/Desktop/matcher/Datasets/Urban8k/audio/fold3/58857-2-0-12.wav,children_playing
/DATA_ROOT/Desktop/matcher/Datasets/Urban8k/audio/fold3/58857-2-0-13.wav,children_playing
/DATA_ROOT/Desktop/matcher/Datasets/Urban8k/audio/fold3/58857-2-0-14.wav,children_playing
/DATA_ROOT/Desktop/matcher/Datasets/Urban8k/audio/fold3/58857-2-0-16.wav,children_playing
/DATA_ROOT/Desktop/matcher/Datasets/Urban8k/audio/fold3/58857-2-0-25.wav,children_playing
/DATA_ROOT/Desktop/matcher/Datasets/Urban8k/audio/fold3/58857-2-0-7.wav,children_playing
/DATA_ROOT/Desktop/matcher/Datasets/Urban8k/audio/fold3/58857-2-0-8.wav,children_playing
/DATA_ROOT/Desktop/matcher/Datasets/Urban8k/audio/fold9/58937-4-0-0.wav,drilling
/DATA_ROOT/Desktop/matcher/Datasets/Urban8k/audio/fold9/58937-4-0-12.wav,drilling
/DATA_ROOT/Desktop/matcher/Datasets/Urban8k/audio/fold9/58937-4-0-13.wav,drilling
/DATA_ROOT/Desktop/matcher/Datasets/Urban8k/audio/fold9/58937-4-0-2.wav,drilling
/DATA_ROOT/Desktop/matcher/Datasets/Urban8k/audio/fold9/58937-4-0-4.wav,drilling
/DATA_ROOT/Desktop/matcher/Datasets/Urban8k/audio/fold9/58937-4-0-7.wav,drilling
/DATA_ROOT/Desktop/matcher/Datasets/Urban8k/audio/fold9/58937-4-1-0.wav,drilling
/DATA_ROOT/Desktop/matcher/Datasets/Urban8k/audio/fold9/58937-4-1-1.wav,drilling
/DATA_ROOT/Desktop/matcher/Datasets/Urban8k/audio/fold9/58937-4-2-10.wav,drilling
/DATA_ROOT/Desktop/matcher/Datasets/Urban8k/audio/fold9/58937-4-2-2.wav,drilling
/DATA_ROOT/Desktop/matcher/Datasets/Urban8k/audio/fold9/58937-4-2-9.wav,drilling
/DATA_ROOT/Desktop/matcher/Datasets/Urban8k/audio/fold9/58937-4-3-6.wav,drilling
/DATA_ROOT/Desktop/matcher/Datasets/Urban8k/audio/fold9/58937-4-3-9.wav,drilling
/DATA_ROOT/Desktop/matcher/Datasets/Urban8k/audio/fold9/58937-4-4-1.wav,drilling
/DATA_ROOT/Desktop/matcher/Datasets/Urban8k/audio/fold9/58937-4-5-2.wav,drilling
/DATA_ROOT/Desktop/matcher/Datasets/Urban8k/audio/fold9/58937-4-5-4.wav,drilling
/DATA_ROOT/Desktop/matcher/Datasets/Urban8k/audio/fold9/59037-2-0-6.wav,children_playing
/DATA_ROOT/Desktop/matcher/Datasets/Urban8k/audio/fold9/59037-2-1-2.wav,children_playing
/DATA_ROOT/Desktop/matcher/Datasets/Urban8k/audio/fold9/59037-2-1-3.wav,children_playing
/DATA_ROOT/Desktop/matcher/Datasets/Urban8k/audio/fold9/59037-2-2-0.wav,children_playing
/DATA_ROOT/Desktop/matcher/Datasets/Urban8k/audio/fold9/59037-2-3-0.wav,children_playing
/DATA_ROOT/Desktop/matcher/Datasets/Urban8k/audio/fold9/59037-2-4-3.wav,children_playing
/DATA_ROOT/Desktop/matcher/Datasets/Urban8k/audio/fold9/59037-2-4-5.wav,children_playing
/DATA_ROOT/Desktop/matcher/Datasets/Urban8k/audio/fold9/59037-2-4-8.wav,children_playing
/DATA_ROOT/Desktop/matcher/Datasets/Urban8k/audio/fold1/59277-0-0-0.wav,air_conditioner
/DATA_ROOT/Desktop/matcher/Datasets/Urban8k/audio/fold1/59277-0-0-1.wav,air_conditioner
/DATA_ROOT/Desktop/matcher/Datasets/Urban8k/audio/fold1/59277-0-0-2.wav,air_conditioner
/DATA_ROOT/Desktop/matcher/Datasets/Urban8k/audio/fold1/59277-0-0-3.wav,air_conditioner
/DATA_ROOT/Desktop/matcher/Datasets/Urban8k/audio/fold1/59277-0-0-4.wav,air_conditioner
/DATA_ROOT/Desktop/matcher/Datasets/Urban8k/audio/fold1/59277-0-0-5.wav,air_conditioner
/DATA_ROOT/Desktop/matcher/Datasets/Urban8k/audio/fold1/59277-0-0-6.wav,air_conditioner
/DATA_ROOT/Desktop/matcher/Datasets/Urban8k/audio/fold1/59277-0-0-7.wav,air_conditioner
/DATA_ROOT/Desktop/matcher/Datasets/Urban8k/audio/fold2/59594-4-0-0.wav,drilling
/DATA_ROOT/Desktop/matcher/Datasets/Urban8k/audio/fold2/59594-4-0-1.wav,drilling
/DATA_ROOT/Desktop/matcher/Datasets/Urban8k/audio/fold2/59594-4-0-2.wav,drilling
/DATA_ROOT/Desktop/matcher/Datasets/Urban8k/audio/fold2/59594-4-0-3.wav,drilling
/DATA_ROOT/Desktop/matcher/Datasets/Urban8k/audio/fold2/59594-4-0-4.wav,drilling
/DATA_ROOT/Desktop/matcher/Datasets/Urban8k/audio/fold8/59595-4-0-0.wav,drilling
/DATA_ROOT/Desktop/matcher/Datasets/Urban8k/audio/fold8/59595-4-0-1.wav,drilling
/DATA_ROOT/Desktop/matcher/Datasets/Urban8k/audio/fold2/60591-2-0-11.wav,children_playing
/DATA_ROOT/Desktop/matcher/Datasets/Urban8k/audio/fold2/60591-2-0-12.wav,children_playing
/DATA_ROOT/Desktop/matcher/Datasets/Urban8k/audio/fold2/60591-2-0-15.wav,children_playing
/DATA_ROOT/Desktop/matcher/Datasets/Urban8k/audio/fold2/60591-2-0-16.wav,children_playing
/DATA_ROOT/Desktop/matcher/Datasets/Urban8k/audio/fold2/60591-2-0-2.wav,children_playing
/DATA_ROOT/Desktop/matcher/Datasets/Urban8k/audio/fold2/60591-2-0-4.wav,children_playing
/DATA_ROOT/Desktop/matcher/Datasets/Urban8k/audio/fold2/60591-2-0-7.wav,children_playing
/DATA_ROOT/Desktop/matcher/Datasets/Urban8k/audio/fold2/60591-2-0-8.wav,children_playing
/DATA_ROOT/Desktop/matcher/Datasets/Urban8k/audio/fold2/60605-9-0-34.wav,street_music
/DATA_ROOT/Desktop/matcher/Datasets/Urban8k/audio/fold2/60605-9-0-52.wav,street_music
/DATA_ROOT/Desktop/matcher/Datasets/Urban8k/audio/fold2/60605-9-0-64.wav,street_music
/DATA_ROOT/Desktop/matcher/Datasets/Urban8k/audio/fold2/60605-9-0-73.wav,street_music
/DATA_ROOT/Desktop/matcher/Datasets/Urban8k/audio/fold2/60605-9-0-90.wav,street_music
/DATA_ROOT/Desktop/matcher/Datasets/Urban8k/audio/fold2/60605-9-0-95.wav,street_music
/DATA_ROOT/Desktop/matcher/Datasets/Urban8k/audio/fold4/60608-9-0-0.wav,street_music
/DATA_ROOT/Desktop/matcher/Datasets/Urban8k/audio/fold4/60608-9-0-1.wav,street_music
/DATA_ROOT/Desktop/matcher/Datasets/Urban8k/audio/fold4/60608-9-0-2.wav,street_music
/DATA_ROOT/Desktop/matcher/Datasets/Urban8k/audio/fold4/60608-9-0-3.wav,street_music
/DATA_ROOT/Desktop/matcher/Datasets/Urban8k/audio/fold4/60608-9-0-4.wav,street_music
/DATA_ROOT/Desktop/matcher/Datasets/Urban8k/audio/fold4/60608-9-0-5.wav,street_music
/DATA_ROOT/Desktop/matcher/Datasets/Urban8k/audio/fold5/60846-0-0-0.wav,air_conditioner
/DATA_ROOT/Desktop/matcher/Datasets/Urban8k/audio/fold5/60846-0-0-1.wav,air_conditioner
/DATA_ROOT/Desktop/matcher/Datasets/Urban8k/audio/fold5/60846-0-0-2.wav,air_conditioner
/DATA_ROOT/Desktop/matcher/Datasets/Urban8k/audio/fold5/60846-0-0-3.wav,air_conditioner
/DATA_ROOT/Desktop/matcher/Datasets/Urban8k/audio/fold9/60935-2-0-0.wav,children_playing
/DATA_ROOT/Desktop/matcher/Datasets/Urban8k/audio/fold9/60935-2-0-11.wav,children_playing
/DATA_ROOT/Desktop/matcher/Datasets/Urban8k/audio/fold9/60935-2-0-12.wav,children_playing
/DATA_ROOT/Desktop/matcher/Datasets/Urban8k/audio/fold9/60935-2-0-13.wav,children_playing
/DATA_ROOT/Desktop/matcher/Datasets/Urban8k/audio/fold9/60935-2-0-14.wav,children_playing
/DATA_ROOT/Desktop/matcher/Datasets/Urban8k/audio/fold9/60935-2-0-15.wav,children_playing
/DATA_ROOT/Desktop/matcher/Datasets/Urban8k/audio/fold9/60935-2-0-4.wav,children_playing
/DATA_ROOT/Desktop/matcher/Datasets/Urban8k/audio/fold9/60935-2-0-9.wav,children_playing
/DATA_ROOT/Desktop/matcher/Datasets/Urban8k/audio/fold7/61503-2-0-0.wav,children_playing
/DATA_ROOT/Desktop/matcher/Datasets/Urban8k/audio/fold7/61503-2-0-2.wav,children_playing
/DATA_ROOT/Desktop/matcher/Datasets/Urban8k/audio/fold7/61503-2-0-3.wav,children_playing
/DATA_ROOT/Desktop/matcher/Datasets/Urban8k/audio/fold7/61503-2-0-5.wav,children_playing
/DATA_ROOT/Desktop/matcher/Datasets/Urban8k/audio/fold7/61503-2-0-6.wav,children_playing
/DATA_ROOT/Desktop/matcher/Datasets/Urban8k/audio/fold7/61503-2-0-7.wav,children_playing
/DATA_ROOT/Desktop/matcher/Datasets/Urban8k/audio/fold7/61503-2-0-8.wav,children_playing
/DATA_ROOT/Desktop/matcher/Datasets/Urban8k/audio/fold7/61503-2-0-9.wav,children_playing
/DATA_ROOT/Desktop/matcher/Datasets/Urban8k/audio/fold4/61626-9-0-10.wav,street_music
/DATA_ROOT/Desktop/matcher/Datasets/Urban8k/audio/fold4/61626-9-0-12.wav,street_music
/DATA_ROOT/Desktop/matcher/Datasets/Urban8k/audio/fold4/61626-9-0-2.wav,street_music
/DATA_ROOT/Desktop/matcher/Datasets/Urban8k/audio/fold4/61626-9-0-3.wav,street_music
/DATA_ROOT/Desktop/matcher/Datasets/Urban8k/audio/fold4/61626-9-0-6.wav,street_music
/DATA_ROOT/Desktop/matcher/Datasets/Urban8k/audio/fold4/61626-9-0-7.wav,street_music
/DATA_ROOT/Desktop/matcher/Datasets/Urban8k/audio/fold7/61789-9-0-10.wav,street_music
/DATA_ROOT/Desktop/matcher/Datasets/Urban8k/audio/fold7/61789-9-0-12.wav,street_music
/DATA_ROOT/Desktop/matcher/Datasets/Urban8k/audio/fold7/61789-9-0-14.wav,street_music
/DATA_ROOT/Desktop/matcher/Datasets/Urban8k/audio/fold7/61789-9-0-16.wav,street_music
/DATA_ROOT/Desktop/matcher/Datasets/Urban8k/audio/fold7/61789-9-0-26.wav,street_music
/DATA_ROOT/Desktop/matcher/Datasets/Urban8k/audio/fold7/61789-9-0-65.wav,street_music
/DATA_ROOT/Desktop/matcher/Datasets/Urban8k/audio/fold7/61789-9-0-69.wav,street_music
/DATA_ROOT/Desktop/matcher/Datasets/Urban8k/audio/fold4/61790-9-0-10.wav,street_music
/DATA_ROOT/Desktop/matcher/Datasets/Urban8k/audio/fold4/61790-9-0-15.wav,street_music
/DATA_ROOT/Desktop/matcher/Datasets/Urban8k/audio/fold4/61790-9-0-16.wav,street_music
/DATA_ROOT/Desktop/matcher/Datasets/Urban8k/audio/fold4/61790-9-0-20.wav,street_music
/DATA_ROOT/Desktop/matcher/Datasets/Urban8k/audio/fold4/61790-9-1-1.wav,street_music
/DATA_ROOT/Desktop/matcher/Datasets/Urban8k/audio/fold4/61790-9-1-20.wav,street_music
/DATA_ROOT/Desktop/matcher/Datasets/Urban8k/audio/fold3/61791-9-1-1.wav,street_music
/DATA_ROOT/Desktop/matcher/Datasets/Urban8k/audio/fold3/61791-9-1-40.wav,street_music
/DATA_ROOT/Desktop/matcher/Datasets/Urban8k/audio/fold3/61791-9-1-41.wav,street_music
/DATA_ROOT/Desktop/matcher/Datasets/Urban8k/audio/fold3/61791-9-1-42.wav,street_music
/DATA_ROOT/Desktop/matcher/Datasets/Urban8k/audio/fold3/61791-9-1-44.wav,street_music
/DATA_ROOT/Desktop/matcher/Datasets/Urban8k/audio/fold3/61791-9-1-46.wav,street_music
/DATA_ROOT/Desktop/matcher/Datasets/Urban8k/audio/fold4/62461-0-0-0.wav,air_conditioner
/DATA_ROOT/Desktop/matcher/Datasets/Urban8k/audio/fold4/62461-0-0-1.wav,air_conditioner
/DATA_ROOT/Desktop/matcher/Datasets/Urban8k/audio/fold4/62461-0-0-2.wav,air_conditioner
/DATA_ROOT/Desktop/matcher/Datasets/Urban8k/audio/fold4/62461-0-0-3.wav,air_conditioner
/DATA_ROOT/Desktop/matcher/Datasets/Urban8k/audio/fold6/62564-5-0-0.wav,engine+engine_idling
/DATA_ROOT/Desktop/matcher/Datasets/Urban8k/audio/fold6/62564-5-0-1.wav,engine+engine_idling
/DATA_ROOT/Desktop/matcher/Datasets/Urban8k/audio/fold6/62564-5-0-10.wav,engine+engine_idling
/DATA_ROOT/Desktop/matcher/Datasets/Urban8k/audio/fold6/62564-5-0-2.wav,engine+engine_idling
/DATA_ROOT/Desktop/matcher/Datasets/Urban8k/audio/fold6/62564-5-0-3.wav,engine+engine_idling
/DATA_ROOT/Desktop/matcher/Datasets/Urban8k/audio/fold6/62564-5-0-4.wav,engine+engine_idling
/DATA_ROOT/Desktop/matcher/Datasets/Urban8k/audio/fold6/62564-5-0-5.wav,engine+engine_idling
/DATA_ROOT/Desktop/matcher/Datasets/Urban8k/audio/fold6/62564-5-0-6.wav,engine+engine_idling
/DATA_ROOT/Desktop/matcher/Datasets/Urban8k/audio/fold6/62564-5-0-7.wav,engine+engine_idling
/DATA_ROOT/Desktop/matcher/Datasets/Urban8k/audio/fold6/62564-5-0-8.wav,engine+engine_idling
/DATA_ROOT/Desktop/matcher/Datasets/Urban8k/audio/fold6/62564-5-0-9.wav,engine+engine_idling
/DATA_ROOT/Desktop/matcher/Datasets/Urban8k/audio/fold5/62566-5-0-0.wav,engine+engine_idling
/DATA_ROOT/Desktop/matcher/Datasets/Urban8k/audio/fold5/62566-5-0-1.wav,engine+engine_idling
/DATA_ROOT/Desktop/matcher/Datasets/Urban8k/audio/fold5/62566-5-0-2.wav,engine+engine_idling
/DATA_ROOT/Desktop/matcher/Datasets/Urban8k/audio/fold5/62566-5-0-3.wav,engine+engine_idling
/DATA_ROOT/Desktop/matcher/Datasets/Urban8k/audio/fold5/62566-5-0-4.wav,engine+engine_idling
/DATA_ROOT/Desktop/matcher/Datasets/Urban8k/audio/fold5/62566-5-0-5.wav,engine+engine_idling
/DATA_ROOT/Desktop/matcher/Datasets/Urban8k/audio/fold5/62566-5-0-6.wav,engine+engine_idling
/DATA_ROOT/Desktop/matcher/Datasets/Urban8k/audio/fold5/62566-5-0-7.wav,engine+engine_idling
/DATA_ROOT/Desktop/matcher/Datasets/Urban8k/audio/fold5/62566-5-1-0.wav,engine+engine_idling
/DATA_ROOT/Desktop/matcher/Datasets/Urban8k/audio/fold5/62566-5-1-1.wav,engine+engine_idling
/DATA_ROOT/Desktop/matcher/Datasets/Urban8k/audio/fold5/62566-5-2-0.wav,engine+engine_idling
/DATA_ROOT/Desktop/matcher/Datasets/Urban8k/audio/fold9/62567-5-0-0.wav,engine+engine_idling
/DATA_ROOT/Desktop/matcher/Datasets/Urban8k/audio/fold9/62567-5-0-1.wav,engine+engine_idling
/DATA_ROOT/Desktop/matcher/Datasets/Urban8k/audio/fold9/62567-5-0-10.wav,engine+engine_idling
/DATA_ROOT/Desktop/matcher/Datasets/Urban8k/audio/fold9/62567-5-0-2.wav,engine+engine_idling
/DATA_ROOT/Desktop/matcher/Datasets/Urban8k/audio/fold9/62567-5-0-3.wav,engine+engine_idling
/DATA_ROOT/Desktop/matcher/Datasets/Urban8k/audio/fold9/62567-5-0-4.wav,engine+engine_idling
/DATA_ROOT/Desktop/matcher/Datasets/Urban8k/audio/fold9/62567-5-0-5.wav,engine+engine_idling
/DATA_ROOT/Desktop/matcher/Datasets/Urban8k/audio/fold9/62567-5-0-6.wav,engine+engine_idling
/DATA_ROOT/Desktop/matcher/Datasets/Urban8k/audio/fold9/62567-5-0-7.wav,engine+engine_idling
/DATA_ROOT/Desktop/matcher/Datasets/Urban8k/audio/fold9/62567-5-0-8.wav,engine+engine_idling
/DATA_ROOT/Desktop/matcher/Datasets/Urban8k/audio/fold9/62567-5-0-9.wav,engine+engine_idling
/DATA_ROOT/Desktop/matcher/Datasets/Urban8k/audio/fold9/62567-5-1-0.wav,engine+engine_idling
/DATA_ROOT/Desktop/matcher/Datasets/Urban8k/audio/fold9/62567-5-1-1.wav,engine+engine_idling
/DATA_ROOT/Desktop/matcher/Datasets/Urban8k/audio/fold3/62837-7-0-12.wav,jackhammer
/DATA_ROOT/Desktop/matcher/Datasets/Urban8k/audio/fold3/62837-7-0-15.wav,jackhammer
/DATA_ROOT/Desktop/matcher/Datasets/Urban8k/audio/fold3/62837-7-0-16.wav,jackhammer
/DATA_ROOT/Desktop/matcher/Datasets/Urban8k/audio/fold3/62837-7-0-17.wav,jackhammer
/DATA_ROOT/Desktop/matcher/Datasets/Urban8k/audio/fold3/62837-7-0-18.wav,jackhammer
/DATA_ROOT/Desktop/matcher/Datasets/Urban8k/audio/fold3/62837-7-0-2.wav,jackhammer
/DATA_ROOT/Desktop/matcher/Datasets/Urban8k/audio/fold3/62837-7-0-20.wav,jackhammer
/DATA_ROOT/Desktop/matcher/Datasets/Urban8k/audio/fold3/62837-7-0-21.wav,jackhammer
/DATA_ROOT/Desktop/matcher/Datasets/Urban8k/audio/fold3/62837-7-0-22.wav,jackhammer
/DATA_ROOT/Desktop/matcher/Datasets/Urban8k/audio/fold3/62837-7-0-24.wav,jackhammer
/DATA_ROOT/Desktop/matcher/Datasets/Urban8k/audio/fold3/62837-7-0-27.wav,jackhammer
/DATA_ROOT/Desktop/matcher/Datasets/Urban8k/audio/fold3/62837-7-0-28.wav,jackhammer
/DATA_ROOT/Desktop/matcher/Datasets/Urban8k/audio/fold3/62837-7-0-3.wav,jackhammer
/DATA_ROOT/Desktop/matcher/Datasets/Urban8k/audio/fold3/62837-7-0-30.wav,jackhammer
/DATA_ROOT/Desktop/matcher/Datasets/Urban8k/audio/fold3/62837-7-0-31.wav,jackhammer
/DATA_ROOT/Desktop/matcher/Datasets/Urban8k/audio/fold3/62837-7-0-34.wav,jackhammer
/DATA_ROOT/Desktop/matcher/Datasets/Urban8k/audio/fold3/62837-7-0-37.wav,jackhammer
/DATA_ROOT/Desktop/matcher/Datasets/Urban8k/audio/fold3/62837-7-0-4.wav,jackhammer
/DATA_ROOT/Desktop/matcher/Datasets/Urban8k/audio/fold3/62837-7-0-7.wav,jackhammer
/DATA_ROOT/Desktop/matcher/Datasets/Urban8k/audio/fold3/62837-7-0-8.wav,jackhammer
/DATA_ROOT/Desktop/matcher/Datasets/Urban8k/audio/fold3/62837-7-0-9.wav,jackhammer
/DATA_ROOT/Desktop/matcher/Datasets/Urban8k/audio/fold3/62837-7-1-1.wav,jackhammer
/DATA_ROOT/Desktop/matcher/Datasets/Urban8k/audio/fold3/62837-7-1-11.wav,jackhammer
/DATA_ROOT/Desktop/matcher/Datasets/Urban8k/audio/fold3/62837-7-1-14.wav,jackhammer
/DATA_ROOT/Desktop/matcher/Datasets/Urban8k/audio/fold3/62837-7-1-15.wav,jackhammer
/DATA_ROOT/Desktop/matcher/Datasets/Urban8k/audio/fold3/62837-7-1-18.wav,jackhammer
/DATA_ROOT/Desktop/matcher/Datasets/Urban8k/audio/fold3/62837-7-1-2.wav,jackhammer
/DATA_ROOT/Desktop/matcher/Datasets/Urban8k/audio/fold3/62837-7-1-21.wav,jackhammer
/DATA_ROOT/Desktop/matcher/Datasets/Urban8k/audio/fold3/62837-7-1-22.wav,jackhammer
/DATA_ROOT/Desktop/matcher/Datasets/Urban8k/audio/fold3/62837-7-1-24.wav,jackhammer
/DATA_ROOT/Desktop/matcher/Datasets/Urban8k/audio/fold3/62837-7-1-26.wav,jackhammer
/DATA_ROOT/Desktop/matcher/Datasets/Urban8k/audio/fold3/62837-7-1-27.wav,jackhammer
/DATA_ROOT/Desktop/matcher/Datasets/Urban8k/audio/fold3/62837-7-1-28.wav,jackhammer
/DATA_ROOT/Desktop/matcher/Datasets/Urban8k/audio/fold3/62837-7-1-29.wav,jackhammer
/DATA_ROOT/Desktop/matcher/Datasets/Urban8k/audio/fold3/62837-7-1-3.wav,jackhammer
/DATA_ROOT/Desktop/matcher/Datasets/Urban8k/audio/fold3/62837-7-1-31.wav,jackhammer
/DATA_ROOT/Desktop/matcher/Datasets/Urban8k/audio/fold3/62837-7-1-32.wav,jackhammer
/DATA_ROOT/Desktop/matcher/Datasets/Urban8k/audio/fold3/62837-7-1-33.wav,jackhammer
/DATA_ROOT/Desktop/matcher/Datasets/Urban8k/audio/fold3/62837-7-1-35.wav,jackhammer
/DATA_ROOT/Desktop/matcher/Datasets/Urban8k/audio/fold3/62837-7-1-39.wav,jackhammer
/DATA_ROOT/Desktop/matcher/Datasets/Urban8k/audio/fold3/62837-7-1-4.wav,jackhammer
/DATA_ROOT/Desktop/matcher/Datasets/Urban8k/audio/fold3/62837-7-1-41.wav,jackhammer
/DATA_ROOT/Desktop/matcher/Datasets/Urban8k/audio/fold3/62837-7-1-44.wav,jackhammer
/DATA_ROOT/Desktop/matcher/Datasets/Urban8k/audio/fold3/62837-7-1-45.wav,jackhammer
/DATA_ROOT/Desktop/matcher/Datasets/Urban8k/audio/fold3/62837-7-1-46.wav,jackhammer
/DATA_ROOT/Desktop/matcher/Datasets/Urban8k/audio/fold3/62837-7-1-49.wav,jackhammer
/DATA_ROOT/Desktop/matcher/Datasets/Urban8k/audio/fold3/62837-7-1-5.wav,jackhammer
/DATA_ROOT/Desktop/matcher/Datasets/Urban8k/audio/fold3/62837-7-1-51.wav,jackhammer
/DATA_ROOT/Desktop/matcher/Datasets/Urban8k/audio/fold3/62837-7-1-53.wav,jackhammer
/DATA_ROOT/Desktop/matcher/Datasets/Urban8k/audio/fold3/62837-7-1-54.wav,jackhammer
/DATA_ROOT/Desktop/matcher/Datasets/Urban8k/audio/fold3/62837-7-1-55.wav,jackhammer
/DATA_ROOT/Desktop/matcher/Datasets/Urban8k/audio/fold3/62837-7-1-56.wav,jackhammer
/DATA_ROOT/Desktop/matcher/Datasets/Urban8k/audio/fold3/62837-7-1-6.wav,jackhammer
/DATA_ROOT/Desktop/matcher/Datasets/Urban8k/audio/fold3/62837-7-1-61.wav,jackhammer
/DATA_ROOT/Desktop/matcher/Datasets/Urban8k/audio/fold3/62837-7-1-62.wav,jackhammer
/DATA_ROOT/Desktop/matcher/Datasets/Urban8k/audio/fold3/62837-7-1-63.wav,jackhammer
/DATA_ROOT/Desktop/matcher/Datasets/Urban8k/audio/fold3/62837-7-1-64.wav,jackhammer
/DATA_ROOT/Desktop/matcher/Datasets/Urban8k/audio/fold3/62837-7-1-65.wav,jackhammer
/DATA_ROOT/Desktop/matcher/Datasets/Urban8k/audio/fold3/62837-7-1-69.wav,jackhammer
/DATA_ROOT/Desktop/matcher/Datasets/Urban8k/audio/fold3/62837-7-1-72.wav,jackhammer
/DATA_ROOT/Desktop/matcher/Datasets/Urban8k/audio/fold3/62837-7-1-73.wav,jackhammer
/DATA_ROOT/Desktop/matcher/Datasets/Urban8k/audio/fold3/62837-7-1-79.wav,jackhammer
/DATA_ROOT/Desktop/matcher/Datasets/Urban8k/audio/fold3/62837-7-1-80.wav,jackhammer
/DATA_ROOT/Desktop/matcher/Datasets/Urban8k/audio/fold3/62837-7-1-81.wav,jackhammer
/DATA_ROOT/Desktop/matcher/Datasets/Urban8k/audio/fold3/62837-7-1-84.wav,jackhammer
/DATA_ROOT/Desktop/matcher/Datasets/Urban8k/audio/fold3/62837-7-1-9.wav,jackhammer
/DATA_ROOT/Desktop/matcher/Datasets/Urban8k/audio/fold3/63095-4-0-1.wav,drilling
/DATA_ROOT/Desktop/matcher/Datasets/Urban8k/audio/fold3/63095-4-0-10.wav,drilling
/DATA_ROOT/Desktop/matcher/Datasets/Urban8k/audio/fold3/63095-4-0-14.wav,drilling
/DATA_ROOT/Desktop/matcher/Datasets/Urban8k/audio/fold3/63095-4-0-16.wav,drilling
/DATA_ROOT/Desktop/matcher/Datasets/Urban8k/audio/fold3/63095-4-0-20.wav,drilling
/DATA_ROOT/Desktop/matcher/Datasets/Urban8k/audio/fold3/63095-4-0-21.wav,drilling
/DATA_ROOT/Desktop/matcher/Datasets/Urban8k/audio/fold3/63095-4-0-26.wav,drilling
/DATA_ROOT/Desktop/matcher/Datasets/Urban8k/audio/fold3/63095-4-0-28.wav,drilling
/DATA_ROOT/Desktop/matcher/Datasets/Urban8k/audio/fold3/63095-4-0-29.wav,drilling
/DATA_ROOT/Desktop/matcher/Datasets/Urban8k/audio/fold3/63095-4-0-4.wav,drilling
/DATA_ROOT/Desktop/matcher/Datasets/Urban8k/audio/fold3/63095-4-0-6.wav,drilling
/DATA_ROOT/Desktop/matcher/Datasets/Urban8k/audio/fold3/63095-4-0-8.wav,drilling
/DATA_ROOT/Desktop/matcher/Datasets/Urban8k/audio/fold3/63095-4-1-10.wav,drilling
/DATA_ROOT/Desktop/matcher/Datasets/Urban8k/audio/fold3/63095-4-1-18.wav,drilling
/DATA_ROOT/Desktop/matcher/Datasets/Urban8k/audio/fold3/63095-4-1-19.wav,drilling
/DATA_ROOT/Desktop/matcher/Datasets/Urban8k/audio/fold3/63095-4-1-20.wav,drilling
/DATA_ROOT/Desktop/matcher/Datasets/Urban8k/audio/fold3/63095-4-1-23.wav,drilling
/DATA_ROOT/Desktop/matcher/Datasets/Urban8k/audio/fold3/63095-4-1-27.wav,drilling
/DATA_ROOT/Desktop/matcher/Datasets/Urban8k/audio/fold3/63095-4-1-33.wav,drilling
/DATA_ROOT/Desktop/matcher/Datasets/Urban8k/audio/fold3/63095-4-1-4.wav,drilling
/DATA_ROOT/Desktop/matcher/Datasets/Urban8k/audio/fold3/63095-4-1-6.wav,drilling
/DATA_ROOT/Desktop/matcher/Datasets/Urban8k/audio/fold3/63095-4-1-7.wav,drilling
/DATA_ROOT/Desktop/matcher/Datasets/Urban8k/audio/fold6/63724-0-0-0.wav,air_conditioner
/DATA_ROOT/Desktop/matcher/Datasets/Urban8k/audio/fold6/63724-0-0-1.wav,air_conditioner
/DATA_ROOT/Desktop/matcher/Datasets/Urban8k/audio/fold6/63724-0-0-10.wav,air_conditioner
/DATA_ROOT/Desktop/matcher/Datasets/Urban8k/audio/fold6/63724-0-0-11.wav,air_conditioner
/DATA_ROOT/Desktop/matcher/Datasets/Urban8k/audio/fold6/63724-0-0-12.wav,air_conditioner
/DATA_ROOT/Desktop/matcher/Datasets/Urban8k/audio/fold6/63724-0-0-13.wav,air_conditioner
/DATA_ROOT/Desktop/matcher/Datasets/Urban8k/audio/fold6/63724-0-0-14.wav,air_conditioner
/DATA_ROOT/Desktop/matcher/Datasets/Urban8k/audio/fold6/63724-0-0-15.wav,air_conditioner
/DATA_ROOT/Desktop/matcher/Datasets/Urban8k/audio/fold6/63724-0-0-16.wav,air_conditioner
/DATA_ROOT/Desktop/matcher/Datasets/Urban8k/audio/fold6/63724-0-0-2.wav,air_conditioner
/DATA_ROOT/Desktop/matcher/Datasets/Urban8k/audio/fold6/63724-0-0-3.wav,air_conditioner
/DATA_ROOT/Desktop/matcher/Datasets/Urban8k/audio/fold6/63724-0-0-4.wav,air_conditioner
/DATA_ROOT/Desktop/matcher/Datasets/Urban8k/audio/fold6/63724-0-0-5.wav,air_conditioner
/DATA_ROOT/Desktop/matcher/Datasets/Urban8k/audio/fold6/63724-0-0-6.wav,air_conditioner
/DATA_ROOT/Desktop/matcher/Datasets/Urban8k/audio/fold6/63724-0-0-7.wav,air_conditioner
/DATA_ROOT/Desktop/matcher/Datasets/Urban8k/audio/fold6/63724-0-0-8.wav,air_conditioner
/DATA_ROOT/Desktop/matcher/Datasets/Urban8k/audio/fold6/63724-0-0-9.wav,air_conditioner
/DATA_ROOT/Desktop/matcher/Datasets/Urban8k/audio/fold6/64346-6-0-0.wav,gun_shot
/DATA_ROOT/Desktop/matcher/Datasets/Urban8k/audio/fold5/6508-9-0-1.wav,street_music
/DATA_ROOT/Desktop/matcher/Datasets/Urban8k/audio/fold5/6508-9-0-2.wav,street_music
/DATA_ROOT/Desktop/matcher/Datasets/Urban8k/audio/fold5/6508-9-0-3.wav,street_music
/DATA_ROOT/Desktop/matcher/Datasets/Urban8k/audio/fold5/6508-9-0-4.wav,street_music
/DATA_ROOT/Desktop/matcher/Datasets/Urban8k/audio/fold5/6508-9-0-6.wav,street_music
/DATA_ROOT/Desktop/matcher/Datasets/Urban8k/audio/fold5/6508-9-1-0.wav,street_music
/DATA_ROOT/Desktop/matcher/Datasets/Urban8k/audio/fold6/66000-9-0-0.wav,street_music
/DATA_ROOT/Desktop/matcher/Datasets/Urban8k/audio/fold6/66000-9-0-1.wav,street_music
/DATA_ROOT/Desktop/matcher/Datasets/Urban8k/audio/fold6/66000-9-0-2.wav,street_music
/DATA_ROOT/Desktop/matcher/Datasets/Urban8k/audio/fold6/66000-9-0-3.wav,street_music
/DATA_ROOT/Desktop/matcher/Datasets/Urban8k/audio/fold6/66000-9-0-6.wav,street_music
/DATA_ROOT/Desktop/matcher/Datasets/Urban8k/audio/fold6/66000-9-0-8.wav,street_music
/DATA_ROOT/Desktop/matcher/Datasets/Urban8k/audio/fold8/66324-9-0-19.wav,street_music
/DATA_ROOT/Desktop/matcher/Datasets/Urban8k/audio/fold8/66324-9-0-30.wav,street_music
/DATA_ROOT/Desktop/matcher/Datasets/Urban8k/audio/fold8/66324-9-0-4.wav,street_music
/DATA_ROOT/Desktop/matcher/Datasets/Urban8k/audio/fold8/66324-9-0-42.wav,street_music
/DATA_ROOT/Desktop/matcher/Datasets/Urban8k/audio/fold8/66324-9-0-53.wav,street_music
/DATA_ROOT/Desktop/matcher/Datasets/Urban8k/audio/fold8/66324-9-0-54.wav,street_music
/DATA_ROOT/Desktop/matcher/Datasets/Urban8k/audio/fold8/66599-9-0-11.wav,street_music
/DATA_ROOT/Desktop/matcher/Datasets/Urban8k/audio/fold8/66599-9-0-17.wav,street_music
/DATA_ROOT/Desktop/matcher/Datasets/Urban8k/audio/fold8/66599-9-1-11.wav,street_music
/DATA_ROOT/Desktop/matcher/Datasets/Urban8k/audio/fold8/66599-9-1-21.wav,street_music
/DATA_ROOT/Desktop/matcher/Datasets/Urban8k/audio/fold8/66599-9-1-23.wav,street_music
/DATA_ROOT/Desktop/matcher/Datasets/Urban8k/audio/fold8/66599-9-1-4.wav,street_music
/DATA_ROOT/Desktop/matcher/Datasets/Urban8k/audio/fold7/66619-2-0-0.wav,children_playing
/DATA_ROOT/Desktop/matcher/Datasets/Urban8k/audio/fold7/66619-2-0-1.wav,children_playing
/DATA_ROOT/Desktop/matcher/Datasets/Urban8k/audio/fold7/66619-2-0-11.wav,children_playing
/DATA_ROOT/Desktop/matcher/Datasets/Urban8k/audio/fold7/66619-2-0-18.wav,children_playing
/DATA_ROOT/Desktop/matcher/Datasets/Urban8k/audio/fold7/66619-2-0-22.wav,children_playing
/DATA_ROOT/Desktop/matcher/Datasets/Urban8k/audio/fold7/66619-2-0-5.wav,children_playing
/DATA_ROOT/Desktop/matcher/Datasets/Urban8k/audio/fold7/66619-2-0-6.wav,children_playing
/DATA_ROOT/Desktop/matcher/Datasets/Urban8k/audio/fold7/66619-2-0-7.wav,children_playing
/DATA_ROOT/Desktop/matcher/Datasets/Urban8k/audio/fold3/66622-4-0-0.wav,drilling
/DATA_ROOT/Desktop/matcher/Datasets/Urban8k/audio/fold3/66622-4-0-1.wav,drilling
/DATA_ROOT/Desktop/matcher/Datasets/Urban8k/audio/fold3/66622-4-0-2.wav,drilling
/DATA_ROOT/Desktop/matcher/Datasets/Urban8k/audio/fold3/66622-4-0-3.wav,drilling
/DATA_ROOT/Desktop/matcher/Datasets/Urban8k/audio/fold3/66622-4-0-4.wav,drilling
/DATA_ROOT/Desktop/matcher/Datasets/Urban8k/audio/fold3/66622-4-0-5.wav,drilling
/DATA_ROOT/Desktop/matcher/Datasets/Urban8k/audio/fold3/66622-4-0-6.wav,drilling
/DATA_ROOT/Desktop/matcher/Datasets/Urban8k/audio/fold3/66622-4-0-7.wav,drilling
/DATA_ROOT/Desktop/matcher/Datasets/Urban8k/audio/fold3/66622-4-0-8.wav,drilling
/DATA_ROOT/Desktop/matcher/Datasets/Urban8k/audio/fold6/66623-4-0-0.wav,drilling
/DATA_ROOT/Desktop/matcher/Datasets/Urban8k/audio/fold6/66623-4-0-1.wav,drilling
/DATA_ROOT/Desktop/matcher/Datasets/Urban8k/audio/fold6/66623-4-0-2.wav,drilling
/DATA_ROOT/Desktop/matcher/Datasets/Urban8k/audio/fold6/66623-4-0-3.wav,drilling
/DATA_ROOT/Desktop/matcher/Datasets/Urban8k/audio/fold6/66623-4-0-4.wav,drilling
/DATA_ROOT/Desktop/matcher/Datasets/Urban8k/audio/fold6/66623-4-0-5.wav,drilling
/DATA_ROOT/Desktop/matcher/Datasets/Urban8k/audio/fold6/66623-4-0-6.wav,drilling
/DATA_ROOT/Desktop/matcher/Datasets/Urban8k/audio/fold8/68080-7-0-0.wav,jackhammer
/DATA_ROOT/Desktop/matcher/Datasets/Urban8k/audio/fold8/68080-7-0-1.wav,jackhammer
/DATA_ROOT/Desktop/matcher/Datasets/Urban8k/audio/fold8/68080-7-0-2.wav,jackhammer
/DATA_ROOT/Desktop/matcher/Datasets/Urban8k/audio/fold8/68080-7-0-3.wav,jackhammer
/DATA_ROOT/Desktop/matcher/Datasets/Urban8k/audio/fold8/68080-7-0-4.wav,jackhammer
/DATA_ROOT/Desktop/matcher/Datasets/Urban8k/audio/fold8/68080-7-0-5.wav,jackhammer
/DATA_ROOT/Desktop/matcher/Datasets/Urban8k/audio/fold8/68080-7-0-6.wav,jackhammer
/DATA_ROOT/Desktop/matcher/Datasets/Urban8k/audio/fold8/68080-7-0-7.wav,jackhammer
/DATA_ROOT/Desktop/matcher/Datasets/Urban8k/audio/fold8/68080-7-0-8.wav,jackhammer
/DATA_ROOT/Desktop/matcher/Datasets/Urban8k/audio/fold8/68080-7-0-9.wav,jackhammer
/DATA_ROOT/Desktop/matcher/Datasets/Urban8k/audio/fold7/6902-2-0-12.wav,children_playing
/DATA_ROOT/Desktop/matcher/Datasets/Urban8k/audio/fold7/6902-2-0-18.wav,children_playing
/DATA_ROOT/Desktop/matcher/Datasets/Urban8k/audio/fold7/6902-2-0-26.wav,children_playing
/DATA_ROOT/Desktop/matcher/Datasets/Urban8k/audio/fold7/6902-2-0-4.wav,children_playing
/DATA_ROOT/Desktop/matcher/Datasets/Urban8k/audio/fold7/6902-2-0-5.wav,children_playing
/DATA_ROOT/Desktop/matcher/Datasets/Urban8k/audio/fold7/6902-2-0-7.wav,children_playing
/DATA_ROOT/Desktop/matcher/Datasets/Urban8k/audio/fold7/6902-2-0-9.wav,children_playing
/DATA_ROOT/Desktop/matcher/Datasets/Urban8k/audio/fold1/69304-9-0-0.wav,street_music
/DATA_ROOT/Desktop/matcher/Datasets/Urban8k/audio/fold1/69304-9-0-12.wav,street_music
/DATA_ROOT/Desktop/matcher/Datasets/Urban8k/audio/fold1/69304-9-0-14.wav,street_music
/DATA_ROOT/Desktop/matcher/Datasets/Urban8k/audio/fold1/69304-9-0-15.wav,street_music
/DATA_ROOT/Desktop/matcher/Datasets/Urban8k/audio/fold1/69304-9-0-6.wav,street_music
/DATA_ROOT/Desktop/matcher/Datasets/Urban8k/audio/fold1/69304-9-0-7.wav,street_music
/DATA_ROOT/Desktop/matcher/Datasets/Urban8k/audio/fold3/69598-4-0-0.wav,drilling
/DATA_ROOT/Desktop/matcher/Datasets/Urban8k/audio/fold3/69598-4-1-0.wav,drilling
/DATA_ROOT/Desktop/matcher/Datasets/Urban8k/audio/fold3/69598-4-2-0.wav,drilling
/DATA_ROOT/Desktop/matcher/Datasets/Urban8k/audio/fold3/69598-4-2-1.wav,drilling
/DATA_ROOT/Desktop/matcher/Datasets/Urban8k/audio/fold3/69598-4-3-0.wav,drilling
/DATA_ROOT/Desktop/matcher/Datasets/Urban8k/audio/fold3/69598-4-4-0.wav,drilling
/DATA_ROOT/Desktop/matcher/Datasets/Urban8k/audio/fold3/69598-4-5-0.wav,drilling
/DATA_ROOT/Desktop/matcher/Datasets/Urban8k/audio/fold3/69598-4-6-0.wav,drilling
/DATA_ROOT/Desktop/matcher/Datasets/Urban8k/audio/fold3/69598-4-6-1.wav,drilling
/DATA_ROOT/Desktop/matcher/Datasets/Urban8k/audio/fold3/69598-4-7-0.wav,drilling
/DATA_ROOT/Desktop/matcher/Datasets/Urban8k/audio/fold3/69598-4-8-0.wav,drilling
/DATA_ROOT/Desktop/matcher/Datasets/Urban8k/audio/fold3/69598-4-9-0.wav,drilling
/DATA_ROOT/Desktop/matcher/Datasets/Urban8k/audio/fold3/6988-5-0-0.wav,engine+engine_idling
/DATA_ROOT/Desktop/matcher/Datasets/Urban8k/audio/fold3/6988-5-0-1.wav,engine+engine_idling
/DATA_ROOT/Desktop/matcher/Datasets/Urban8k/audio/fold3/6988-5-0-2.wav,engine+engine_idling
/DATA_ROOT/Desktop/matcher/Datasets/Urban8k/audio/fold3/6988-5-0-3.wav,engine+engine_idling
/DATA_ROOT/Desktop/matcher/Datasets/Urban8k/audio/fold3/6988-5-0-4.wav,engine+engine_idling
/DATA_ROOT/Desktop/matcher/Datasets/Urban8k/audio/fold3/6988-5-0-5.wav,engine+engine_idling
/DATA_ROOT/Desktop/matcher/Datasets/Urban8k/audio/fold6/69962-2-0-11.wav,children_playing
/DATA_ROOT/Desktop/matcher/Datasets/Urban8k/audio/fold6/69962-2-0-15.wav,children_playing
/DATA_ROOT/Desktop/matcher/Datasets/Urban8k/audio/fold6/69962-2-0-16.wav,children_playing
/DATA_ROOT/Desktop/matcher/Datasets/Urban8k/audio/fold6/69962-2-0-17.wav,children_playing
/DATA_ROOT/Desktop/matcher/Datasets/Urban8k/audio/fold6/69962-2-0-2.wav,children_playing
/DATA_ROOT/Desktop/matcher/Datasets/Urban8k/audio/fold6/69962-2-0-20.wav,children_playing
/DATA_ROOT/Desktop/matcher/Datasets/Urban8k/audio/fold6/69962-2-0-22.wav,children_playing
/DATA_ROOT/Desktop/matcher/Datasets/Urban8k/audio/fold6/69962-2-0-25.wav,children_playing
/DATA_ROOT/Desktop/matcher/Datasets/Urban8k/audio/fold7/7060-6-0-0.wav,gun_shot
/DATA_ROOT/Desktop/matcher/Datasets/Urban8k/audio/fold7/7060-6-1-0.wav,gun_shot
/DATA_ROOT/Desktop/matcher/Datasets/Urban8k/audio/fold7/7060-6-2-0.wav,gun_shot
/DATA_ROOT/Desktop/matcher/Datasets/Urban8k/audio/fold1/7061-6-0-0.wav,gun_shot
/DATA_ROOT/Desktop/matcher/Datasets/Urban8k/audio/fold10/7062-6-0-0.wav,gun_shot
/DATA_ROOT/Desktop/matcher/Datasets/Urban8k/audio/fold9/7063-6-0-0.wav,gun_shot
/DATA_ROOT/Desktop/matcher/Datasets/Urban8k/audio/fold4/7064-6-0-0.wav,gun_shot
/DATA_ROOT/Desktop/matcher/Datasets/Urban8k/audio/fold4/7064-6-1-0.wav,gun_shot
/DATA_ROOT/Desktop/matcher/Datasets/Urban8k/audio/fold4/7064-6-2-0.wav,gun_shot
/DATA_ROOT/Desktop/matcher/Datasets/Urban8k/audio/fold4/7064-6-3-0.wav,gun_shot
/DATA_ROOT/Desktop/matcher/Datasets/Urban8k/audio/fold4/7064-6-4-0.wav,gun_shot
/DATA_ROOT/Desktop/matcher/Datasets/Urban8k/audio/fold4/7064-6-5-0.wav,gun_shot
/DATA_ROOT/Desktop/matcher/Datasets/Urban8k/audio/fold8/7065-6-0-0.wav,gun_shot
/DATA_ROOT/Desktop/matcher/Datasets/Urban8k/audio/fold5/7066-6-0-0.wav,gun_shot
/DATA_ROOT/Desktop/matcher/Datasets/Urban8k/audio/fold5/7066-6-1-0.wav,gun_shot
/DATA_ROOT/Desktop/matcher/Datasets/Urban8k/audio/fold7/7067-6-0-0.wav,gun_shot
/DATA_ROOT/Desktop/matcher/Datasets/Urban8k/audio/fold8/7068-6-0-0.wav,gun_shot
/DATA_ROOT/Desktop/matcher/Datasets/Urban8k/audio/fold6/71079-4-0-0.wav,drilling
/DATA_ROOT/Desktop/matcher/Datasets/Urban8k/audio/fold6/71079-4-1-0.wav,drilling
/DATA_ROOT/Desktop/matcher/Datasets/Urban8k/audio/fold2/71080-4-0-0.wav,drilling
/DATA_ROOT/Desktop/matcher/Datasets/Urban8k/audio/fold2/71080-4-1-0.wav,drilling
/DATA_ROOT/Desktop/matcher/Datasets/Urban8k/audio/fold9/71082-4-0-0.wav,drilling
/DATA_ROOT/Desktop/matcher/Datasets/Urban8k/audio/fold9/71082-4-1-0.wav,drilling
/DATA_ROOT/Desktop/matcher/Datasets/Urban8k/audio/fold5/71086-4-0-0.wav,drilling
/DATA_ROOT/Desktop/matcher/Datasets/Urban8k/audio/fold5/71086-4-1-0.wav,drilling
/DATA_ROOT/Desktop/matcher/Datasets/Urban8k/audio/fold5/71086-4-2-0.wav,drilling
/DATA_ROOT/Desktop/matcher/Datasets/Urban8k/audio/fold1/71087-4-0-0.wav,drilling
/DATA_ROOT/Desktop/matcher/Datasets/Urban8k/audio/fold1/71087-4-1-0.wav,drilling
/DATA_ROOT/Desktop/matcher/Datasets/Urban8k/audio/fold6/71088-4-0-0.wav,drilling
/DATA_ROOT/Desktop/matcher/Datasets/Urban8k/audio/fold6/71088-4-1-0.wav,drilling
/DATA_ROOT/Desktop/matcher/Datasets/Urban8k/audio/fold6/71088-4-2-0.wav,drilling
/DATA_ROOT/Desktop/matcher/Datasets/Urban8k/audio/fold5/71171-4-0-0.wav,drilling
/DATA_ROOT/Desktop/matcher/Datasets/Urban8k/audio/fold5/71171-4-0-1.wav,drilling
/DATA_ROOT/Desktop/matcher/Datasets/Urban8k/audio/fold5/71171-4-0-2.wav,drilling
/DATA_ROOT/Desktop/matcher/Datasets/Urban8k/audio/fold5/71171-4-0-3.wav,drilling
/DATA_ROOT/Desktop/matcher/Datasets/Urban8k/audio/fold5/71171-4-0-4.wav,drilling
/DATA_ROOT/Desktop/matcher/Datasets/Urban8k/audio/fold5/71171-4-1-0.wav,drilling
/DATA_ROOT/Desktop/matcher/Datasets/Urban8k/audio/fold5/71171-4-1-1.wav,drilling
/DATA_ROOT/Desktop/matcher/Datasets/Urban8k/audio/fold5/71171-4-1-2.wav,drilling
/DATA_ROOT/Desktop/matcher/Datasets/Urban8k/audio/fold5/71171-4-1-3.wav,drilling
/DATA_ROOT/Desktop/matcher/Datasets/Urban8k/audio/fold5/71171-4-1-4.wav,drilling
/DATA_ROOT/Desktop/matcher/Datasets/Urban8k/audio/fold5/71171-4-1-5.wav,drilling
/DATA_ROOT/Desktop/matcher/Datasets/Urban8k/audio/fold5/71171-4-2-0.wav,drilling
/DATA_ROOT/Desktop/matcher/Datasets/Urban8k/audio/fold5/71171-4-2-1.wav,drilling
/DATA_ROOT/Desktop/matcher/Datasets/Urban8k/audio/fold5/71171-4-3-0.wav,drilling
/DATA_ROOT/Desktop/matcher/Datasets/Urban8k/audio/fold5/71171-4-3-1.wav,drilling
/DATA_ROOT/Desktop/matcher/Datasets/Urban8k/audio/fold5/71171-4-3-2.wav,drilling
/DATA_ROOT/Desktop/matcher/Datasets/Urban8k/audio/fold5/71171-4-4-0.wav,drilling
/DATA_ROOT/Desktop/matcher/Datasets/Urban8k/audio/fold5/71171-4-5-0.wav,drilling
/DATA_ROOT/Desktop/matcher/Datasets/Urban8k/audio/fold5/71173-2-0-103.wav,children_playing
/DATA_ROOT/Desktop/matcher/Datasets/Urban8k/audio/fold5/71173-2-0-13.wav,children_playing
/DATA_ROOT/Desktop/matcher/Datasets/Urban8k/audio/fold5/71173-2-0-17.wav,children_playing
/DATA_ROOT/Desktop/matcher/Datasets/Urban8k/audio/fold5/71173-2-0-21.wav,children_playing
/DATA_ROOT/Desktop/matcher/Datasets/Urban8k/audio/fold5/71173-2-0-24.wav,children_playing
/DATA_ROOT/Desktop/matcher/Datasets/Urban8k/audio/fold5/71173-2-0-69.wav,children_playing
/DATA_ROOT/Desktop/matcher/Datasets/Urban8k/audio/fold5/71173-2-0-71.wav,children_playing
/DATA_ROOT/Desktop/matcher/Datasets/Urban8k/audio/fold5/71173-2-0-88.wav,children_playing
/DATA_ROOT/Desktop/matcher/Datasets/Urban8k/audio/fold7/71529-4-0-0.wav,drilling
/DATA_ROOT/Desktop/matcher/Datasets/Urban8k/audio/fold7/71529-4-0-1.wav,drilling
/DATA_ROOT/Desktop/matcher/Datasets/Urban8k/audio/fold7/71529-4-0-2.wav,drilling
/DATA_ROOT/Desktop/matcher/Datasets/Urban8k/audio/fold7/71529-4-1-0.wav,drilling
/DATA_ROOT/Desktop/matcher/Datasets/Urban8k/audio/fold7/71529-4-1-1.wav,drilling
/DATA_ROOT/Desktop/matcher/Datasets/Urban8k/audio/fold7/71529-4-1-2.wav,drilling
/DATA_ROOT/Desktop/matcher/Datasets/Urban8k/audio/fold7/71529-4-1-3.wav,drilling
/DATA_ROOT/Desktop/matcher/Datasets/Urban8k/audio/fold7/71529-4-1-4.wav,drilling
/DATA_ROOT/Desktop/matcher/Datasets/Urban8k/audio/fold7/71529-4-1-5.wav,drilling
/DATA_ROOT/Desktop/matcher/Datasets/Urban8k/audio/fold7/71529-4-1-6.wav,drilling
/DATA_ROOT/Desktop/matcher/Datasets/Urban8k/audio/fold7/71866-9-0-14.wav,street_music
/DATA_ROOT/Desktop/matcher/Datasets/Urban8k/audio/fold7/71866-9-0-21.wav,street_music
/DATA_ROOT/Desktop/matcher/Datasets/Urban8k/audio/fold7/71866-9-0-23.wav,street_music
/DATA_ROOT/Desktop/matcher/Datasets/Urban8k/audio/fold7/71866-9-0-3.wav,street_music
/DATA_ROOT/Desktop/matcher/Datasets/Urban8k/audio/fold7/71866-9-0-31.wav,street_music
/DATA_ROOT/Desktop/matcher/Datasets/Urban8k/audio/fold7/71866-9-0-32.wav,street_music
/DATA_ROOT/Desktop/matcher/Datasets/Urban8k/audio/fold8/72015-2-0-0.wav,children_playing
/DATA_ROOT/Desktop/matcher/Datasets/Urban8k/audio/fold8/72015-2-0-1.wav,children_playing
/DATA_ROOT/Desktop/matcher/Datasets/Urban8k/audio/fold8/72015-2-0-2.wav,children_playing
/DATA_ROOT/Desktop/matcher/Datasets/Urban8k/audio/fold8/72015-2-0-3.wav,children_playing
/DATA_ROOT/Desktop/matcher/Datasets/Urban8k/audio/fold8/72015-2-0-4.wav,children_playing
/DATA_ROOT/Desktop/matcher/Datasets/Urban8k/audio/fold8/72015-2-0-5.wav,children_playing
/DATA_ROOT/Desktop/matcher/Datasets/Urban8k/audio/fold1/73277-9-0-0.wav,street_music
/DATA_ROOT/Desktop/matcher/Datasets/Urban8k/audio/fold1/73277-9-0-16.wav,street_music
/DATA_ROOT/Desktop/matcher/Datasets/Urban8k/audio/fold1/73277-9-0-17.wav,street_music
/DATA_ROOT/Desktop/matcher/Datasets/Urban8k/audio/fold1/73277-9-0-19.wav,street_music
/DATA_ROOT/Desktop/matcher/Datasets/Urban8k/audio/fold1/73277-9-0-24.wav,street_music
/DATA_ROOT/Desktop/matcher/Datasets/Urban8k/audio/fold1/73277-9-0-28.wav,street_music
/DATA_ROOT/Desktop/matcher/Datasets/Urban8k/audio/fold10/73524-0-0-0.wav,air_conditioner
/DATA_ROOT/Desktop/matcher/Datasets/Urban8k/audio/fold10/73524-0-0-101.wav,air_conditioner
/DATA_ROOT/Desktop/matcher/Datasets/Urban8k/audio/fold10/73524-0-0-105.wav,air_conditioner
/DATA_ROOT/Desktop/matcher/Datasets/Urban8k/audio/fold10/73524-0-0-113.wav,air_conditioner
/DATA_ROOT/Desktop/matcher/Datasets/Urban8k/audio/fold10/73524-0-0-114.wav,air_conditioner
/DATA_ROOT/Desktop/matcher/Datasets/Urban8k/audio/fold10/73524-0-0-126.wav,air_conditioner
/DATA_ROOT/Desktop/matcher/Datasets/Urban8k/audio/fold10/73524-0-0-127.wav,air_conditioner
/DATA_ROOT/Desktop/matcher/Datasets/Urban8k/audio/fold10/73524-0-0-128.wav,air_conditioner
/DATA_ROOT/Desktop/matcher/Datasets/Urban8k/audio/fold10/73524-0-0-133.wav,air_conditioner
/DATA_ROOT/Desktop/matcher/Datasets/Urban8k/audio/fold10/73524-0-0-137.wav,air_conditioner
/DATA_ROOT/Desktop/matcher/Datasets/Urban8k/audio/fold10/73524-0-0-2.wav,air_conditioner
/DATA_ROOT/Desktop/matcher/Datasets/Urban8k/audio/fold10/73524-0-0-23.wav,air_conditioner
/DATA_ROOT/Desktop/matcher/Datasets/Urban8k/audio/fold10/73524-0-0-30.wav,air_conditioner
/DATA_ROOT/Desktop/matcher/Datasets/Urban8k/audio/fold10/73524-0-0-31.wav,air_conditioner
/DATA_ROOT/Desktop/matcher/Datasets/Urban8k/audio/fold10/73524-0-0-32.wav,air_conditioner
/DATA_ROOT/Desktop/matcher/Datasets/Urban8k/audio/fold10/73524-0-0-5.wav,air_conditioner
/DATA_ROOT/Desktop/matcher/Datasets/Urban8k/audio/fold10/73524-0-0-52.wav,air_conditioner
/DATA_ROOT/Desktop/matcher/Datasets/Urban8k/audio/fold10/73524-0-0-54.wav,air_conditioner
/DATA_ROOT/Desktop/matcher/Datasets/Urban8k/audio/fold10/73524-0-0-6.wav,air_conditioner
/DATA_ROOT/Desktop/matcher/Datasets/Urban8k/audio/fold10/73524-0-0-63.wav,air_conditioner
/DATA_ROOT/Desktop/matcher/Datasets/Urban8k/audio/fold10/73524-0-0-73.wav,air_conditioner
/DATA_ROOT/Desktop/matcher/Datasets/Urban8k/audio/fold10/73524-0-0-74.wav,air_conditioner
/DATA_ROOT/Desktop/matcher/Datasets/Urban8k/audio/fold10/73524-0-0-8.wav,air_conditioner
/DATA_ROOT/Desktop/matcher/Datasets/Urban8k/audio/fold10/73524-0-0-92.wav,air_conditioner
/DATA_ROOT/Desktop/matcher/Datasets/Urban8k/audio/fold10/73524-0-0-98.wav,air_conditioner
/DATA_ROOT/Desktop/matcher/Datasets/Urban8k/audio/fold10/73524-0-0-99.wav,air_conditioner
/DATA_ROOT/Desktop/matcher/Datasets/Urban8k/audio/fold2/73623-7-0-0.wav,jackhammer
/DATA_ROOT/Desktop/matcher/Datasets/Urban8k/audio/fold2/73623-7-1-0.wav,jackhammer
/DATA_ROOT/Desktop/matcher/Datasets/Urban8k/audio/fold2/73623-7-1-1.wav,jackhammer
/DATA_ROOT/Desktop/matcher/Datasets/Urban8k/audio/fold2/73623-7-2-0.wav,jackhammer
/DATA_ROOT/Desktop/matcher/Datasets/Urban8k/audio/fold2/73623-7-3-0.wav,jackhammer
/DATA_ROOT/Desktop/matcher/Datasets/Urban8k/audio/fold2/73623-7-4-0.wav,jackhammer
/DATA_ROOT/Desktop/matcher/Datasets/Urban8k/audio/fold2/73623-7-5-0.wav,jackhammer
/DATA_ROOT/Desktop/matcher/Datasets/Urban8k/audio/fold2/73623-7-6-0.wav,jackhammer
/DATA_ROOT/Desktop/matcher/Datasets/Urban8k/audio/fold8/7390-9-0-0.wav,street_music
/DATA_ROOT/Desktop/matcher/Datasets/Urban8k/audio/fold8/7390-9-0-3.wav,street_music
/DATA_ROOT/Desktop/matcher/Datasets/Urban8k/audio/fold8/7390-9-0-6.wav,street_music
/DATA_ROOT/Desktop/matcher/Datasets/Urban8k/audio/fold8/7390-9-0-9.wav,street_music
/DATA_ROOT/Desktop/matcher/Datasets/Urban8k/audio/fold8/7390-9-1-11.wav,street_music
/DATA_ROOT/Desktop/matcher/Datasets/Urban8k/audio/fold8/7390-9-1-12.wav,street_music
/DATA_ROOT/Desktop/matcher/Datasets/Urban8k/audio/fold8/7390-9-1-5.wav,street_music
/DATA_ROOT/Desktop/matcher/Datasets/Urban8k/audio/fold2/74226-9-0-0.wav,street_music
/DATA_ROOT/Desktop/matcher/Datasets/Urban8k/audio/fold2/74226-9-0-10.wav,street_music
/DATA_ROOT/Desktop/matcher/Datasets/Urban8k/audio/fold2/74226-9-0-13.wav,street_music
/DATA_ROOT/Desktop/matcher/Datasets/Urban8k/audio/fold2/74226-9-0-14.wav,street_music
/DATA_ROOT/Desktop/matcher/Datasets/Urban8k/audio/fold2/74226-9-0-21.wav,street_music
/DATA_ROOT/Desktop/matcher/Datasets/Urban8k/audio/fold2/74226-9-0-6.wav,street_music
/DATA_ROOT/Desktop/matcher/Datasets/Urban8k/audio/fold2/74226-9-0-7.wav,street_music
/DATA_ROOT/Desktop/matcher/Datasets/Urban8k/audio/fold2/74458-9-0-5.wav,street_music
/DATA_ROOT/Desktop/matcher/Datasets/Urban8k/audio/fold2/74458-9-0-7.wav,street_music
/DATA_ROOT/Desktop/matcher/Datasets/Urban8k/audio/fold2/74458-9-1-12.wav,street_music
/DATA_ROOT/Desktop/matcher/Datasets/Urban8k/audio/fold2/74458-9-1-13.wav,street_music
/DATA_ROOT/Desktop/matcher/Datasets/Urban8k/audio/fold2/74458-9-1-5.wav,street_music
/DATA_ROOT/Desktop/matcher/Datasets/Urban8k/audio/fold2/74458-9-2-18.wav,street_music
/DATA_ROOT/Desktop/matcher/Datasets/Urban8k/audio/fold2/74507-0-0-0.wav,air_conditioner
/DATA_ROOT/Desktop/matcher/Datasets/Urban8k/audio/fold2/74507-0-0-1.wav,air_conditioner
/DATA_ROOT/Desktop/matcher/Datasets/Urban8k/audio/fold2/74507-0-0-10.wav,air_conditioner
/DATA_ROOT/Desktop/matcher/Datasets/Urban8k/audio/fold2/74507-0-0-11.wav,air_conditioner
/DATA_ROOT/Desktop/matcher/Datasets/Urban8k/audio/fold2/74507-0-0-12.wav,air_conditioner
/DATA_ROOT/Desktop/matcher/Datasets/Urban8k/audio/fold2/74507-0-0-13.wav,air_conditioner
/DATA_ROOT/Desktop/matcher/Datasets/Urban8k/audio/fold2/74507-0-0-14.wav,air_conditioner
/DATA_ROOT/Desktop/matcher/Datasets/Urban8k/audio/fold2/74507-0-0-15.wav,air_conditioner
/DATA_ROOT/Desktop/matcher/Datasets/Urban8k/audio/fold2/74507-0-0-16.wav,air_conditioner
/DATA_ROOT/Desktop/matcher/Datasets/Urban8k/audio/fold2/74507-0-0-17.wav,air_conditioner
/DATA_ROOT/Desktop/matcher/Datasets/Urban8k/audio/fold2/74507-0-0-18.wav,air_conditioner
/DATA_ROOT/Desktop/matcher/Datasets/Urban8k/audio/fold2/74507-0-0-2.wav,air_conditioner
/DATA_ROOT/Desktop/matcher/Datasets/Urban8k/audio/fold2/74507-0-0-20.wav,air_conditioner
/DATA_ROOT/Desktop/matcher/Datasets/Urban8k/audio/fold2/74507-0-0-22.wav,air_conditioner
/DATA_ROOT/Desktop/matcher/Datasets/Urban8k/audio/fold2/74507-0-0-23.wav,air_conditioner
/DATA_ROOT/Desktop/matcher/Datasets/Urban8k/audio/fold2/74507-0-0-24.wav,air_conditioner
/DATA_ROOT/Desktop/matcher/Datasets/Urban8k/audio/fold2/74507-0-0-25.wav,air_conditioner
/DATA_ROOT/Desktop/matcher/Datasets/Urban8k/audio/fold2/74507-0-0-27.wav,air_conditioner
/DATA_ROOT/Desktop/matcher/Datasets/Urban8k/audio/fold2/74507-0-0-28.wav,air_conditioner
/DATA_ROOT/Desktop/matcher/Datasets/Urban8k/audio/fold2/74507-0-0-3.wav,air_conditioner
/DATA_ROOT/Desktop/matcher/Datasets/Urban8k/audio/fold2/74507-0-0-4.wav,air_conditioner
/DATA_ROOT/Desktop/matcher/Datasets/Urban8k/audio/fold2/74507-0-0-5.wav,air_conditioner
/DATA_ROOT/Desktop/matcher/Datasets/Urban8k/audio/fold2/74507-0-0-6.wav,air_conditioner
/DATA_ROOT/Desktop/matcher/Datasets/Urban8k/audio/fold2/74507-0-0-8.wav,air_conditioner
/DATA_ROOT/Desktop/matcher/Datasets/Urban8k/audio/fold2/74507-0-0-9.wav,air_conditioner
/DATA_ROOT/Desktop/matcher/Datasets/Urban8k/audio/fold8/74677-0-0-0.wav,air_conditioner
/DATA_ROOT/Desktop/matcher/Datasets/Urban8k/audio/fold8/74677-0-0-10.wav,air_conditioner
/DATA_ROOT/Desktop/matcher/Datasets/Urban8k/audio/fold8/74677-0-0-105.wav,air_conditioner
/DATA_ROOT/Desktop/matcher/Datasets/Urban8k/audio/fold8/74677-0-0-116.wav,air_conditioner
/DATA_ROOT/Desktop/matcher/Datasets/Urban8k/audio/fold8/74677-0-0-13.wav,air_conditioner
/DATA_ROOT/Desktop/matcher/Datasets/Urban8k/audio/fold8/74677-0-0-130.wav,air_conditioner
/DATA_ROOT/Desktop/matcher/Datasets/Urban8k/audio/fold8/74677-0-0-134.wav,air_conditioner
/DATA_ROOT/Desktop/matcher/Datasets/Urban8k/audio/fold8/74677-0-0-135.wav,air_conditioner
/DATA_ROOT/Desktop/matcher/Datasets/Urban8k/audio/fold8/74677-0-0-14.wav,air_conditioner
/DATA_ROOT/Desktop/matcher/Datasets/Urban8k/audio/fold8/74677-0-0-19.wav,air_conditioner
/DATA_ROOT/Desktop/matcher/Datasets/Urban8k/audio/fold8/74677-0-0-2.wav,air_conditioner
/DATA_ROOT/Desktop/matcher/Datasets/Urban8k/audio/fold8/74677-0-0-21.wav,air_conditioner
/DATA_ROOT/Desktop/matcher/Datasets/Urban8k/audio/fold8/74677-0-0-28.wav,air_conditioner
/DATA_ROOT/Desktop/matcher/Datasets/Urban8k/audio/fold8/74677-0-0-3.wav,air_conditioner
/DATA_ROOT/Desktop/matcher/Datasets/Urban8k/audio/fold8/74677-0-0-35.wav,air_conditioner
/DATA_ROOT/Desktop/matcher/Datasets/Urban8k/audio/fold8/74677-0-0-36.wav,air_conditioner
/DATA_ROOT/Desktop/matcher/Datasets/Urban8k/audio/fold8/74677-0-0-38.wav,air_conditioner
/DATA_ROOT/Desktop/matcher/Datasets/Urban8k/audio/fold8/74677-0-0-47.wav,air_conditioner
/DATA_ROOT/Desktop/matcher/Datasets/Urban8k/audio/fold8/74677-0-0-56.wav,air_conditioner
/DATA_ROOT/Desktop/matcher/Datasets/Urban8k/audio/fold8/74677-0-0-57.wav,air_conditioner
/DATA_ROOT/Desktop/matcher/Datasets/Urban8k/audio/fold8/74677-0-0-58.wav,air_conditioner
/DATA_ROOT/Desktop/matcher/Datasets/Urban8k/audio/fold8/74677-0-0-6.wav,air_conditioner
/DATA_ROOT/Desktop/matcher/Datasets/Urban8k/audio/fold8/74677-0-0-61.wav,air_conditioner
/DATA_ROOT/Desktop/matcher/Datasets/Urban8k/audio/fold8/74677-0-0-64.wav,air_conditioner
/DATA_ROOT/Desktop/matcher/Datasets/Urban8k/audio/fold8/74677-0-0-66.wav,air_conditioner
/DATA_ROOT/Desktop/matcher/Datasets/Urban8k/audio/fold8/74677-0-0-67.wav,air_conditioner
/DATA_ROOT/Desktop/matcher/Datasets/Urban8k/audio/fold8/74677-0-0-69.wav,air_conditioner
/DATA_ROOT/Desktop/matcher/Datasets/Urban8k/audio/fold8/74677-0-0-75.wav,air_conditioner
/DATA_ROOT/Desktop/matcher/Datasets/Urban8k/audio/fold8/74677-0-0-92.wav,air_conditioner
/DATA_ROOT/Desktop/matcher/Datasets/Urban8k/audio/fold8/74677-0-0-94.wav,air_conditioner
/DATA_ROOT/Desktop/matcher/Datasets/Urban8k/audio/fold8/74677-0-0-95.wav,air_conditioner
/DATA_ROOT/Desktop/matcher/Datasets/Urban8k/audio/fold3/74810-9-0-27.wav,street_music
/DATA_ROOT/Desktop/matcher/Datasets/Urban8k/audio/fold3/74810-9-0-32.wav,street_music
/DATA_ROOT/Desktop/matcher/Datasets/Urban8k/audio/fold3/74810-9-0-5.wav,street_music
/DATA_ROOT/Desktop/matcher/Datasets/Urban8k/audio/fold3/74810-9-1-12.wav,street_music
/DATA_ROOT/Desktop/matcher/Datasets/Urban8k/audio/fold3/74810-9-1-5.wav,street_music
/DATA_ROOT/Desktop/matcher/Datasets/Urban8k/audio/fold7/74850-9-0-11.wav,street_music
/DATA_ROOT/Desktop/matcher/Datasets/Urban8k/audio/fold7/74850-9-0-18.wav,street_music
/DATA_ROOT/Desktop/matcher/Datasets/Urban8k/audio/fold7/74850-9-0-22.wav,street_music
/DATA_ROOT/Desktop/matcher/Datasets/Urban8k/audio/fold7/74850-9-0-27.wav,street_music
/DATA_ROOT/Desktop/matcher/Datasets/Urban8k/audio/fold7/74850-9-0-5.wav,street_music
/DATA_ROOT/Desktop/matcher/Datasets/Urban8k/audio/fold7/74850-9-0-6.wav,street_music
/DATA_ROOT/Desktop/matcher/Datasets/Urban8k/audio/fold10/74922-4-0-0.wav,drilling
/DATA_ROOT/Desktop/matcher/Datasets/Urban8k/audio/fold10/74922-4-0-1.wav,drilling
/DATA_ROOT/Desktop/matcher/Datasets/Urban8k/audio/fold10/74922-4-0-2.wav,drilling
/DATA_ROOT/Desktop/matcher/Datasets/Urban8k/audio/fold10/74922-4-0-3.wav,drilling
/DATA_ROOT/Desktop/matcher/Datasets/Urban8k/audio/fold10/74922-4-0-4.wav,drilling
/DATA_ROOT/Desktop/matcher/Datasets/Urban8k/audio/fold10/74922-4-0-5.wav,drilling
/DATA_ROOT/Desktop/matcher/Datasets/Urban8k/audio/fold10/74922-4-0-6.wav,drilling
/DATA_ROOT/Desktop/matcher/Datasets/Urban8k/audio/fold10/74922-4-0-7.wav,drilling
/DATA_ROOT/Desktop/matcher/Datasets/Urban8k/audio/fold7/74965-4-0-0.wav,drilling
/DATA_ROOT/Desktop/matcher/Datasets/Urban8k/audio/fold7/74965-4-0-1.wav,drilling
/DATA_ROOT/Desktop/matcher/Datasets/Urban8k/audio/fold7/74965-4-0-2.wav,drilling
/DATA_ROOT/Desktop/matcher/Datasets/Urban8k/audio/fold7/74965-4-0-3.wav,drilling
/DATA_ROOT/Desktop/matcher/Datasets/Urban8k/audio/fold7/74965-4-1-0.wav,drilling
/DATA_ROOT/Desktop/matcher/Datasets/Urban8k/audio/fold7/74965-4-1-1.wav,drilling
/DATA_ROOT/Desktop/matcher/Datasets/Urban8k/audio/fold7/74965-4-1-2.wav,drilling
/DATA_ROOT/Desktop/matcher/Datasets/Urban8k/audio/fold9/75743-0-0-0.wav,air_conditioner
/DATA_ROOT/Desktop/matcher/Datasets/Urban8k/audio/fold9/75743-0-0-1.wav,air_conditioner
/DATA_ROOT/Desktop/matcher/Datasets/Urban8k/audio/fold9/75743-0-0-10.wav,air_conditioner
/DATA_ROOT/Desktop/matcher/Datasets/Urban8k/audio/fold9/75743-0-0-11.wav,air_conditioner
/DATA_ROOT/Desktop/matcher/Datasets/Urban8k/audio/fold9/75743-0-0-12.wav,air_conditioner
/DATA_ROOT/Desktop/matcher/Datasets/Urban8k/audio/fold9/75743-0-0-13.wav,air_conditioner
/DATA_ROOT/Desktop/matcher/Datasets/Urban8k/audio/fold9/75743-0-0-14.wav,air_conditioner
/DATA_ROOT/Desktop/matcher/Datasets/Urban8k/audio/fold9/75743-0-0-15.wav,air_conditioner
/DATA_ROOT/Desktop/matcher/Datasets/Urban8k/audio/fold9/75743-0-0-16.wav,air_conditioner
/DATA_ROOT/Desktop/matcher/Datasets/Urban8k/audio/fold9/75743-0-0-17.wav,air_conditioner
/DATA_ROOT/Desktop/matcher/Datasets/Urban8k/audio/fold9/75743-0-0-18.wav,air_conditioner
/DATA_ROOT/Desktop/matcher/Datasets/Urban8k/audio/fold9/75743-0-0-19.wav,air_conditioner
/DATA_ROOT/Desktop/matcher/Datasets/Urban8k/audio/fold9/75743-0-0-2.wav,air_conditioner
/DATA_ROOT/Desktop/matcher/Datasets/Urban8k/audio/fold9/75743-0-0-20.wav,air_conditioner
/DATA_ROOT/Desktop/matcher/Datasets/Urban8k/audio/fold9/75743-0-0-21.wav,air_conditioner
/DATA_ROOT/Desktop/matcher/Datasets/Urban8k/audio/fold9/75743-0-0-22.wav,air_conditioner
/DATA_ROOT/Desktop/matcher/Datasets/Urban8k/audio/fold9/75743-0-0-23.wav,air_conditioner
/DATA_ROOT/Desktop/matcher/Datasets/Urban8k/audio/fold9/75743-0-0-3.wav,air_conditioner
/DATA_ROOT/Desktop/matcher/Datasets/Urban8k/audio/fold9/75743-0-0-4.wav,air_conditioner
/DATA_ROOT/Desktop/matcher/Datasets/Urban8k/audio/fold9/75743-0-0-5.wav,air_conditioner
/DATA_ROOT/Desktop/matcher/Datasets/Urban8k/audio/fold9/75743-0-0-6.wav,air_conditioner
/DATA_ROOT/Desktop/matcher/Datasets/Urban8k/audio/fold9/75743-0-0-7.wav,air_conditioner
/DATA_ROOT/Desktop/matcher/Datasets/Urban8k/audio/fold9/75743-0-0-8.wav,air_conditioner
/DATA_ROOT/Desktop/matcher/Datasets/Urban8k/audio/fold9/75743-0-0-9.wav,air_conditioner
/DATA_ROOT/Desktop/matcher/Datasets/Urban8k/audio/fold8/76085-4-0-103.wav,drilling
/DATA_ROOT/Desktop/matcher/Datasets/Urban8k/audio/fold8/76085-4-0-14.wav,drilling
/DATA_ROOT/Desktop/matcher/Datasets/Urban8k/audio/fold8/76085-4-0-24.wav,drilling
/DATA_ROOT/Desktop/matcher/Datasets/Urban8k/audio/fold8/76085-4-0-27.wav,drilling
/DATA_ROOT/Desktop/matcher/Datasets/Urban8k/audio/fold8/76085-4-0-35.wav,drilling
/DATA_ROOT/Desktop/matcher/Datasets/Urban8k/audio/fold8/76085-4-0-37.wav,drilling
/DATA_ROOT/Desktop/matcher/Datasets/Urban8k/audio/fold8/76085-4-0-38.wav,drilling
/DATA_ROOT/Desktop/matcher/Datasets/Urban8k/audio/fold8/76085-4-0-55.wav,drilling
/DATA_ROOT/Desktop/matcher/Datasets/Urban8k/audio/fold8/76085-4-0-6.wav,drilling
/DATA_ROOT/Desktop/matcher/Datasets/Urban8k/audio/fold8/76085-4-0-61.wav,drilling
/DATA_ROOT/Desktop/matcher/Datasets/Urban8k/audio/fold8/76085-4-0-62.wav,drilling
/DATA_ROOT/Desktop/matcher/Datasets/Urban8k/audio/fold8/76085-4-0-66.wav,drilling
/DATA_ROOT/Desktop/matcher/Datasets/Urban8k/audio/fold8/76085-4-0-81.wav,drilling
/DATA_ROOT/Desktop/matcher/Datasets/Urban8k/audio/fold8/76085-4-0-89.wav,drilling
/DATA_ROOT/Desktop/matcher/Datasets/Urban8k/audio/fold8/76085-4-0-93.wav,drilling
/DATA_ROOT/Desktop/matcher/Datasets/Urban8k/audio/fold8/76085-4-0-97.wav,drilling
/DATA_ROOT/Desktop/matcher/Datasets/Urban8k/audio/fold2/76086-4-0-12.wav,drilling
/DATA_ROOT/Desktop/matcher/Datasets/Urban8k/audio/fold2/76086-4-0-14.wav,drilling
/DATA_ROOT/Desktop/matcher/Datasets/Urban8k/audio/fold2/76086-4-0-17.wav,drilling
/DATA_ROOT/Desktop/matcher/Datasets/Urban8k/audio/fold2/76086-4-0-18.wav,drilling
/DATA_ROOT/Desktop/matcher/Datasets/Urban8k/audio/fold2/76086-4-0-19.wav,drilling
/DATA_ROOT/Desktop/matcher/Datasets/Urban8k/audio/fold2/76086-4-0-2.wav,drilling
/DATA_ROOT/Desktop/matcher/Datasets/Urban8k/audio/fold2/76086-4-0-22.wav,drilling
/DATA_ROOT/Desktop/matcher/Datasets/Urban8k/audio/fold2/76086-4-0-23.wav,drilling
/DATA_ROOT/Desktop/matcher/Datasets/Urban8k/audio/fold2/76086-4-0-24.wav,drilling
/DATA_ROOT/Desktop/matcher/Datasets/Urban8k/audio/fold2/76086-4-0-27.wav,drilling
/DATA_ROOT/Desktop/matcher/Datasets/Urban8k/audio/fold2/76086-4-0-29.wav,drilling
/DATA_ROOT/Desktop/matcher/Datasets/Urban8k/audio/fold2/76086-4-0-3.wav,drilling
/DATA_ROOT/Desktop/matcher/Datasets/Urban8k/audio/fold2/76086-4-0-32.wav,drilling
/DATA_ROOT/Desktop/matcher/Datasets/Urban8k/audio/fold2/76086-4-0-36.wav,drilling
/DATA_ROOT/Desktop/matcher/Datasets/Urban8k/audio/fold2/76086-4-0-38.wav,drilling
/DATA_ROOT/Desktop/matcher/Datasets/Urban8k/audio/fold2/76086-4-0-43.wav,drilling
/DATA_ROOT/Desktop/matcher/Datasets/Urban8k/audio/fold2/76086-4-0-50.wav,drilling
/DATA_ROOT/Desktop/matcher/Datasets/Urban8k/audio/fold2/76086-4-0-53.wav,drilling
/DATA_ROOT/Desktop/matcher/Datasets/Urban8k/audio/fold2/76086-4-0-55.wav,drilling
/DATA_ROOT/Desktop/matcher/Datasets/Urban8k/audio/fold2/76086-4-0-56.wav,drilling
/DATA_ROOT/Desktop/matcher/Datasets/Urban8k/audio/fold2/76086-4-0-58.wav,drilling
/DATA_ROOT/Desktop/matcher/Datasets/Urban8k/audio/fold2/76089-6-0-0.wav,gun_shot
/DATA_ROOT/Desktop/matcher/Datasets/Urban8k/audio/fold2/76090-6-0-0.wav,gun_shot
/DATA_ROOT/Desktop/matcher/Datasets/Urban8k/audio/fold2/76090-6-1-0.wav,gun_shot
/DATA_ROOT/Desktop/matcher/Datasets/Urban8k/audio/fold2/76091-6-0-0.wav,gun_shot
/DATA_ROOT/Desktop/matcher/Datasets/Urban8k/audio/fold2/76091-6-1-0.wav,gun_shot
/DATA_ROOT/Desktop/matcher/Datasets/Urban8k/audio/fold2/76091-6-2-0.wav,gun_shot
/DATA_ROOT/Desktop/matcher/Datasets/Urban8k/audio/fold2/76091-6-3-0.wav,gun_shot
/DATA_ROOT/Desktop/matcher/Datasets/Urban8k/audio/fold2/76091-6-4-0.wav,gun_shot
/DATA_ROOT/Desktop/matcher/Datasets/Urban8k/audio/fold2/76091-6-5-0.wav,gun_shot
/DATA_ROOT/Desktop/matcher/Datasets/Urban8k/audio/fold1/76093-6-0-0.wav,gun_shot
/DATA_ROOT/Desktop/matcher/Datasets/Urban8k/audio/fold1/76093-6-1-0.wav,gun_shot
/DATA_ROOT/Desktop/matcher/Datasets/Urban8k/audio/fold3/76094-6-0-0.wav,gun_shot
/DATA_ROOT/Desktop/matcher/Datasets/Urban8k/audio/fold3/76094-6-1-0.wav,gun_shot
/DATA_ROOT/Desktop/matcher/Datasets/Urban8k/audio/fold3/76221-2-0-0.wav,children_playing
/DATA_ROOT/Desktop/matcher/Datasets/Urban8k/audio/fold3/76221-2-0-1.wav,children_playing
/DATA_ROOT/Desktop/matcher/Datasets/Urban8k/audio/fold3/76221-2-0-10.wav,children_playing
/DATA_ROOT/Desktop/matcher/Datasets/Urban8k/audio/fold3/76221-2-0-2.wav,children_playing
/DATA_ROOT/Desktop/matcher/Datasets/Urban8k/audio/fold3/76221-2-0-3.wav,children_playing
/DATA_ROOT/Desktop/matcher/Datasets/Urban8k/audio/fold3/76221-2-0-4.wav,children_playing
/DATA_ROOT/Desktop/matcher/Datasets/Urban8k/audio/fold3/76221-2-0-5.wav,children_playing
/DATA_ROOT/Desktop/matcher/Datasets/Urban8k/audio/fold3/76221-2-0-6.wav,children_playing
/DATA_ROOT/Desktop/matcher/Datasets/Urban8k/audio/fold8/76266-2-0-40.wav,children_playing
/DATA_ROOT/Desktop/matcher/Datasets/Urban8k/audio/fold8/76266-2-0-46.wav,children_playing
/DATA_ROOT/Desktop/matcher/Datasets/Urban8k/audio/fold8/76266-2-0-50.wav,children_playing
/DATA_ROOT/Desktop/matcher/Datasets/Urban8k/audio/fold8/76266-2-0-55.wav,children_playing
/DATA_ROOT/Desktop/matcher/Datasets/Urban8k/audio/fold8/76266-2-0-7.wav,children_playing
/DATA_ROOT/Desktop/matcher/Datasets/Urban8k/audio/fold8/76266-2-0-76.wav,children_playing
/DATA_ROOT/Desktop/matcher/Datasets/Urban8k/audio/fold8/76266-2-0-80.wav,children_playing
/DATA_ROOT/Desktop/matcher/Datasets/Urban8k/audio/fold8/76266-2-0-91.wav,children_playing
/DATA_ROOT/Desktop/matcher/Datasets/Urban8k/audio/fold4/76568-9-0-10.wav,street_music
/DATA_ROOT/Desktop/matcher/Datasets/Urban8k/audio/fold4/76568-9-0-11.wav,street_music
/DATA_ROOT/Desktop/matcher/Datasets/Urban8k/audio/fold4/76568-9-0-12.wav,street_music
/DATA_ROOT/Desktop/matcher/Datasets/Urban8k/audio/fold4/76568-9-0-13.wav,street_music
/DATA_ROOT/Desktop/matcher/Datasets/Urban8k/audio/fold4/76568-9-0-14.wav,street_music
/DATA_ROOT/Desktop/matcher/Datasets/Urban8k/audio/fold4/76568-9-0-2.wav,street_music
/DATA_ROOT/Desktop/matcher/Datasets/Urban8k/audio/fold4/76585-9-0-10.wav,street_music
/DATA_ROOT/Desktop/matcher/Datasets/Urban8k/audio/fold4/76585-9-0-38.wav,street_music
/DATA_ROOT/Desktop/matcher/Datasets/Urban8k/audio/fold4/76585-9-0-5.wav,street_music
/DATA_ROOT/Desktop/matcher/Datasets/Urban8k/audio/fold4/76585-9-0-57.wav,street_music
/DATA_ROOT/Desktop/matcher/Datasets/Urban8k/audio/fold4/76585-9-0-60.wav,street_music
/DATA_ROOT/Desktop/matcher/Datasets/Urban8k/audio/fold4/76585-9-0-69.wav,street_music
/DATA_ROOT/Desktop/matcher/Datasets/Urban8k/audio/fold1/77246-6-0-0.wav,gun_shot
/DATA_ROOT/Desktop/matcher/Datasets/Urban8k/audio/fold5/77247-6-0-0.wav,gun_shot
/DATA_ROOT/Desktop/matcher/Datasets/Urban8k/audio/fold2/77751-4-0-0.wav,drilling
/DATA_ROOT/Desktop/matcher/Datasets/Urban8k/audio/fold2/77751-4-0-1.wav,drilling
/DATA_ROOT/Desktop/matcher/Datasets/Urban8k/audio/fold2/77751-4-1-0.wav,drilling
/DATA_ROOT/Desktop/matcher/Datasets/Urban8k/audio/fold2/77751-4-1-1.wav,drilling
/DATA_ROOT/Desktop/matcher/Datasets/Urban8k/audio/fold2/77751-4-2-0.wav,drilling
/DATA_ROOT/Desktop/matcher/Datasets/Urban8k/audio/fold2/77751-4-3-0.wav,drilling
/DATA_ROOT/Desktop/matcher/Datasets/Urban8k/audio/fold2/77751-4-4-0.wav,drilling
/DATA_ROOT/Desktop/matcher/Datasets/Urban8k/audio/fold2/77751-4-5-0.wav,drilling
/DATA_ROOT/Desktop/matcher/Datasets/Urban8k/audio/fold2/77751-4-6-0.wav,drilling
/DATA_ROOT/Desktop/matcher/Datasets/Urban8k/audio/fold2/77751-4-7-0.wav,drilling
/DATA_ROOT/Desktop/matcher/Datasets/Urban8k/audio/fold2/77751-4-8-0.wav,drilling
/DATA_ROOT/Desktop/matcher/Datasets/Urban8k/audio/fold2/77751-4-9-0.wav,drilling
/DATA_ROOT/Desktop/matcher/Datasets/Urban8k/audio/fold2/77751-4-9-1.wav,drilling
/DATA_ROOT/Desktop/matcher/Datasets/Urban8k/audio/fold2/77751-4-9-2.wav,drilling
/DATA_ROOT/Desktop/matcher/Datasets/Urban8k/audio/fold2/77751-4-9-3.wav,drilling
/DATA_ROOT/Desktop/matcher/Datasets/Urban8k/audio/fold7/77751-7-0-0.wav,jackhammer
/DATA_ROOT/Desktop/matcher/Datasets/Urban8k/audio/fold7/77751-7-0-1.wav,jackhammer
/DATA_ROOT/Desktop/matcher/Datasets/Urban8k/audio/fold7/77751-7-1-0.wav,jackhammer
/DATA_ROOT/Desktop/matcher/Datasets/Urban8k/audio/fold7/77751-7-1-1.wav,jackhammer
/DATA_ROOT/Desktop/matcher/Datasets/Urban8k/audio/fold7/77751-7-2-0.wav,jackhammer
/DATA_ROOT/Desktop/matcher/Datasets/Urban8k/audio/fold7/77751-7-3-0.wav,jackhammer
/DATA_ROOT/Desktop/matcher/Datasets/Urban8k/audio/fold7/77751-7-4-0.wav,jackhammer
/DATA_ROOT/Desktop/matcher/Datasets/Urban8k/audio/fold7/77751-7-5-0.wav,jackhammer
/DATA_ROOT/Desktop/matcher/Datasets/Urban8k/audio/fold7/77751-7-6-0.wav,jackhammer
/DATA_ROOT/Desktop/matcher/Datasets/Urban8k/audio/fold7/77751-7-7-0.wav,jackhammer
/DATA_ROOT/Desktop/matcher/Datasets/Urban8k/audio/fold7/77751-7-8-0.wav,jackhammer
/DATA_ROOT/Desktop/matcher/Datasets/Urban8k/audio/fold7/77751-7-9-0.wav,jackhammer
/DATA_ROOT/Desktop/matcher/Datasets/Urban8k/audio/fold7/77751-7-9-1.wav,jackhammer
/DATA_ROOT/Desktop/matcher/Datasets/Urban8k/audio/fold7/77751-7-9-2.wav,jackhammer
/DATA_ROOT/Desktop/matcher/Datasets/Urban8k/audio/fold7/77751-7-9-3.wav,jackhammer
/DATA_ROOT/Desktop/matcher/Datasets/Urban8k/audio/fold1/77766-9-0-0.wav,street_music
/DATA_ROOT/Desktop/matcher/Datasets/Urban8k/audio/fold1/77766-9-0-3.wav,street_music
/DATA_ROOT/Desktop/matcher/Datasets/Urban8k/audio/fold1/77766-9-0-4.wav,street_music
/DATA_ROOT/Desktop/matcher/Datasets/Urban8k/audio/fold1/77766-9-0-5.wav,street_music
/DATA_ROOT/Desktop/matcher/Datasets/Urban8k/audio/fold1/77766-9-0-6.wav,street_music
/DATA_ROOT/Desktop/matcher/Datasets/Urban8k/audio/fold1/77766-9-0-7.wav,street_music
/DATA_ROOT/Desktop/matcher/Datasets/Urban8k/audio/fold3/77769-9-0-0.wav,street_music
/DATA_ROOT/Desktop/matcher/Datasets/Urban8k/audio/fold3/77769-9-0-12.wav,street_music
/DATA_ROOT/Desktop/matcher/Datasets/Urban8k/audio/fold3/77769-9-0-17.wav,street_music
/DATA_ROOT/Desktop/matcher/Datasets/Urban8k/audio/fold3/77769-9-0-2.wav,street_music
/DATA_ROOT/Desktop/matcher/Datasets/Urban8k/audio/fold3/77769-9-0-4.wav,street_music
/DATA_ROOT/Desktop/matcher/Datasets/Urban8k/audio/fold3/77769-9-0-8.wav,street_music
/DATA_ROOT/Desktop/matcher/Datasets/Urban8k/audio/fold7/77770-9-0-1.wav,street_music
/DATA_ROOT/Desktop/matcher/Datasets/Urban8k/audio/fold7/77770-9-0-15.wav,street_music
/DATA_ROOT/Desktop/matcher/Datasets/Urban8k/audio/fold7/77770-9-0-17.wav,street_music
/DATA_ROOT/Desktop/matcher/Datasets/Urban8k/audio/fold7/77770-9-0-20.wav,street_music
/DATA_ROOT/Desktop/matcher/Datasets/Urban8k/audio/fold7/77770-9-0-6.wav,street_music
/DATA_ROOT/Desktop/matcher/Datasets/Urban8k/audio/fold7/77770-9-0-8.wav,street_music
/DATA_ROOT/Desktop/matcher/Datasets/Urban8k/audio/fold7/77770-9-0-9.wav,street_music
/DATA_ROOT/Desktop/matcher/Datasets/Urban8k/audio/fold5/77774-4-0-0.wav,drilling
/DATA_ROOT/Desktop/matcher/Datasets/Urban8k/audio/fold5/77774-4-0-1.wav,drilling
/DATA_ROOT/Desktop/matcher/Datasets/Urban8k/audio/fold5/77774-4-0-2.wav,drilling
/DATA_ROOT/Desktop/matcher/Datasets/Urban8k/audio/fold5/77774-4-0-3.wav,drilling
/DATA_ROOT/Desktop/matcher/Datasets/Urban8k/audio/fold5/77774-4-1-0.wav,drilling
/DATA_ROOT/Desktop/matcher/Datasets/Urban8k/audio/fold5/77774-4-1-1.wav,drilling
/DATA_ROOT/Desktop/matcher/Datasets/Urban8k/audio/fold10/77901-9-0-0.wav,street_music
/DATA_ROOT/Desktop/matcher/Datasets/Urban8k/audio/fold10/77901-9-0-1.wav,street_music
/DATA_ROOT/Desktop/matcher/Datasets/Urban8k/audio/fold10/77901-9-0-2.wav,street_music
/DATA_ROOT/Desktop/matcher/Datasets/Urban8k/audio/fold10/77901-9-0-3.wav,street_music
/DATA_ROOT/Desktop/matcher/Datasets/Urban8k/audio/fold10/77901-9-0-4.wav,street_music
/DATA_ROOT/Desktop/matcher/Datasets/Urban8k/audio/fold10/77901-9-0-6.wav,street_music
/DATA_ROOT/Desktop/matcher/Datasets/Urban8k/audio/fold10/77901-9-0-7.wav,street_music
/DATA_ROOT/Desktop/matcher/Datasets/Urban8k/audio/fold3/78326-9-0-0.wav,street_music
/DATA_ROOT/Desktop/matcher/Datasets/Urban8k/audio/fold3/78326-9-0-1.wav,street_music
/DATA_ROOT/Desktop/matcher/Datasets/Urban8k/audio/fold3/78326-9-0-3.wav,street_music
/DATA_ROOT/Desktop/matcher/Datasets/Urban8k/audio/fold3/78326-9-0-5.wav,street_music
/DATA_ROOT/Desktop/matcher/Datasets/Urban8k/audio/fold3/78326-9-0-6.wav,street_music
/DATA_ROOT/Desktop/matcher/Datasets/Urban8k/audio/fold3/78326-9-0-7.wav,street_music
/DATA_ROOT/Desktop/matcher/Datasets/Urban8k/audio/fold1/78360-4-0-0.wav,drilling
/DATA_ROOT/Desktop/matcher/Datasets/Urban8k/audio/fold1/78360-4-0-1.wav,drilling
/DATA_ROOT/Desktop/matcher/Datasets/Urban8k/audio/fold1/78360-4-0-11.wav,drilling
/DATA_ROOT/Desktop/matcher/Datasets/Urban8k/audio/fold1/78360-4-0-12.wav,drilling
/DATA_ROOT/Desktop/matcher/Datasets/Urban8k/audio/fold1/78360-4-0-14.wav,drilling
/DATA_ROOT/Desktop/matcher/Datasets/Urban8k/audio/fold1/78360-4-0-15.wav,drilling
/DATA_ROOT/Desktop/matcher/Datasets/Urban8k/audio/fold1/78360-4-0-16.wav,drilling
/DATA_ROOT/Desktop/matcher/Datasets/Urban8k/audio/fold1/78360-4-0-17.wav,drilling
/DATA_ROOT/Desktop/matcher/Datasets/Urban8k/audio/fold1/78360-4-0-18.wav,drilling
/DATA_ROOT/Desktop/matcher/Datasets/Urban8k/audio/fold1/78360-4-0-19.wav,drilling
/DATA_ROOT/Desktop/matcher/Datasets/Urban8k/audio/fold1/78360-4-0-2.wav,drilling
/DATA_ROOT/Desktop/matcher/Datasets/Urban8k/audio/fold1/78360-4-0-20.wav,drilling
/DATA_ROOT/Desktop/matcher/Datasets/Urban8k/audio/fold1/78360-4-0-21.wav,drilling
/DATA_ROOT/Desktop/matcher/Datasets/Urban8k/audio/fold1/78360-4-0-22.wav,drilling
/DATA_ROOT/Desktop/matcher/Datasets/Urban8k/audio/fold1/78360-4-0-23.wav,drilling
/DATA_ROOT/Desktop/matcher/Datasets/Urban8k/audio/fold1/78360-4-0-3.wav,drilling
/DATA_ROOT/Desktop/matcher/Datasets/Urban8k/audio/fold1/78360-4-0-4.wav,drilling
/DATA_ROOT/Desktop/matcher/Datasets/Urban8k/audio/fold1/78360-4-0-5.wav,drilling
/DATA_ROOT/Desktop/matcher/Datasets/Urban8k/audio/fold1/78360-4-0-6.wav,drilling
/DATA_ROOT/Desktop/matcher/Datasets/Urban8k/audio/fold1/78360-4-0-7.wav,drilling
/DATA_ROOT/Desktop/matcher/Datasets/Urban8k/audio/fold1/78360-4-0-8.wav,drilling
/DATA_ROOT/Desktop/matcher/Datasets/Urban8k/audio/fold1/78360-4-0-9.wav,drilling
/DATA_ROOT/Desktop/matcher/Datasets/Urban8k/audio/fold6/78651-5-0-0.wav,engine+engine_idling
/DATA_ROOT/Desktop/matcher/Datasets/Urban8k/audio/fold6/78651-5-0-1.wav,engine+engine_idling
/DATA_ROOT/Desktop/matcher/Datasets/Urban8k/audio/fold6/78651-5-0-10.wav,engine+engine_idling
/DATA_ROOT/Desktop/matcher/Datasets/Urban8k/audio/fold6/78651-5-0-11.wav,engine+engine_idling
/DATA_ROOT/Desktop/matcher/Datasets/Urban8k/audio/fold6/78651-5-0-12.wav,engine+engine_idling
/DATA_ROOT/Desktop/matcher/Datasets/Urban8k/audio/fold6/78651-5-0-13.wav,engine+engine_idling
/DATA_ROOT/Desktop/matcher/Datasets/Urban8k/audio/fold6/78651-5-0-14.wav,engine+engine_idling
/DATA_ROOT/Desktop/matcher/Datasets/Urban8k/audio/fold6/78651-5-0-15.wav,engine+engine_idling
/DATA_ROOT/Desktop/matcher/Datasets/Urban8k/audio/fold6/78651-5-0-16.wav,engine+engine_idling
/DATA_ROOT/Desktop/matcher/Datasets/Urban8k/audio/fold6/78651-5-0-17.wav,engine+engine_idling
/DATA_ROOT/Desktop/matcher/Datasets/Urban8k/audio/fold6/78651-5-0-2.wav,engine+engine_idling
/DATA_ROOT/Desktop/matcher/Datasets/Urban8k/audio/fold6/78651-5-0-3.wav,engine+engine_idling
/DATA_ROOT/Desktop/matcher/Datasets/Urban8k/audio/fold6/78651-5-0-4.wav,engine+engine_idling
/DATA_ROOT/Desktop/matcher/Datasets/Urban8k/audio/fold6/78651-5-0-5.wav,engine+engine_idling
/DATA_ROOT/Desktop/matcher/Datasets/Urban8k/audio/fold6/78651-5-0-6.wav,engine+engine_idling
/DATA_ROOT/Desktop/matcher/Datasets/Urban8k/audio/fold6/78651-5-0-7.wav,engine+engine_idling
/DATA_ROOT/Desktop/matcher/Datasets/Urban8k/audio/fold6/78651-5-0-8.wav,engine+engine_idling
/DATA_ROOT/Desktop/matcher/Datasets/Urban8k/audio/fold6/78651-5-0-9.wav,engine+engine_idling
/DATA_ROOT/Desktop/matcher/Datasets/Urban8k/audio/fold3/78776-6-0-0.wav,gun_shot
/DATA_ROOT/Desktop/matcher/Datasets/Urban8k/audio/fold9/79089-0-0-106.wav,air_conditioner
/DATA_ROOT/Desktop/matcher/Datasets/Urban8k/audio/fold9/79089-0-0-115.wav,air_conditioner
/DATA_ROOT/Desktop/matcher/Datasets/Urban8k/audio/fold9/79089-0-0-12.wav,air_conditioner
/DATA_ROOT/Desktop/matcher/Datasets/Urban8k/audio/fold9/79089-0-0-122.wav,air_conditioner
/DATA_ROOT/Desktop/matcher/Datasets/Urban8k/audio/fold9/79089-0-0-123.wav,air_conditioner
/DATA_ROOT/Desktop/matcher/Datasets/Urban8k/audio/fold9/79089-0-0-134.wav,air_conditioner
/DATA_ROOT/Desktop/matcher/Datasets/Urban8k/audio/fold9/79089-0-0-135.wav,air_conditioner
/DATA_ROOT/Desktop/matcher/Datasets/Urban8k/audio/fold9/79089-0-0-136.wav,air_conditioner
/DATA_ROOT/Desktop/matcher/Datasets/Urban8k/audio/fold9/79089-0-0-138.wav,air_conditioner
/DATA_ROOT/Desktop/matcher/Datasets/Urban8k/audio/fold9/79089-0-0-19.wav,air_conditioner
/DATA_ROOT/Desktop/matcher/Datasets/Urban8k/audio/fold9/79089-0-0-25.wav,air_conditioner
/DATA_ROOT/Desktop/matcher/Datasets/Urban8k/audio/fold9/79089-0-0-28.wav,air_conditioner
/DATA_ROOT/Desktop/matcher/Datasets/Urban8k/audio/fold9/79089-0-0-4.wav,air_conditioner
/DATA_ROOT/Desktop/matcher/Datasets/Urban8k/audio/fold9/79089-0-0-40.wav,air_conditioner
/DATA_ROOT/Desktop/matcher/Datasets/Urban8k/audio/fold9/79089-0-0-41.wav,air_conditioner
/DATA_ROOT/Desktop/matcher/Datasets/Urban8k/audio/fold9/79089-0-0-43.wav,air_conditioner
/DATA_ROOT/Desktop/matcher/Datasets/Urban8k/audio/fold9/79089-0-0-48.wav,air_conditioner
/DATA_ROOT/Desktop/matcher/Datasets/Urban8k/audio/fold9/79089-0-0-51.wav,air_conditioner
/DATA_ROOT/Desktop/matcher/Datasets/Urban8k/audio/fold9/79089-0-0-52.wav,air_conditioner
/DATA_ROOT/Desktop/matcher/Datasets/Urban8k/audio/fold9/79089-0-0-56.wav,air_conditioner
/DATA_ROOT/Desktop/matcher/Datasets/Urban8k/audio/fold9/79089-0-0-6.wav,air_conditioner
/DATA_ROOT/Desktop/matcher/Datasets/Urban8k/audio/fold9/79089-0-0-60.wav,air_conditioner
/DATA_ROOT/Desktop/matcher/Datasets/Urban8k/audio/fold9/79089-0-0-63.wav,air_conditioner
/DATA_ROOT/Desktop/matcher/Datasets/Urban8k/audio/fold9/79089-0-0-70.wav,air_conditioner
/DATA_ROOT/Desktop/matcher/Datasets/Urban8k/audio/fold9/79089-0-0-73.wav,air_conditioner
/DATA_ROOT/Desktop/matcher/Datasets/Urban8k/audio/fold9/79089-0-0-75.wav,air_conditioner
/DATA_ROOT/Desktop/matcher/Datasets/Urban8k/audio/fold9/79089-0-0-92.wav,air_conditioner
/DATA_ROOT/Desktop/matcher/Datasets/Urban8k/audio/fold2/79377-9-0-10.wav,street_music
/DATA_ROOT/Desktop/matcher/Datasets/Urban8k/audio/fold2/79377-9-0-12.wav,street_music
/DATA_ROOT/Desktop/matcher/Datasets/Urban8k/audio/fold2/79377-9-0-13.wav,street_music
/DATA_ROOT/Desktop/matcher/Datasets/Urban8k/audio/fold2/79377-9-0-2.wav,street_music
/DATA_ROOT/Desktop/matcher/Datasets/Urban8k/audio/fold2/79377-9-0-4.wav,street_music
/DATA_ROOT/Desktop/matcher/Datasets/Urban8k/audio/fold2/79377-9-0-8.wav,street_music
/DATA_ROOT/Desktop/matcher/Datasets/Urban8k/audio/fold8/80589-0-0-0.wav,air_conditioner
/DATA_ROOT/Desktop/matcher/Datasets/Urban8k/audio/fold8/80589-0-0-1.wav,air_conditioner
/DATA_ROOT/Desktop/matcher/Datasets/Urban8k/audio/fold8/80589-0-0-2.wav,air_conditioner
/DATA_ROOT/Desktop/matcher/Datasets/Urban8k/audio/fold8/80589-0-0-3.wav,air_conditioner
/DATA_ROOT/Desktop/matcher/Datasets/Urban8k/audio/fold8/80589-0-0-4.wav,air_conditioner
/DATA_ROOT/Desktop/matcher/Datasets/Urban8k/audio/fold5/80806-2-0-0.wav,children_playing
/DATA_ROOT/Desktop/matcher/Datasets/Urban8k/audio/fold5/80806-2-0-1.wav,children_playing
/DATA_ROOT/Desktop/matcher/Datasets/Urban8k/audio/fold5/80806-2-0-10.wav,children_playing
/DATA_ROOT/Desktop/matcher/Datasets/Urban8k/audio/fold5/80806-2-0-2.wav,children_playing
/DATA_ROOT/Desktop/matcher/Datasets/Urban8k/audio/fold5/80806-2-0-3.wav,children_playing
/DATA_ROOT/Desktop/matcher/Datasets/Urban8k/audio/fold5/80806-2-0-4.wav,children_playing
/DATA_ROOT/Desktop/matcher/Datasets/Urban8k/audio/fold5/80806-2-0-5.wav,children_playing
/DATA_ROOT/Desktop/matcher/Datasets/Urban8k/audio/fold5/80806-2-0-7.wav,children_playing
/DATA_ROOT/Desktop/matcher/Datasets/Urban8k/audio/fold4/81068-5-0-0.wav,engine+engine_idling
/DATA_ROOT/Desktop/matcher/Datasets/Urban8k/audio/fold4/81068-5-0-1.wav,engine+engine_idling
/DATA_ROOT/Desktop/matcher/Datasets/Urban8k/audio/fold4/81068-5-0-2.wav,engine+engine_idling
/DATA_ROOT/Desktop/matcher/Datasets/Urban8k/audio/fold4/81068-5-0-3.wav,engine+engine_idling
/DATA_ROOT/Desktop/matcher/Datasets/Urban8k/audio/fold4/81068-5-0-4.wav,engine+engine_idling
/DATA_ROOT/Desktop/matcher/Datasets/Urban8k/audio/fold4/81068-5-0-5.wav,engine+engine_idling
/DATA_ROOT/Desktop/matcher/Datasets/Urban8k/audio/fold4/81068-5-1-0.wav,engine+engine_idling
/DATA_ROOT/Desktop/matcher/Datasets/Urban8k/audio/fold4/81068-5-2-0.wav,engine+engine_idling
/DATA_ROOT/Desktop/matcher/Datasets/Urban8k/audio/fold9/81117-4-0-0.wav,drilling
/DATA_ROOT/Desktop/matcher/Datasets/Urban8k/audio/fold9/81117-4-0-1.wav,drilling
/DATA_ROOT/Desktop/matcher/Datasets/Urban8k/audio/fold9/81117-4-0-2.wav,drilling
/DATA_ROOT/Desktop/matcher/Datasets/Urban8k/audio/fold9/81117-4-0-3.wav,drilling
/DATA_ROOT/Desktop/matcher/Datasets/Urban8k/audio/fold9/81117-4-0-4.wav,drilling
/DATA_ROOT/Desktop/matcher/Datasets/Urban8k/audio/fold9/81117-4-0-5.wav,drilling
/DATA_ROOT/Desktop/matcher/Datasets/Urban8k/audio/fold8/81787-2-0-0.wav,children_playing
/DATA_ROOT/Desktop/matcher/Datasets/Urban8k/audio/fold8/81787-2-0-14.wav,children_playing
/DATA_ROOT/Desktop/matcher/Datasets/Urban8k/audio/fold8/81787-2-0-23.wav,children_playing
/DATA_ROOT/Desktop/matcher/Datasets/Urban8k/audio/fold8/81787-2-0-35.wav,children_playing
/DATA_ROOT/Desktop/matcher/Datasets/Urban8k/audio/fold8/81787-2-0-39.wav,children_playing
/DATA_ROOT/Desktop/matcher/Datasets/Urban8k/audio/fold8/81787-2-0-4.wav,children_playing
/DATA_ROOT/Desktop/matcher/Datasets/Urban8k/audio/fold8/81787-2-0-48.wav,children_playing
/DATA_ROOT/Desktop/matcher/Datasets/Urban8k/audio/fold8/81787-2-0-49.wav,children_playing
/DATA_ROOT/Desktop/matcher/Datasets/Urban8k/audio/fold7/81788-2-0-12.wav,children_playing
/DATA_ROOT/Desktop/matcher/Datasets/Urban8k/audio/fold7/81788-2-0-14.wav,children_playing
/DATA_ROOT/Desktop/matcher/Datasets/Urban8k/audio/fold7/81788-2-0-16.wav,children_playing
/DATA_ROOT/Desktop/matcher/Datasets/Urban8k/audio/fold7/81788-2-0-35.wav,children_playing
/DATA_ROOT/Desktop/matcher/Datasets/Urban8k/audio/fold7/81788-2-0-44.wav,children_playing
/DATA_ROOT/Desktop/matcher/Datasets/Urban8k/audio/fold7/81788-2-0-51.wav,children_playing
/DATA_ROOT/Desktop/matcher/Datasets/Urban8k/audio/fold7/81788-2-0-69.wav,children_playing
/DATA_ROOT/Desktop/matcher/Datasets/Urban8k/audio/fold6/82368-2-0-0.wav,children_playing
/DATA_ROOT/Desktop/matcher/Datasets/Urban8k/audio/fold6/82368-2-0-1.wav,children_playing
/DATA_ROOT/Desktop/matcher/Datasets/Urban8k/audio/fold6/82368-2-0-10.wav,children_playing
/DATA_ROOT/Desktop/matcher/Datasets/Urban8k/audio/fold6/82368-2-0-17.wav,children_playing
/DATA_ROOT/Desktop/matcher/Datasets/Urban8k/audio/fold6/82368-2-0-23.wav,children_playing
/DATA_ROOT/Desktop/matcher/Datasets/Urban8k/audio/fold6/82368-2-0-25.wav,children_playing
/DATA_ROOT/Desktop/matcher/Datasets/Urban8k/audio/fold6/82368-2-0-30.wav,children_playing
/DATA_ROOT/Desktop/matcher/Datasets/Urban8k/audio/fold6/82368-2-0-7.wav,children_playing
/DATA_ROOT/Desktop/matcher/Datasets/Urban8k/audio/fold10/83191-9-0-0.wav,street_music
/DATA_ROOT/Desktop/matcher/Datasets/Urban8k/audio/fold10/83191-9-0-11.wav,street_music
/DATA_ROOT/Desktop/matcher/Datasets/Urban8k/audio/fold10/83191-9-0-13.wav,street_music
/DATA_ROOT/Desktop/matcher/Datasets/Urban8k/audio/fold10/83191-9-0-17.wav,street_music
/DATA_ROOT/Desktop/matcher/Datasets/Urban8k/audio/fold10/83191-9-0-4.wav,street_music
/DATA_ROOT/Desktop/matcher/Datasets/Urban8k/audio/fold10/83191-9-0-6.wav,street_music
/DATA_ROOT/Desktop/matcher/Datasets/Urban8k/audio/fold10/83195-9-0-11.wav,street_music
/DATA_ROOT/Desktop/matcher/Datasets/Urban8k/audio/fold10/83195-9-0-14.wav,street_music
/DATA_ROOT/Desktop/matcher/Datasets/Urban8k/audio/fold10/83195-9-0-2.wav,street_music
/DATA_ROOT/Desktop/matcher/Datasets/Urban8k/audio/fold10/83195-9-0-3.wav,street_music
/DATA_ROOT/Desktop/matcher/Datasets/Urban8k/audio/fold10/83195-9-0-6.wav,street_music
/DATA_ROOT/Desktop/matcher/Datasets/Urban8k/audio/fold10/83195-9-0-7.wav,street_music
/DATA_ROOT/Desktop/matcher/Datasets/Urban8k/audio/fold5/83196-9-0-10.wav,street_music
/DATA_ROOT/Desktop/matcher/Datasets/Urban8k/audio/fold5/83196-9-0-13.wav,street_music
/DATA_ROOT/Desktop/matcher/Datasets/Urban8k/audio/fold5/83196-9-0-14.wav,street_music
/DATA_ROOT/Desktop/matcher/Datasets/Urban8k/audio/fold5/83196-9-0-15.wav,street_music
/DATA_ROOT/Desktop/matcher/Datasets/Urban8k/audio/fold5/83196-9-0-3.wav,street_music
/DATA_ROOT/Desktop/matcher/Datasets/Urban8k/audio/fold5/83196-9-0-9.wav,street_music
/DATA_ROOT/Desktop/matcher/Datasets/Urban8k/audio/fold1/83199-9-0-0.wav,street_music
/DATA_ROOT/Desktop/matcher/Datasets/Urban8k/audio/fold10/83502-0-0-0.wav,air_conditioner
/DATA_ROOT/Desktop/matcher/Datasets/Urban8k/audio/fold10/83502-0-0-1.wav,air_conditioner
/DATA_ROOT/Desktop/matcher/Datasets/Urban8k/audio/fold10/83502-0-0-10.wav,air_conditioner
/DATA_ROOT/Desktop/matcher/Datasets/Urban8k/audio/fold10/83502-0-0-11.wav,air_conditioner
/DATA_ROOT/Desktop/matcher/Datasets/Urban8k/audio/fold10/83502-0-0-12.wav,air_conditioner
/DATA_ROOT/Desktop/matcher/Datasets/Urban8k/audio/fold10/83502-0-0-13.wav,air_conditioner
/DATA_ROOT/Desktop/matcher/Datasets/Urban8k/audio/fold10/83502-0-0-2.wav,air_conditioner
/DATA_ROOT/Desktop/matcher/Datasets/Urban8k/audio/fold10/83502-0-0-3.wav,air_conditioner
/DATA_ROOT/Desktop/matcher/Datasets/Urban8k/audio/fold10/83502-0-0-4.wav,air_conditioner
/DATA_ROOT/Desktop/matcher/Datasets/Urban8k/audio/fold10/83502-0-0-5.wav,air_conditioner
/DATA_ROOT/Desktop/matcher/Datasets/Urban8k/audio/fold10/83502-0-0-6.wav,air_conditioner
/DATA_ROOT/Desktop/matcher/Datasets/Urban8k/audio/fold10/83502-0-0-7.wav,air_conditioner
/DATA_ROOT/Desktop/matcher/Datasets/Urban8k/audio/fold10/83502-0-0-8.wav,air_conditioner
/DATA_ROOT/Desktop/matcher/Datasets/Urban8k/audio/fold10/83502-0-0-9.wav,air_conditioner
/DATA_ROOT/Desktop/matcher/Datasets/Urban8k/audio/fold6/83680-5-0-0.wav,engine+engine_idling
/DATA_ROOT/Desktop/matcher/Datasets/Urban8k/audio/fold6/83680-5-0-1.wav,engine+engine_idling
/DATA_ROOT/Desktop/matcher/Datasets/Urban8k/audio/fold6/83680-5-0-2.wav,engine+engine_idling
/DATA_ROOT/Desktop/matcher/Datasets/Urban8k/audio/fold6/83680-5-0-3.wav,engine+engine_idling
/DATA_ROOT/Desktop/matcher/Datasets/Urban8k/audio/fold7/84143-2-0-10.wav,children_playing
/DATA_ROOT/Desktop/matcher/Datasets/Urban8k/audio/fold7/84143-2-0-12.wav,children_playing
/DATA_ROOT/Desktop/matcher/Datasets/Urban8k/audio/fold7/84143-2-0-13.wav,children_playing
/DATA_ROOT/Desktop/matcher/Datasets/Urban8k/audio/fold7/84143-2-0-14.wav,children_playing
/DATA_ROOT/Desktop/matcher/Datasets/Urban8k/audio/fold7/84143-2-0-15.wav,children_playing
/DATA_ROOT/Desktop/matcher/Datasets/Urban8k/audio/fold7/84143-2-0-32.wav,children_playing
/DATA_ROOT/Desktop/matcher/Datasets/Urban8k/audio/fold7/84143-2-0-38.wav,children_playing
/DATA_ROOT/Desktop/matcher/Datasets/Urban8k/audio/fold7/84143-2-0-7.wav,children_playing
/DATA_ROOT/Desktop/matcher/Datasets/Urban8k/audio/fold10/84249-9-0-10.wav,street_music
/DATA_ROOT/Desktop/matcher/Datasets/Urban8k/audio/fold10/84249-9-0-11.wav,street_music
/DATA_ROOT/Desktop/matcher/Datasets/Urban8k/audio/fold10/84249-9-0-3.wav,street_music
/DATA_ROOT/Desktop/matcher/Datasets/Urban8k/audio/fold10/84249-9-0-6.wav,street_music
/DATA_ROOT/Desktop/matcher/Datasets/Urban8k/audio/fold10/84249-9-0-7.wav,street_music
/DATA_ROOT/Desktop/matcher/Datasets/Urban8k/audio/fold10/84249-9-0-8.wav,street_music
/DATA_ROOT/Desktop/matcher/Datasets/Urban8k/audio/fold5/84254-6-0-0.wav,gun_shot
/DATA_ROOT/Desktop/matcher/Datasets/Urban8k/audio/fold2/84359-2-0-0.wav,children_playing
/DATA_ROOT/Desktop/matcher/Datasets/Urban8k/audio/fold2/84359-2-0-1.wav,children_playing
/DATA_ROOT/Desktop/matcher/Datasets/Urban8k/audio/fold2/84359-2-0-2.wav,children_playing
/DATA_ROOT/Desktop/matcher/Datasets/Urban8k/audio/fold2/84359-2-0-5.wav,children_playing
/DATA_ROOT/Desktop/matcher/Datasets/Urban8k/audio/fold2/84359-2-0-6.wav,children_playing
/DATA_ROOT/Desktop/matcher/Datasets/Urban8k/audio/fold2/84359-2-0-8.wav,children_playing
/DATA_ROOT/Desktop/matcher/Datasets/Urban8k/audio/fold2/84359-2-0-9.wav,children_playing
/DATA_ROOT/Desktop/matcher/Datasets/Urban8k/audio/fold5/84699-4-0-0.wav,drilling
/DATA_ROOT/Desktop/matcher/Datasets/Urban8k/audio/fold5/84699-4-1-0.wav,drilling
/DATA_ROOT/Desktop/matcher/Datasets/Urban8k/audio/fold5/84699-4-2-0.wav,drilling
/DATA_ROOT/Desktop/matcher/Datasets/Urban8k/audio/fold5/84699-4-3-0.wav,drilling
/DATA_ROOT/Desktop/matcher/Datasets/Urban8k/audio/fold5/84699-4-4-0.wav,drilling
/DATA_ROOT/Desktop/matcher/Datasets/Urban8k/audio/fold5/84699-4-5-0.wav,drilling
/DATA_ROOT/Desktop/matcher/Datasets/Urban8k/audio/fold5/84699-4-6-0.wav,drilling
/DATA_ROOT/Desktop/matcher/Datasets/Urban8k/audio/fold6/85249-2-0-10.wav,children_playing
/DATA_ROOT/Desktop/matcher/Datasets/Urban8k/audio/fold6/85249-2-0-14.wav,children_playing
/DATA_ROOT/Desktop/matcher/Datasets/Urban8k/audio/fold6/85249-2-0-25.wav,children_playing
/DATA_ROOT/Desktop/matcher/Datasets/Urban8k/audio/fold6/85249-2-0-29.wav,children_playing
/DATA_ROOT/Desktop/matcher/Datasets/Urban8k/audio/fold6/85249-2-0-61.wav,children_playing
/DATA_ROOT/Desktop/matcher/Datasets/Urban8k/audio/fold6/85249-2-0-62.wav,children_playing
/DATA_ROOT/Desktop/matcher/Datasets/Urban8k/audio/fold6/85249-2-0-68.wav,children_playing
/DATA_ROOT/Desktop/matcher/Datasets/Urban8k/audio/fold6/85249-2-0-79.wav,children_playing
/DATA_ROOT/Desktop/matcher/Datasets/Urban8k/audio/fold5/85569-0-0-0.wav,air_conditioner
/DATA_ROOT/Desktop/matcher/Datasets/Urban8k/audio/fold5/85569-0-0-1.wav,air_conditioner
/DATA_ROOT/Desktop/matcher/Datasets/Urban8k/audio/fold5/85569-0-0-2.wav,air_conditioner
/DATA_ROOT/Desktop/matcher/Datasets/Urban8k/audio/fold5/85569-0-0-3.wav,air_conditioner
/DATA_ROOT/Desktop/matcher/Datasets/Urban8k/audio/fold5/85569-0-0-4.wav,air_conditioner
/DATA_ROOT/Desktop/matcher/Datasets/Urban8k/audio/fold5/85569-0-0-5.wav,air_conditioner
/DATA_ROOT/Desktop/matcher/Datasets/Urban8k/audio/fold5/85569-0-0-6.wav,air_conditioner
/DATA_ROOT/Desktop/matcher/Datasets/Urban8k/audio/fold5/85569-0-0-7.wav,air_conditioner
/DATA_ROOT/Desktop/matcher/Datasets/Urban8k/audio/fold5/85569-0-0-8.wav,air_conditioner
/DATA_ROOT/Desktop/matcher/Datasets/Urban8k/audio/fold5/85569-0-0-9.wav,air_conditioner
/DATA_ROOT/Desktop/matcher/Datasets/Urban8k/audio/fold1/86278-6-0-0.wav,gun_shot
/DATA_ROOT/Desktop/matcher/Datasets/Urban8k/audio/fold9/87562-6-0-0.wav,gun_shot
/DATA_ROOT/Desktop/matcher/Datasets/Urban8k/audio/fold1/88466-7-0-0.wav,jackhammer
/DATA_ROOT/Desktop/matcher/Datasets/Urban8k/audio/fold3/88569-2-0-14.wav,children_playing
/DATA_ROOT/Desktop/matcher/Datasets/Urban8k/audio/fold3/88569-2-0-21.wav,children_playing
/DATA_ROOT/Desktop/matcher/Datasets/Urban8k/audio/fold3/88569-2-0-36.wav,children_playing
/DATA_ROOT/Desktop/matcher/Datasets/Urban8k/audio/fold3/88569-2-0-54.wav,children_playing
/DATA_ROOT/Desktop/matcher/Datasets/Urban8k/audio/fold3/88569-2-0-67.wav,children_playing
/DATA_ROOT/Desktop/matcher/Datasets/Urban8k/audio/fold3/88569-2-0-77.wav,children_playing
/DATA_ROOT/Desktop/matcher/Datasets/Urban8k/audio/fold3/88569-2-0-85.wav,children_playing
/DATA_ROOT/Desktop/matcher/Datasets/Urban8k/audio/fold7/89099-4-0-0.wav,drilling
/DATA_ROOT/Desktop/matcher/Datasets/Urban8k/audio/fold7/89099-4-0-1.wav,drilling
/DATA_ROOT/Desktop/matcher/Datasets/Urban8k/audio/fold7/89099-4-0-2.wav,drilling
/DATA_ROOT/Desktop/matcher/Datasets/Urban8k/audio/fold6/89442-9-0-14.wav,street_music
/DATA_ROOT/Desktop/matcher/Datasets/Urban8k/audio/fold6/89442-9-0-17.wav,street_music
/DATA_ROOT/Desktop/matcher/Datasets/Urban8k/audio/fold6/89442-9-0-34.wav,street_music
/DATA_ROOT/Desktop/matcher/Datasets/Urban8k/audio/fold6/89442-9-0-5.wav,street_music
/DATA_ROOT/Desktop/matcher/Datasets/Urban8k/audio/fold6/89442-9-0-6.wav,street_music
/DATA_ROOT/Desktop/matcher/Datasets/Urban8k/audio/fold6/89442-9-0-7.wav,street_music
/DATA_ROOT/Desktop/matcher/Datasets/Urban8k/audio/fold7/89443-9-0-1.wav,street_music
/DATA_ROOT/Desktop/matcher/Datasets/Urban8k/audio/fold7/89443-9-0-16.wav,street_music
/DATA_ROOT/Desktop/matcher/Datasets/Urban8k/audio/fold7/89443-9-0-17.wav,street_music
/DATA_ROOT/Desktop/matcher/Datasets/Urban8k/audio/fold7/89443-9-0-2.wav,street_music
/DATA_ROOT/Desktop/matcher/Datasets/Urban8k/audio/fold7/89443-9-0-48.wav,street_music
/DATA_ROOT/Desktop/matcher/Datasets/Urban8k/audio/fold7/89443-9-0-50.wav,street_music
/DATA_ROOT/Desktop/matcher/Datasets/Urban8k/audio/fold5/89724-5-0-0.wav,engine+engine_idling
/DATA_ROOT/Desktop/matcher/Datasets/Urban8k/audio/fold5/89724-5-0-1.wav,engine+engine_idling
/DATA_ROOT/Desktop/matcher/Datasets/Urban8k/audio/fold5/89724-5-0-2.wav,engine+engine_idling
/DATA_ROOT/Desktop/matcher/Datasets/Urban8k/audio/fold5/89724-5-0-3.wav,engine+engine_idling
/DATA_ROOT/Desktop/matcher/Datasets/Urban8k/audio/fold5/89724-5-0-4.wav,engine+engine_idling
/DATA_ROOT/Desktop/matcher/Datasets/Urban8k/audio/fold5/89724-5-0-5.wav,engine+engine_idling
/DATA_ROOT/Desktop/matcher/Datasets/Urban8k/audio/fold1/89948-5-0-0.wav,engine+engine_idling
/DATA_ROOT/Desktop/matcher/Datasets/Urban8k/audio/fold5/90013-7-0-0.wav,jackhammer
/DATA_ROOT/Desktop/matcher/Datasets/Urban8k/audio/fold5/90013-7-0-1.wav,jackhammer
/DATA_ROOT/Desktop/matcher/Datasets/Urban8k/audio/fold5/90013-7-0-2.wav,jackhammer
/DATA_ROOT/Desktop/matcher/Datasets/Urban8k/audio/fold5/90013-7-0-3.wav,jackhammer
/DATA_ROOT/Desktop/matcher/Datasets/Urban8k/audio/fold5/90013-7-0-4.wav,jackhammer
/DATA_ROOT/Desktop/matcher/Datasets/Urban8k/audio/fold5/90013-7-0-5.wav,jackhammer
/DATA_ROOT/Desktop/matcher/Datasets/Urban8k/audio/fold5/90013-7-0-6.wav,jackhammer
/DATA_ROOT/Desktop/matcher/Datasets/Urban8k/audio/fold5/90013-7-0-7.wav,jackhammer
/DATA_ROOT/Desktop/matcher/Datasets/Urban8k/audio/fold5/90013-7-1-0.wav,jackhammer
/DATA_ROOT/Desktop/matcher/Datasets/Urban8k/audio/fold5/90013-7-1-1.wav,jackhammer
/DATA_ROOT/Desktop/matcher/Datasets/Urban8k/audio/fold5/90013-7-1-2.wav,jackhammer
/DATA_ROOT/Desktop/matcher/Datasets/Urban8k/audio/fold5/90013-7-1-3.wav,jackhammer
/DATA_ROOT/Desktop/matcher/Datasets/Urban8k/audio/fold5/90013-7-1-4.wav,jackhammer
/DATA_ROOT/Desktop/matcher/Datasets/Urban8k/audio/fold5/90013-7-1-5.wav,jackhammer
/DATA_ROOT/Desktop/matcher/Datasets/Urban8k/audio/fold8/91209-5-0-0.wav,engine+engine_idling
/DATA_ROOT/Desktop/matcher/Datasets/Urban8k/audio/fold8/91209-5-0-1.wav,engine+engine_idling
/DATA_ROOT/Desktop/matcher/Datasets/Urban8k/audio/fold8/91209-5-0-2.wav,engine+engine_idling
/DATA_ROOT/Desktop/matcher/Datasets/Urban8k/audio/fold8/91209-5-1-0.wav,engine+engine_idling
/DATA_ROOT/Desktop/matcher/Datasets/Urban8k/audio/fold8/91209-5-1-1.wav,engine+engine_idling
/DATA_ROOT/Desktop/matcher/Datasets/Urban8k/audio/fold8/91209-5-1-2.wav,engine+engine_idling
/DATA_ROOT/Desktop/matcher/Datasets/Urban8k/audio/fold8/91209-5-1-3.wav,engine+engine_idling
/DATA_ROOT/Desktop/matcher/Datasets/Urban8k/audio/fold8/91209-5-1-4.wav,engine+engine_idling
/DATA_ROOT/Desktop/matcher/Datasets/Urban8k/audio/fold8/91209-5-1-5.wav,engine+engine_idling
/DATA_ROOT/Desktop/matcher/Datasets/Urban8k/audio/fold5/91533-5-0-0.wav,engine+engine_idling
/DATA_ROOT/Desktop/matcher/Datasets/Urban8k/audio/fold5/91533-5-0-1.wav,engine+engine_idling
/DATA_ROOT/Desktop/matcher/Datasets/Urban8k/audio/fold5/91533-5-0-2.wav,engine+engine_idling
/DATA_ROOT/Desktop/matcher/Datasets/Urban8k/audio/fold5/91533-5-0-3.wav,engine+engine_idling
/DATA_ROOT/Desktop/matcher/Datasets/Urban8k/audio/fold3/9223-2-0-10.wav,children_playing
/DATA_ROOT/Desktop/matcher/Datasets/Urban8k/audio/fold3/9223-2-0-15.wav,children_playing
/DATA_ROOT/Desktop/matcher/Datasets/Urban8k/audio/fold3/9223-2-0-17.wav,children_playing
/DATA_ROOT/Desktop/matcher/Datasets/Urban8k/audio/fold3/9223-2-0-2.wav,children_playing
/DATA_ROOT/Desktop/matcher/Datasets/Urban8k/audio/fold3/9223-2-0-4.wav,children_playing
/DATA_ROOT/Desktop/matcher/Datasets/Urban8k/audio/fold3/9223-2-0-5.wav,children_playing
/DATA_ROOT/Desktop/matcher/Datasets/Urban8k/audio/fold3/9223-2-0-9.wav,children_playing
/DATA_ROOT/Desktop/matcher/Datasets/Urban8k/audio/fold3/93065-9-0-12.wav,street_music
/DATA_ROOT/Desktop/matcher/Datasets/Urban8k/audio/fold3/93065-9-0-14.wav,street_music
/DATA_ROOT/Desktop/matcher/Datasets/Urban8k/audio/fold3/93065-9-0-17.wav,street_music
/DATA_ROOT/Desktop/matcher/Datasets/Urban8k/audio/fold3/93065-9-0-2.wav,street_music
/DATA_ROOT/Desktop/matcher/Datasets/Urban8k/audio/fold3/93065-9-0-4.wav,street_music
/DATA_ROOT/Desktop/matcher/Datasets/Urban8k/audio/fold3/93065-9-0-7.wav,street_music
/DATA_ROOT/Desktop/matcher/Datasets/Urban8k/audio/fold5/93139-6-0-0.wav,gun_shot
/DATA_ROOT/Desktop/matcher/Datasets/Urban8k/audio/fold2/93193-9-0-4.wav,street_music
/DATA_ROOT/Desktop/matcher/Datasets/Urban8k/audio/fold2/93193-9-1-11.wav,street_music
/DATA_ROOT/Desktop/matcher/Datasets/Urban8k/audio/fold2/93193-9-1-18.wav,street_music
/DATA_ROOT/Desktop/matcher/Datasets/Urban8k/audio/fold2/93193-9-1-19.wav,street_music
/DATA_ROOT/Desktop/matcher/Datasets/Urban8k/audio/fold2/93193-9-1-22.wav,street_music
/DATA_ROOT/Desktop/matcher/Datasets/Urban8k/audio/fold2/93193-9-1-6.wav,street_music
/DATA_ROOT/Desktop/matcher/Datasets/Urban8k/audio/fold9/94182-9-0-0.wav,street_music
/DATA_ROOT/Desktop/matcher/Datasets/Urban8k/audio/fold9/94182-9-0-10.wav,street_music
/DATA_ROOT/Desktop/matcher/Datasets/Urban8k/audio/fold9/94182-9-0-16.wav,street_music
/DATA_ROOT/Desktop/matcher/Datasets/Urban8k/audio/fold9/94182-9-0-20.wav,street_music
/DATA_ROOT/Desktop/matcher/Datasets/Urban8k/audio/fold9/94182-9-0-23.wav,street_music
/DATA_ROOT/Desktop/matcher/Datasets/Urban8k/audio/fold9/94182-9-0-25.wav,street_music
/DATA_ROOT/Desktop/matcher/Datasets/Urban8k/audio/fold9/94182-9-0-9.wav,street_music
/DATA_ROOT/Desktop/matcher/Datasets/Urban8k/audio/fold3/94631-9-0-12.wav,street_music
/DATA_ROOT/Desktop/matcher/Datasets/Urban8k/audio/fold3/94631-9-0-16.wav,street_music
/DATA_ROOT/Desktop/matcher/Datasets/Urban8k/audio/fold3/94631-9-1-16.wav,street_music
/DATA_ROOT/Desktop/matcher/Datasets/Urban8k/audio/fold3/94631-9-1-2.wav,street_music
/DATA_ROOT/Desktop/matcher/Datasets/Urban8k/audio/fold3/94631-9-1-25.wav,street_music
/DATA_ROOT/Desktop/matcher/Datasets/Urban8k/audio/fold3/94631-9-1-3.wav,street_music
/DATA_ROOT/Desktop/matcher/Datasets/Urban8k/audio/fold6/94632-5-0-0.wav,engine+engine_idling
/DATA_ROOT/Desktop/matcher/Datasets/Urban8k/audio/fold6/94632-5-0-10.wav,engine+engine_idling
/DATA_ROOT/Desktop/matcher/Datasets/Urban8k/audio/fold6/94632-5-0-13.wav,engine+engine_idling
/DATA_ROOT/Desktop/matcher/Datasets/Urban8k/audio/fold6/94632-5-0-14.wav,engine+engine_idling
/DATA_ROOT/Desktop/matcher/Datasets/Urban8k/audio/fold6/94632-5-0-15.wav,engine+engine_idling
/DATA_ROOT/Desktop/matcher/Datasets/Urban8k/audio/fold6/94632-5-0-2.wav,engine+engine_idling
/DATA_ROOT/Desktop/matcher/Datasets/Urban8k/audio/fold6/94632-5-0-21.wav,engine+engine_idling
/DATA_ROOT/Desktop/matcher/Datasets/Urban8k/audio/fold6/94632-5-0-22.wav,engine+engine_idling
/DATA_ROOT/Desktop/matcher/Datasets/Urban8k/audio/fold6/94632-5-0-25.wav,engine+engine_idling
/DATA_ROOT/Desktop/matcher/Datasets/Urban8k/audio/fold6/94632-5-0-27.wav,engine+engine_idling
/DATA_ROOT/Desktop/matcher/Datasets/Urban8k/audio/fold6/94632-5-0-28.wav,engine+engine_idling
/DATA_ROOT/Desktop/matcher/Datasets/Urban8k/audio/fold6/94632-5-0-29.wav,engine+engine_idling
/DATA_ROOT/Desktop/matcher/Datasets/Urban8k/audio/fold6/94632-5-0-31.wav,engine+engine_idling
/DATA_ROOT/Desktop/matcher/Datasets/Urban8k/audio/fold6/94632-5-0-33.wav,engine+engine_idling
/DATA_ROOT/Desktop/matcher/Datasets/Urban8k/audio/fold6/94632-5-0-34.wav,engine+engine_idling
/DATA_ROOT/Desktop/matcher/Datasets/Urban8k/audio/fold6/94632-5-0-6.wav,engine+engine_idling
/DATA_ROOT/Desktop/matcher/Datasets/Urban8k/audio/fold6/94632-5-0-8.wav,engine+engine_idling
/DATA_ROOT/Desktop/matcher/Datasets/Urban8k/audio/fold6/94632-5-0-9.wav,engine+engine_idling
/DATA_ROOT/Desktop/matcher/Datasets/Urban8k/audio/fold6/94632-5-1-11.wav,engine+engine_idling
/DATA_ROOT/Desktop/matcher/Datasets/Urban8k/audio/fold6/94632-5-1-13.wav,engine+engine_idling
/DATA_ROOT/Desktop/matcher/Datasets/Urban8k/audio/fold6/94632-5-1-14.wav,engine+engine_idling
/DATA_ROOT/Desktop/matcher/Datasets/Urban8k/audio/fold6/94632-5-1-17.wav,engine+engine_idling
/DATA_ROOT/Desktop/matcher/Datasets/Urban8k/audio/fold6/94632-5-1-18.wav,engine+engine_idling
/DATA_ROOT/Desktop/matcher/Datasets/Urban8k/audio/fold6/94632-5-1-19.wav,engine+engine_idling
/DATA_ROOT/Desktop/matcher/Datasets/Urban8k/audio/fold6/94632-5-1-2.wav,engine+engine_idling
/DATA_ROOT/Desktop/matcher/Datasets/Urban8k/audio/fold6/94632-5-1-23.wav,engine+engine_idling
/DATA_ROOT/Desktop/matcher/Datasets/Urban8k/audio/fold6/94632-5-1-26.wav,engine+engine_idling
/DATA_ROOT/Desktop/matcher/Datasets/Urban8k/audio/fold6/94632-5-1-28.wav,engine+engine_idling
/DATA_ROOT/Desktop/matcher/Datasets/Urban8k/audio/fold6/94632-5-1-30.wav,engine+engine_idling
/DATA_ROOT/Desktop/matcher/Datasets/Urban8k/audio/fold6/94632-5-1-7.wav,engine+engine_idling
/DATA_ROOT/Desktop/matcher/Datasets/Urban8k/audio/fold6/94632-5-1-9.wav,engine+engine_idling
/DATA_ROOT/Desktop/matcher/Datasets/Urban8k/audio/fold2/94710-5-0-0.wav,engine+engine_idling
/DATA_ROOT/Desktop/matcher/Datasets/Urban8k/audio/fold2/94710-5-0-1.wav,engine+engine_idling
/DATA_ROOT/Desktop/matcher/Datasets/Urban8k/audio/fold2/94710-5-0-2.wav,engine+engine_idling
/DATA_ROOT/Desktop/matcher/Datasets/Urban8k/audio/fold2/94710-5-0-3.wav,engine+engine_idling
/DATA_ROOT/Desktop/matcher/Datasets/Urban8k/audio/fold2/94710-5-1-0.wav,engine+engine_idling
/DATA_ROOT/Desktop/matcher/Datasets/Urban8k/audio/fold3/95077-5-0-0.wav,engine+engine_idling
/DATA_ROOT/Desktop/matcher/Datasets/Urban8k/audio/fold3/95562-4-0-0.wav,drilling
/DATA_ROOT/Desktop/matcher/Datasets/Urban8k/audio/fold3/95562-4-1-0.wav,drilling
/DATA_ROOT/Desktop/matcher/Datasets/Urban8k/audio/fold3/95562-4-2-0.wav,drilling
/DATA_ROOT/Desktop/matcher/Datasets/Urban8k/audio/fold3/95562-4-3-0.wav,drilling
/DATA_ROOT/Desktop/matcher/Datasets/Urban8k/audio/fold3/95562-4-3-1.wav,drilling
/DATA_ROOT/Desktop/matcher/Datasets/Urban8k/audio/fold1/96158-4-0-0.wav,drilling
/DATA_ROOT/Desktop/matcher/Datasets/Urban8k/audio/fold8/96159-4-0-0.wav,drilling
/DATA_ROOT/Desktop/matcher/Datasets/Urban8k/audio/fold8/96159-4-1-0.wav,drilling
/DATA_ROOT/Desktop/matcher/Datasets/Urban8k/audio/fold2/96169-9-1-10.wav,street_music
/DATA_ROOT/Desktop/matcher/Datasets/Urban8k/audio/fold2/96169-9-1-3.wav,street_music
/DATA_ROOT/Desktop/matcher/Datasets/Urban8k/audio/fold2/96169-9-1-49.wav,street_music
/DATA_ROOT/Desktop/matcher/Datasets/Urban8k/audio/fold2/96169-9-1-55.wav,street_music
/DATA_ROOT/Desktop/matcher/Datasets/Urban8k/audio/fold2/96169-9-1-61.wav,street_music
/DATA_ROOT/Desktop/matcher/Datasets/Urban8k/audio/fold2/96169-9-1-74.wav,street_music
/DATA_ROOT/Desktop/matcher/Datasets/Urban8k/audio/fold2/96475-9-0-0.wav,street_music
/DATA_ROOT/Desktop/matcher/Datasets/Urban8k/audio/fold2/96475-9-0-3.wav,street_music
/DATA_ROOT/Desktop/matcher/Datasets/Urban8k/audio/fold2/96475-9-0-4.wav,street_music
/DATA_ROOT/Desktop/matcher/Datasets/Urban8k/audio/fold2/96475-9-0-5.wav,street_music
/DATA_ROOT/Desktop/matcher/Datasets/Urban8k/audio/fold2/96475-9-0-6.wav,street_music
/DATA_ROOT/Desktop/matcher/Datasets/Urban8k/audio/fold2/96475-9-0-9.wav,street_music
/DATA_ROOT/Desktop/matcher/Datasets/Urban8k/audio/fold2/96920-9-0-0.wav,street_music
/DATA_ROOT/Desktop/matcher/Datasets/Urban8k/audio/fold2/96920-9-0-11.wav,street_music
/DATA_ROOT/Desktop/matcher/Datasets/Urban8k/audio/fold2/96920-9-0-13.wav,street_music
/DATA_ROOT/Desktop/matcher/Datasets/Urban8k/audio/fold2/96920-9-0-2.wav,street_music
/DATA_ROOT/Desktop/matcher/Datasets/Urban8k/audio/fold2/96920-9-0-3.wav,street_music
/DATA_ROOT/Desktop/matcher/Datasets/Urban8k/audio/fold2/96920-9-0-8.wav,street_music
/DATA_ROOT/Desktop/matcher/Datasets/Urban8k/audio/fold9/96921-9-0-1.wav,street_music
/DATA_ROOT/Desktop/matcher/Datasets/Urban8k/audio/fold9/96921-9-0-11.wav,street_music
/DATA_ROOT/Desktop/matcher/Datasets/Urban8k/audio/fold9/96921-9-0-17.wav,street_music
/DATA_ROOT/Desktop/matcher/Datasets/Urban8k/audio/fold9/96921-9-0-18.wav,street_music
/DATA_ROOT/Desktop/matcher/Datasets/Urban8k/audio/fold9/96921-9-0-4.wav,street_music
/DATA_ROOT/Desktop/matcher/Datasets/Urban8k/audio/fold9/96921-9-0-9.wav,street_music
/DATA_ROOT/Desktop/matcher/Datasets/Urban8k/audio/fold1/97317-2-0-22.wav,children_playing
/DATA_ROOT/Desktop/matcher/Datasets/Urban8k/audio/fold1/97317-2-0-23.wav,children_playing
/DATA_ROOT/Desktop/matcher/Datasets/Urban8k/audio/fold1/97317-2-0-25.wav,children_playing
/DATA_ROOT/Desktop/matcher/Datasets/Urban8k/audio/fold1/97317-2-0-28.wav,children_playing
/DATA_ROOT/Desktop/matcher/Datasets/Urban8k/audio/fold1/97317-2-0-34.wav,children_playing
/DATA_ROOT/Desktop/matcher/Datasets/Urban8k/audio/fold1/97317-2-0-36.wav,children_playing
/DATA_ROOT/Desktop/matcher/Datasets/Urban8k/audio/fold1/97317-2-0-5.wav,children_playing
/DATA_ROOT/Desktop/matcher/Datasets/Urban8k/audio/fold6/97331-2-0-13.wav,children_playing
/DATA_ROOT/Desktop/matcher/Datasets/Urban8k/audio/fold6/97331-2-0-17.wav,children_playing
/DATA_ROOT/Desktop/matcher/Datasets/Urban8k/audio/fold6/97331-2-0-20.wav,children_playing
/DATA_ROOT/Desktop/matcher/Datasets/Urban8k/audio/fold6/97331-2-0-35.wav,children_playing
/DATA_ROOT/Desktop/matcher/Datasets/Urban8k/audio/fold6/97331-2-0-50.wav,children_playing
/DATA_ROOT/Desktop/matcher/Datasets/Urban8k/audio/fold6/97331-2-0-55.wav,children_playing
/DATA_ROOT/Desktop/matcher/Datasets/Urban8k/audio/fold6/97331-2-0-59.wav,children_playing
/DATA_ROOT/Desktop/matcher/Datasets/Urban8k/audio/fold6/97331-2-0-98.wav,children_playing
/DATA_ROOT/Desktop/matcher/Datasets/Urban8k/audio/fold7/97606-7-0-0.wav,jackhammer
/DATA_ROOT/Desktop/matcher/Datasets/Urban8k/audio/fold7/97606-7-1-0.wav,jackhammer
/DATA_ROOT/Desktop/matcher/Datasets/Urban8k/audio/fold7/97606-7-2-0.wav,jackhammer
/DATA_ROOT/Desktop/matcher/Datasets/Urban8k/audio/fold7/97606-7-3-0.wav,jackhammer
/DATA_ROOT/Desktop/matcher/Datasets/Urban8k/audio/fold7/97606-7-4-0.wav,jackhammer
/DATA_ROOT/Desktop/matcher/Datasets/Urban8k/audio/fold7/97606-7-5-0.wav,jackhammer
/DATA_ROOT/Desktop/matcher/Datasets/Urban8k/audio/fold2/98202-9-0-10.wav,street_music
/DATA_ROOT/Desktop/matcher/Datasets/Urban8k/audio/fold2/98202-9-0-4.wav,street_music
/DATA_ROOT/Desktop/matcher/Datasets/Urban8k/audio/fold2/98202-9-0-7.wav,street_music
/DATA_ROOT/Desktop/matcher/Datasets/Urban8k/audio/fold2/98202-9-1-20.wav,street_music
/DATA_ROOT/Desktop/matcher/Datasets/Urban8k/audio/fold2/98202-9-1-27.wav,street_music
/DATA_ROOT/Desktop/matcher/Datasets/Urban8k/audio/fold2/98202-9-1-5.wav,street_music
/DATA_ROOT/Desktop/matcher/Datasets/Urban8k/audio/fold1/98223-7-0-0.wav,jackhammer
/DATA_ROOT/Desktop/matcher/Datasets/Urban8k/audio/fold1/98223-7-1-0.wav,jackhammer
/DATA_ROOT/Desktop/matcher/Datasets/Urban8k/audio/fold1/98223-7-10-0.wav,jackhammer
/DATA_ROOT/Desktop/matcher/Datasets/Urban8k/audio/fold1/98223-7-2-0.wav,jackhammer
/DATA_ROOT/Desktop/matcher/Datasets/Urban8k/audio/fold1/98223-7-3-0.wav,jackhammer
/DATA_ROOT/Desktop/matcher/Datasets/Urban8k/audio/fold1/98223-7-4-0.wav,jackhammer
/DATA_ROOT/Desktop/matcher/Datasets/Urban8k/audio/fold1/98223-7-5-0.wav,jackhammer
/DATA_ROOT/Desktop/matcher/Datasets/Urban8k/audio/fold1/98223-7-6-0.wav,jackhammer
/DATA_ROOT/Desktop/matcher/Datasets/Urban8k/audio/fold1/98223-7-7-0.wav,jackhammer
/DATA_ROOT/Desktop/matcher/Datasets/Urban8k/audio/fold1/98223-7-8-0.wav,jackhammer
/DATA_ROOT/Desktop/matcher/Datasets/Urban8k/audio/fold1/98223-7-9-0.wav,jackhammer
/DATA_ROOT/Desktop/matcher/Datasets/Urban8k/audio/fold6/98263-9-0-1.wav,street_music
/DATA_ROOT/Desktop/matcher/Datasets/Urban8k/audio/fold6/98263-9-0-10.wav,street_music
/DATA_ROOT/Desktop/matcher/Datasets/Urban8k/audio/fold6/98263-9-0-22.wav,street_music
/DATA_ROOT/Desktop/matcher/Datasets/Urban8k/audio/fold6/98263-9-0-24.wav,street_music
/DATA_ROOT/Desktop/matcher/Datasets/Urban8k/audio/fold6/98263-9-0-33.wav,street_music
/DATA_ROOT/Desktop/matcher/Datasets/Urban8k/audio/fold6/98263-9-0-35.wav,street_music
/DATA_ROOT/Desktop/matcher/Datasets/Urban8k/audio/fold6/98680-9-0-11.wav,street_music
/DATA_ROOT/Desktop/matcher/Datasets/Urban8k/audio/fold6/98680-9-0-14.wav,street_music
/DATA_ROOT/Desktop/matcher/Datasets/Urban8k/audio/fold6/98680-9-0-2.wav,street_music
/DATA_ROOT/Desktop/matcher/Datasets/Urban8k/audio/fold6/98680-9-0-3.wav,street_music
/DATA_ROOT/Desktop/matcher/Datasets/Urban8k/audio/fold6/98680-9-0-5.wav,street_music
/DATA_ROOT/Desktop/matcher/Datasets/Urban8k/audio/fold3/98681-9-0-0.wav,street_music
/DATA_ROOT/Desktop/matcher/Datasets/Urban8k/audio/fold3/98681-9-0-11.wav,street_music
/DATA_ROOT/Desktop/matcher/Datasets/Urban8k/audio/fold3/98681-9-0-12.wav,street_music
/DATA_ROOT/Desktop/matcher/Datasets/Urban8k/audio/fold3/98681-9-0-5.wav,street_music
/DATA_ROOT/Desktop/matcher/Datasets/Urban8k/audio/fold3/98681-9-0-6.wav,street_music
/DATA_ROOT/Desktop/matcher/Datasets/Urban8k/audio/fold3/98681-9-0-7.wav,street_music
/DATA_ROOT/Desktop/matcher/Datasets/Urban8k/audio/fold9/98859-7-0-0.wav,jackhammer
/DATA_ROOT/Desktop/matcher/Datasets/Urban8k/audio/fold9/98859-7-1-0.wav,jackhammer
/DATA_ROOT/Desktop/matcher/Datasets/Urban8k/audio/fold9/98859-7-2-0.wav,jackhammer
/DATA_ROOT/Desktop/matcher/Datasets/Urban8k/audio/fold9/98859-7-2-1.wav,jackhammer
/DATA_ROOT/Desktop/matcher/Datasets/Urban8k/audio/fold9/98859-7-2-2.wav,jackhammer
/DATA_ROOT/Desktop/matcher/Datasets/Urban8k/audio/fold9/98859-7-2-3.wav,jackhammer
/DATA_ROOT/Desktop/matcher/Datasets/Urban8k/audio/fold9/98859-7-2-4.wav,jackhammer
/DATA_ROOT/Desktop/matcher/Datasets/Urban8k/audio/fold9/98859-7-2-5.wav,jackhammer
/DATA_ROOT/Desktop/matcher/Datasets/Urban8k/audio/fold4/99157-9-0-10.wav,street_music
/DATA_ROOT/Desktop/matcher/Datasets/Urban8k/audio/fold4/99157-9-0-15.wav,street_music
/DATA_ROOT/Desktop/matcher/Datasets/Urban8k/audio/fold4/99157-9-0-16.wav,street_music
/DATA_ROOT/Desktop/matcher/Datasets/Urban8k/audio/fold4/99157-9-0-22.wav,street_music
/DATA_ROOT/Desktop/matcher/Datasets/Urban8k/audio/fold4/99157-9-0-24.wav,street_music
/DATA_ROOT/Desktop/matcher/Datasets/Urban8k/audio/fold4/99157-9-0-31.wav,street_music
/DATA_ROOT/Desktop/matcher/Datasets/Urban8k/audio/fold8/99179-9-0-12.wav,street_music
/DATA_ROOT/Desktop/matcher/Datasets/Urban8k/audio/fold8/99179-9-0-17.wav,street_music
/DATA_ROOT/Desktop/matcher/Datasets/Urban8k/audio/fold8/99179-9-0-19.wav,street_music
/DATA_ROOT/Desktop/matcher/Datasets/Urban8k/audio/fold8/99179-9-0-38.wav,street_music
/DATA_ROOT/Desktop/matcher/Datasets/Urban8k/audio/fold8/99179-9-0-53.wav,street_music
/DATA_ROOT/Desktop/matcher/Datasets/Urban8k/audio/fold8/99179-9-0-58.wav,street_music
/DATA_ROOT/Desktop/matcher/Datasets/Urban8k/audio/fold1/99180-9-0-0.wav,street_music
/DATA_ROOT/Desktop/matcher/Datasets/Urban8k/audio/fold1/99180-9-0-2.wav,street_music
/DATA_ROOT/Desktop/matcher/Datasets/Urban8k/audio/fold1/99180-9-0-36.wav,street_music
/DATA_ROOT/Desktop/matcher/Datasets/Urban8k/audio/fold1/99180-9-0-48.wav,street_music
/DATA_ROOT/Desktop/matcher/Datasets/Urban8k/audio/fold1/99180-9-0-49.wav,street_music
/DATA_ROOT/Desktop/matcher/Datasets/Urban8k/audio/fold1/99180-9-0-7.wav,street_music
/DATA_ROOT/Desktop/matcher/Datasets/Urban8k/audio/fold10/99192-4-0-0.wav,drilling
/DATA_ROOT/Desktop/matcher/Datasets/Urban8k/audio/fold10/99192-4-0-1.wav,drilling
/DATA_ROOT/Desktop/matcher/Datasets/Urban8k/audio/fold10/99192-4-0-12.wav,drilling
/DATA_ROOT/Desktop/matcher/Datasets/Urban8k/audio/fold10/99192-4-0-15.wav,drilling
/DATA_ROOT/Desktop/matcher/Datasets/Urban8k/audio/fold10/99192-4-0-17.wav,drilling
/DATA_ROOT/Desktop/matcher/Datasets/Urban8k/audio/fold10/99192-4-0-18.wav,drilling
/DATA_ROOT/Desktop/matcher/Datasets/Urban8k/audio/fold10/99192-4-0-20.wav,drilling
/DATA_ROOT/Desktop/matcher/Datasets/Urban8k/audio/fold10/99192-4-0-24.wav,drilling
/DATA_ROOT/Desktop/matcher/Datasets/Urban8k/audio/fold10/99192-4-0-26.wav,drilling
/DATA_ROOT/Desktop/matcher/Datasets/Urban8k/audio/fold10/99192-4-0-27.wav,drilling
/DATA_ROOT/Desktop/matcher/Datasets/Urban8k/audio/fold10/99192-4-0-28.wav,drilling
/DATA_ROOT/Desktop/matcher/Datasets/Urban8k/audio/fold10/99192-4-0-3.wav,drilling
/DATA_ROOT/Desktop/matcher/Datasets/Urban8k/audio/fold10/99192-4-0-30.wav,drilling
/DATA_ROOT/Desktop/matcher/Datasets/Urban8k/audio/fold10/99192-4-0-32.wav,drilling
/DATA_ROOT/Desktop/matcher/Datasets/Urban8k/audio/fold10/99192-4-0-33.wav,drilling
/DATA_ROOT/Desktop/matcher/Datasets/Urban8k/audio/fold10/99192-4-0-38.wav,drilling
/DATA_ROOT/Desktop/matcher/Datasets/Urban8k/audio/fold10/99192-4-0-40.wav,drilling
/DATA_ROOT/Desktop/matcher/Datasets/Urban8k/audio/fold10/99192-4-0-41.wav,drilling
/DATA_ROOT/Desktop/matcher/Datasets/Urban8k/audio/fold10/99192-4-0-43.wav,drilling
/DATA_ROOT/Desktop/matcher/Datasets/Urban8k/audio/fold10/99192-4-0-47.wav,drilling
/DATA_ROOT/Desktop/matcher/Datasets/Urban8k/audio/fold10/99192-4-0-48.wav,drilling
/DATA_ROOT/Desktop/matcher/Datasets/Urban8k/audio/fold10/99192-4-0-49.wav,drilling
/DATA_ROOT/Desktop/matcher/Datasets/Urban8k/audio/fold10/99192-4-0-52.wav,drilling
/DATA_ROOT/Desktop/matcher/Datasets/Urban8k/audio/fold10/99192-4-0-53.wav,drilling
/DATA_ROOT/Desktop/matcher/Datasets/Urban8k/audio/fold10/99192-4-0-54.wav,drilling
/DATA_ROOT/Desktop/matcher/Datasets/Urban8k/audio/fold10/99192-4-0-55.wav,drilling
/DATA_ROOT/Desktop/matcher/Datasets/Urban8k/audio/fold10/99192-4-0-7.wav,drilling
/DATA_ROOT/Desktop/matcher/Datasets/Urban8k/audio/fold9/99500-2-0-1.wav,children_playing
/DATA_ROOT/Desktop/matcher/Datasets/Urban8k/audio/fold9/99500-2-0-11.wav,children_playing
/DATA_ROOT/Desktop/matcher/Datasets/Urban8k/audio/fold9/99500-2-0-2.wav,children_playing
/DATA_ROOT/Desktop/matcher/Datasets/Urban8k/audio/fold9/99500-2-0-23.wav,children_playing
/DATA_ROOT/Desktop/matcher/Datasets/Urban8k/audio/fold9/99500-2-0-29.wav,children_playing
/DATA_ROOT/Desktop/matcher/Datasets/Urban8k/audio/fold9/99500-2-0-39.wav,children_playing
/DATA_ROOT/Desktop/matcher/Datasets/Urban8k/audio/fold9/99500-2-0-41.wav,children_playing
/DATA_ROOT/Desktop/matcher/Datasets/Urban8k/audio/fold9/99500-2-0-50.wav,children_playing
/DATA_ROOT/Desktop/matcher/Datasets/Urban8k/audio/fold6/99710-9-0-11.wav,street_music
/DATA_ROOT/Desktop/matcher/Datasets/Urban8k/audio/fold6/99710-9-0-12.wav,street_music
/DATA_ROOT/Desktop/matcher/Datasets/Urban8k/audio/fold6/99710-9-0-16.wav,street_music
/DATA_ROOT/Desktop/matcher/Datasets/Urban8k/audio/fold6/99710-9-0-2.wav,street_music
/DATA_ROOT/Desktop/matcher/Datasets/Urban8k/audio/fold6/99710-9-0-5.wav,street_music
/DATA_ROOT/Desktop/matcher/Datasets/Urban8k/audio/fold6/99710-9-0-6.wav,street_music
