file_path,category,foreground_label,background_label
/DATA_ROOT/Desktop/matcher/Datasets/DESED/data/dataset/audio/train/weak/YKK227gPpRn4_30.000_40.000.wav,"Alarm_bell_ringing,Speech",Speech,Alarm_bell_ringing
/DATA_ROOT/Desktop/matcher/Datasets/DESED/data/dataset/audio/train/weak/Y-6p32k2WUCs_0.000_10.000.wav,Alarm_bell_ringing,,
/DATA_ROOT/Desktop/matcher/Datasets/DESED/data/dataset/audio/train/weak/Y-Zjgm_sZd10_0.000_4.000.wav,Alarm_bell_ringing,,
/DATA_ROOT/Desktop/matcher/Datasets/DESED/data/dataset/audio/train/weak/Y-ikrSfqB0LU_0.000_3.000.wav,Alarm_bell_ringing,,
/DATA_ROOT/Desktop/matcher/Datasets/DESED/data/dataset/audio/train/weak/Y26ubekDhG_Y_0.000_10.000.wav,Alarm_bell_ringing,,
/DATA_ROOT/Desktop/matcher/Datasets/DESED/data/dataset/audio/train/weak/Y2xXpSgqrtDE_40.000_50.000.wav,Alarm_bell_ringing,,
/DATA_ROOT/Desktop/matcher/Datasets/DESED/data/dataset/audio/train/weak/Y2xo20i_OZrM_80.000_90.000.wav,"Alarm_bell_ringing,Speech",Speech,Alarm_bell_ringing
/DATA_ROOT/Desktop/matcher/Datasets/DESED/data/dataset/audio/train/weak/Y3BcwNM72zcQ_10.000_20.000.wav,Alarm_bell_ringing,,
/DATA_ROOT/Desktop/matcher/Datasets/DESED/data/dataset/audio/train/weak/Y4oQdHNxBFFY_20.000_30.000.wav,"Alarm_bell_ringing,Speech",Speech,Alarm_bell_ringing
/DATA_ROOT/Desktop/matcher/Datasets/DESED/data/dataset/audio/train/weak/Y52Usv8FcO0w_30.000_40.000.wav,"Alarm_bell_ringing,Speech",Speech,Alarm_bell_ringing
/DATA_ROOT/Desktop/matcher/Datasets/DESED/data/dataset/audio/train/weak/Y5pNzHcUedVo_10.000_20.000.wav,Alarm_bell_ringing,,
/DATA_ROOT/Desktop/matcher/Datasets/DESED/data/dataset/audio/train/weak/Y6PrBwQNpLvo_10.000_20.000.wav,"Alarm_bell_ringing,Speech",Speech,Alarm_bell_ringing
/DATA_ROOT/Desktop/matcher/Datasets/DESED/data/dataset/audio/train/weak/Y6aNA6pqmpd8_0.000_6.000.wav,Alarm_bell_ringing,,
/DATA_ROOT/Desktop/matcher/Datasets/DESED/data/dataset/audio/train/weak/Y7fGU8SFid9E_130.000_140.000.wav,Alarm_bell_ringing,,
/DATA_ROOT/Desktop/matcher/Datasets/DESED/data/dataset/audio/train/weak/Y9QEM0ThcgD4_20.000_30.000.wav,Alarm_bell_ringing,,
/DATA_ROOT/Desktop/matcher/Datasets/DESED/data/dataset/audio/train/weak/Y9zWmlaj56pM_60.000_70.000.wav,"Alarm_bell_ringing,Speech",Speech,Alarm_bell_ringing
/DATA_ROOT/Desktop/matcher/Datasets/DESED/data/dataset/audio/train/weak/YE8Yi41OgpWo_0.000_10.000.wav,Alarm_bell_ringing,,
/DATA_ROOT/Desktop/matcher/Datasets/DESED/data/dataset/audio/train/weak/YEL3v64rTpG8_0.000_9.000.wav,"Alarm_bell_ringing,Speech",Speech,Alarm_bell_ringing
/DATA_ROOT/Desktop/matcher/Datasets/DESED/data/dataset/audio/train/weak/YEenFsKjpsQc_200.000_210.000.wav,"Alarm_bell_ringing,Speech",Speech,Alarm_bell_ringing
/DATA_ROOT/Desktop/matcher/Datasets/DESED/data/dataset/audio/train/weak/YEqCEkkd_c_I_0.000_10.000.wav,Alarm_bell_ringing,,
/DATA_ROOT/Desktop/matcher/Datasets/DESED/data/dataset/audio/train/weak/YHoBWL3qAnGU_350.000_360.000.wav,Alarm_bell_ringing,,
/DATA_ROOT/Desktop/matcher/Datasets/DESED/data/dataset/audio/train/weak/YI-uouJ_Zsv4_0.000_10.000.wav,"Alarm_bell_ringing,Speech",Speech,Alarm_bell_ringing
/DATA_ROOT/Desktop/matcher/Datasets/DESED/data/dataset/audio/train/weak/YI3kPmcHvMrg_30.000_40.000.wav,"Alarm_bell_ringing,dog+dog_bark",dog+dog_bark,Alarm_bell_ringing
/DATA_ROOT/Desktop/matcher/Datasets/DESED/data/dataset/audio/train/weak/YJ1EO9afbq4U_80.000_90.000.wav,Alarm_bell_ringing,,
/DATA_ROOT/Desktop/matcher/Datasets/DESED/data/dataset/audio/train/weak/YJ1Qv0p8QsR8_150.000_160.000.wav,"Alarm_bell_ringing,Speech",Speech,Alarm_bell_ringing
/DATA_ROOT/Desktop/matcher/Datasets/DESED/data/dataset/audio/train/weak/YJQplKcC6Ejw_0.000_10.000.wav,"Alarm_bell_ringing,Speech",Speech,Alarm_bell_ringing
/DATA_ROOT/Desktop/matcher/Datasets/DESED/data/dataset/audio/train/weak/YL7bzKI26Pek_190.000_200.000.wav,"Alarm_bell_ringing,Speech",Speech,Alarm_bell_ringing
/DATA_ROOT/Desktop/matcher/Datasets/DESED/data/dataset/audio/train/weak/YL9_QOpRG8s8_0.000_10.000.wav,Alarm_bell_ringing,,
/DATA_ROOT/Desktop/matcher/Datasets/DESED/data/dataset/audio/train/weak/YLgf99OrWOVM_420.000_430.000.wav,Alarm_bell_ringing,,
/DATA_ROOT/Desktop/matcher/Datasets/DESED/data/dataset/audio/train/weak/YMkF2nVQypFM_30.000_40.000.wav,"Alarm_bell_ringing,Speech",Speech,Alarm_bell_ringing
/DATA_ROOT/Desktop/matcher/Datasets/DESED/data/dataset/audio/train/weak/YMsy4mmS1DYc_110.000_120.000.wav,"Alarm_bell_ringing,Speech",Speech,Alarm_bell_ringing
/DATA_ROOT/Desktop/matcher/Datasets/DESED/data/dataset/audio/train/weak/YPpKpwTI1REQ_410.000_420.000.wav,Alarm_bell_ringing,,
/DATA_ROOT/Desktop/matcher/Datasets/DESED/data/dataset/audio/train/weak/YTgp484iUwEg_190.000_200.000.wav,Alarm_bell_ringing,,
/DATA_ROOT/Desktop/matcher/Datasets/DESED/data/dataset/audio/train/weak/YU10g6Ou2A58_10.000_20.000.wav,Alarm_bell_ringing,,
/DATA_ROOT/Desktop/matcher/Datasets/DESED/data/dataset/audio/train/weak/YUhrqWmzFf8A_60.000_70.000.wav,"Alarm_bell_ringing,Speech",Speech,Alarm_bell_ringing
/DATA_ROOT/Desktop/matcher/Datasets/DESED/data/dataset/audio/train/weak/YVafgccb1ubk_320.000_330.000.wav,"Alarm_bell_ringing,Speech",Speech,Alarm_bell_ringing
/DATA_ROOT/Desktop/matcher/Datasets/DESED/data/dataset/audio/train/weak/YWmOE-cfIJe0_8.000_18.000.wav,"Alarm_bell_ringing,Speech",Speech,Alarm_bell_ringing
/DATA_ROOT/Desktop/matcher/Datasets/DESED/data/dataset/audio/train/weak/YXiu_VGdKi4o_0.000_4.000.wav,Alarm_bell_ringing,,
/DATA_ROOT/Desktop/matcher/Datasets/DESED/data/dataset/audio/train/weak/YYTdVeMwwYkY_11.000_21.000.wav,Alarm_bell_ringing,,
/DATA_ROOT/Desktop/matcher/Datasets/DESED/data/dataset/audio/train/weak/YYaTkV4qCqQc_19.000_29.000.wav,"Alarm_bell_ringing,Speech",Speech,Alarm_bell_ringing
/DATA_ROOT/Desktop/matcher/Datasets/DESED/data/dataset/audio/train/weak/Y_CZzm6jUxbo_30.000_40.000.wav,"Alarm_bell_ringing,Speech",Speech,Alarm_bell_ringing
/DATA_ROOT/Desktop/matcher/Datasets/DESED/data/dataset/audio/train/weak/Y_KNIJQJ-CHA_30.000_40.000.wav,Alarm_bell_ringing,,
/DATA_ROOT/Desktop/matcher/Datasets/DESED/data/dataset/audio/train/weak/Y_YoIeZgxdAI_0.000_10.000.wav,"Alarm_bell_ringing,dog+dog_bark",dog+dog_bark,Alarm_bell_ringing
/DATA_ROOT/Desktop/matcher/Datasets/DESED/data/dataset/audio/train/weak/YaeEdZ2Pd7Mo_10.000_20.000.wav,"Alarm_bell_ringing,Speech",Speech,Alarm_bell_ringing
/DATA_ROOT/Desktop/matcher/Datasets/DESED/data/dataset/audio/train/weak/Yb2o_IFW-9HQ_2.000_12.000.wav,Alarm_bell_ringing,,
/DATA_ROOT/Desktop/matcher/Datasets/DESED/data/dataset/audio/train/weak/YbRUUPDD_nSQ_22.000_32.000.wav,"Alarm_bell_ringing,Speech",Speech,Alarm_bell_ringing
/DATA_ROOT/Desktop/matcher/Datasets/DESED/data/dataset/audio/train/weak/Ybm0xs7iYwo4_60.000_70.000.wav,"Alarm_bell_ringing,Speech",Speech,Alarm_bell_ringing
/DATA_ROOT/Desktop/matcher/Datasets/DESED/data/dataset/audio/train/weak/YfjcfhE22AVQ_540.000_550.000.wav,Alarm_bell_ringing,,
/DATA_ROOT/Desktop/matcher/Datasets/DESED/data/dataset/audio/train/weak/Yl8ImMjuK29M_330.000_340.000.wav,Alarm_bell_ringing,,
/DATA_ROOT/Desktop/matcher/Datasets/DESED/data/dataset/audio/train/weak/YmOfTDGOGBpI_160.000_170.000.wav,"Alarm_bell_ringing,Running_water",Running_water,Alarm_bell_ringing
/DATA_ROOT/Desktop/matcher/Datasets/DESED/data/dataset/audio/train/weak/YoFcRyerYBfM_30.000_40.000.wav,Alarm_bell_ringing,,
/DATA_ROOT/Desktop/matcher/Datasets/DESED/data/dataset/audio/train/weak/YqGDaSUy-llQ_0.000_9.000.wav,Alarm_bell_ringing,,
/DATA_ROOT/Desktop/matcher/Datasets/DESED/data/dataset/audio/train/weak/Yr4auqsn1UuA_430.000_440.000.wav,Alarm_bell_ringing,,
/DATA_ROOT/Desktop/matcher/Datasets/DESED/data/dataset/audio/train/weak/YrzAqETGwotg_20.000_30.000.wav,"Alarm_bell_ringing,Speech",Speech,Alarm_bell_ringing
/DATA_ROOT/Desktop/matcher/Datasets/DESED/data/dataset/audio/train/weak/YtLgYuO-w638_0.000_10.000.wav,Alarm_bell_ringing,,
/DATA_ROOT/Desktop/matcher/Datasets/DESED/data/dataset/audio/train/weak/YtNr5TNpI_SY_30.000_40.000.wav,Alarm_bell_ringing,,
/DATA_ROOT/Desktop/matcher/Datasets/DESED/data/dataset/audio/train/weak/YxnwwsEEJvdk_200.000_210.000.wav,"Alarm_bell_ringing,Speech",Speech,Alarm_bell_ringing
/DATA_ROOT/Desktop/matcher/Datasets/DESED/data/dataset/audio/train/weak/YyNNf4uTzPjQ_10.000_20.000.wav,Alarm_bell_ringing,,
/DATA_ROOT/Desktop/matcher/Datasets/DESED/data/dataset/audio/train/weak/YylADXwDnjwY_550.000_560.000.wav,Alarm_bell_ringing,,
/DATA_ROOT/Desktop/matcher/Datasets/DESED/data/dataset/audio/train/weak/YzNvgZ5QPAFI_30.000_40.000.wav,"Alarm_bell_ringing,Speech",Speech,Alarm_bell_ringing
/DATA_ROOT/Desktop/matcher/Datasets/DESED/data/dataset/audio/train/weak/Y0Am7X758-Ek_30.000_40.000.wav,Cat,Cat,
/DATA_ROOT/Desktop/matcher/Datasets/DESED/data/dataset/audio/train/weak/Y0F40MJSfsDw_30.000_40.000.wav,Cat,Cat,
/DATA_ROOT/Desktop/matcher/Datasets/DESED/data/dataset/audio/train/weak/Y0GGO5npJzWI_0.000_10.000.wav,Cat,Cat,
/DATA_ROOT/Desktop/matcher/Datasets/DESED/data/dataset/audio/train/weak/Y0QtmEs-OOsA_21.000_31.000.wav,Cat,Cat,
/DATA_ROOT/Desktop/matcher/Datasets/DESED/data/dataset/audio/train/weak/Y0SjvusZqA3w_0.000_6.000.wav,Cat,Cat,
/DATA_ROOT/Desktop/matcher/Datasets/DESED/data/dataset/audio/train/weak/Y0UKzyBqyhGc_27.000_37.000.wav,Cat,Cat,
/DATA_ROOT/Desktop/matcher/Datasets/DESED/data/dataset/audio/train/weak/Y0W_gYR6p-D0_30.000_40.000.wav,Cat,Cat,
/DATA_ROOT/Desktop/matcher/Datasets/DESED/data/dataset/audio/train/weak/Y0_K6OKtoBBU_30.000_40.000.wav,Cat,Cat,
/DATA_ROOT/Desktop/matcher/Datasets/DESED/data/dataset/audio/train/weak/Y0b06i5LzIFw_26.000_36.000.wav,Cat,Cat,
/DATA_ROOT/Desktop/matcher/Datasets/DESED/data/dataset/audio/train/weak/Y0crSdgvedhc_150.000_160.000.wav,Cat,Cat,
/DATA_ROOT/Desktop/matcher/Datasets/DESED/data/dataset/audio/train/weak/Y0kOj9aZEySE_21.000_31.000.wav,Cat,Cat,
/DATA_ROOT/Desktop/matcher/Datasets/DESED/data/dataset/audio/train/weak/Y0owoOrZH2mI_28.000_38.000.wav,Cat,Cat,
/DATA_ROOT/Desktop/matcher/Datasets/DESED/data/dataset/audio/train/weak/Y0q1Ytfn8yMU_10.000_20.000.wav,Cat,Cat,
/DATA_ROOT/Desktop/matcher/Datasets/DESED/data/dataset/audio/train/weak/Y0rJwumFz1O0_30.000_40.000.wav,Cat,Cat,
/DATA_ROOT/Desktop/matcher/Datasets/DESED/data/dataset/audio/train/weak/Y0uab4-3d6MM_30.000_40.000.wav,Cat,Cat,
/DATA_ROOT/Desktop/matcher/Datasets/DESED/data/dataset/audio/train/weak/Y0v87UfMga5U_30.000_40.000.wav,Cat,Cat,
/DATA_ROOT/Desktop/matcher/Datasets/DESED/data/dataset/audio/train/weak/Y15nVe6RwUNM_19.000_29.000.wav,Cat,Cat,
/DATA_ROOT/Desktop/matcher/Datasets/DESED/data/dataset/audio/train/weak/Y16ccKlJF5H8_6.000_16.000.wav,Cat,Cat,
/DATA_ROOT/Desktop/matcher/Datasets/DESED/data/dataset/audio/train/weak/Y16th_TIPv84_30.000_40.000.wav,Cat,Cat,
/DATA_ROOT/Desktop/matcher/Datasets/DESED/data/dataset/audio/train/weak/Y17tk_fp4eJ0_50.000_60.000.wav,Cat,Cat,
/DATA_ROOT/Desktop/matcher/Datasets/DESED/data/dataset/audio/train/weak/Y19UTZe1Gwj4_30.000_40.000.wav,Cat,Cat,
/DATA_ROOT/Desktop/matcher/Datasets/DESED/data/dataset/audio/train/weak/Y1DVyj_Q5f0A_12.000_22.000.wav,Cat,Cat,
/DATA_ROOT/Desktop/matcher/Datasets/DESED/data/dataset/audio/train/weak/Y1FUMr2pDTn0_30.000_40.000.wav,Cat,Cat,
/DATA_ROOT/Desktop/matcher/Datasets/DESED/data/dataset/audio/train/weak/Y1H0jwhMaS70_30.000_40.000.wav,Cat,Cat,
/DATA_ROOT/Desktop/matcher/Datasets/DESED/data/dataset/audio/train/weak/Y1Kxgh-Eciz0_30.000_40.000.wav,Cat,Cat,
/DATA_ROOT/Desktop/matcher/Datasets/DESED/data/dataset/audio/train/weak/Y1MPwoS-R83A_30.000_40.000.wav,Cat,Cat,
/DATA_ROOT/Desktop/matcher/Datasets/DESED/data/dataset/audio/train/weak/Y1NwoL7fn1Qk_40.000_50.000.wav,Cat,Cat,
/DATA_ROOT/Desktop/matcher/Datasets/DESED/data/dataset/audio/train/weak/Y1QAZc5vOLlE_10.000_20.000.wav,Cat,Cat,
/DATA_ROOT/Desktop/matcher/Datasets/DESED/data/dataset/audio/train/weak/Y1QxDi-op6Qg_27.000_37.000.wav,Cat,Cat,
/DATA_ROOT/Desktop/matcher/Datasets/DESED/data/dataset/audio/train/weak/Y1RNq7dbRpWU_16.000_26.000.wav,Cat,Cat,
/DATA_ROOT/Desktop/matcher/Datasets/DESED/data/dataset/audio/train/weak/Y1UgCfEUzfqo_30.000_40.000.wav,Cat,Cat,
/DATA_ROOT/Desktop/matcher/Datasets/DESED/data/dataset/audio/train/weak/Y1Unp4vddTlM_30.000_40.000.wav,Cat,Cat,
/DATA_ROOT/Desktop/matcher/Datasets/DESED/data/dataset/audio/train/weak/Y1VQZAJgvzWI_30.000_40.000.wav,Cat,Cat,
/DATA_ROOT/Desktop/matcher/Datasets/DESED/data/dataset/audio/train/weak/Y1VyUmkngG5g_10.000_20.000.wav,Cat,Cat,
/DATA_ROOT/Desktop/matcher/Datasets/DESED/data/dataset/audio/train/weak/Y1b1b-9_AcFg_30.000_40.000.wav,Cat,Cat,
/DATA_ROOT/Desktop/matcher/Datasets/DESED/data/dataset/audio/train/weak/Y1ci9EhneRNs_30.000_40.000.wav,Cat,Cat,
/DATA_ROOT/Desktop/matcher/Datasets/DESED/data/dataset/audio/train/weak/Y1dgBCUaZVAQ_21.000_31.000.wav,Cat,Cat,
/DATA_ROOT/Desktop/matcher/Datasets/DESED/data/dataset/audio/train/weak/Y1sLF9mlF1yg_2.000_12.000.wav,Cat,Cat,
/DATA_ROOT/Desktop/matcher/Datasets/DESED/data/dataset/audio/train/weak/Y1szSQEuQ5WM_30.000_40.000.wav,Cat,Cat,
/DATA_ROOT/Desktop/matcher/Datasets/DESED/data/dataset/audio/train/weak/Y1tHhN-4fTiU_30.000_40.000.wav,Cat,Cat,
/DATA_ROOT/Desktop/matcher/Datasets/DESED/data/dataset/audio/train/weak/Y1tJdV9lG8dI_30.000_40.000.wav,Cat,Cat,
/DATA_ROOT/Desktop/matcher/Datasets/DESED/data/dataset/audio/train/weak/Y1vEjPObCs-c_6.000_16.000.wav,Cat,Cat,
/DATA_ROOT/Desktop/matcher/Datasets/DESED/data/dataset/audio/train/weak/Y1x2dJASMVi4_30.000_40.000.wav,Cat,Cat,
/DATA_ROOT/Desktop/matcher/Datasets/DESED/data/dataset/audio/train/weak/Y1zYsKe5HhsQ_21.000_31.000.wav,Cat,Cat,
/DATA_ROOT/Desktop/matcher/Datasets/DESED/data/dataset/audio/train/weak/Y2-dHuNPOmFg_30.000_40.000.wav,Cat,Cat,
/DATA_ROOT/Desktop/matcher/Datasets/DESED/data/dataset/audio/train/weak/Y221Ia1cD5dQ_22.000_32.000.wav,Cat,Cat,
/DATA_ROOT/Desktop/matcher/Datasets/DESED/data/dataset/audio/train/weak/Y28yk3SrpV9Q_20.000_30.000.wav,Cat,Cat,
/DATA_ROOT/Desktop/matcher/Datasets/DESED/data/dataset/audio/train/weak/Y29-H4jj5UsE_24.000_34.000.wav,Cat,Cat,
/DATA_ROOT/Desktop/matcher/Datasets/DESED/data/dataset/audio/train/weak/Y2CSHWGtuxAY_30.000_40.000.wav,Cat,Cat,
/DATA_ROOT/Desktop/matcher/Datasets/DESED/data/dataset/audio/train/weak/Y2DaEW8tcMvo_30.000_40.000.wav,Cat,Cat,
/DATA_ROOT/Desktop/matcher/Datasets/DESED/data/dataset/audio/train/weak/Y2EuM56yo0BM_30.000_40.000.wav,Cat,Cat,
/DATA_ROOT/Desktop/matcher/Datasets/DESED/data/dataset/audio/train/weak/Y2IvNEoXArxU_30.000_40.000.wav,Cat,Cat,
/DATA_ROOT/Desktop/matcher/Datasets/DESED/data/dataset/audio/train/weak/Y2KFRad_OEVM_30.000_40.000.wav,Cat,Cat,
/DATA_ROOT/Desktop/matcher/Datasets/DESED/data/dataset/audio/train/weak/Y2KjNkHQ8dvI_30.000_40.000.wav,Cat,Cat,
/DATA_ROOT/Desktop/matcher/Datasets/DESED/data/dataset/audio/train/weak/Y2Kz8a9S_Izs_11.000_21.000.wav,Cat,Cat,
/DATA_ROOT/Desktop/matcher/Datasets/DESED/data/dataset/audio/train/weak/Y2MFWzrk_KTM_30.000_40.000.wav,Cat,Cat,
/DATA_ROOT/Desktop/matcher/Datasets/DESED/data/dataset/audio/train/weak/Y2OoPfRnajZQ_30.000_40.000.wav,Cat,Cat,
/DATA_ROOT/Desktop/matcher/Datasets/DESED/data/dataset/audio/train/weak/Y2UGVSzh2bpQ_30.000_40.000.wav,Cat,Cat,
/DATA_ROOT/Desktop/matcher/Datasets/DESED/data/dataset/audio/train/weak/Y2YFsREAuJv4_30.000_40.000.wav,Cat,Cat,
/DATA_ROOT/Desktop/matcher/Datasets/DESED/data/dataset/audio/train/weak/Y2_07VckX0oU_21.000_31.000.wav,Cat,Cat,
/DATA_ROOT/Desktop/matcher/Datasets/DESED/data/dataset/audio/train/weak/Y2_Fl6KD9xZQ_30.000_40.000.wav,Cat,Cat,
/DATA_ROOT/Desktop/matcher/Datasets/DESED/data/dataset/audio/train/weak/Y2ePpNRwWoOc_30.000_40.000.wav,Cat,Cat,
/DATA_ROOT/Desktop/matcher/Datasets/DESED/data/dataset/audio/train/weak/Y2gCoy1QSPKM_10.000_20.000.wav,Cat,Cat,
/DATA_ROOT/Desktop/matcher/Datasets/DESED/data/dataset/audio/train/weak/Y2gs0Ltt5niY_30.000_40.000.wav,Cat,Cat,
/DATA_ROOT/Desktop/matcher/Datasets/DESED/data/dataset/audio/train/weak/Y2gvtmPZBNqw_30.000_40.000.wav,Cat,Cat,
/DATA_ROOT/Desktop/matcher/Datasets/DESED/data/dataset/audio/train/weak/Y2j8pxiFvElM_0.000_5.000.wav,Cat,Cat,
/DATA_ROOT/Desktop/matcher/Datasets/DESED/data/dataset/audio/train/weak/Y2nSWjsRllr8_30.000_40.000.wav,Cat,Cat,
/DATA_ROOT/Desktop/matcher/Datasets/DESED/data/dataset/audio/train/weak/Y2pFAkhUv7HQ_19.000_29.000.wav,Cat,Cat,
/DATA_ROOT/Desktop/matcher/Datasets/DESED/data/dataset/audio/train/weak/Y2rEjHi9VQM0_7.000_17.000.wav,Cat,Cat,
/DATA_ROOT/Desktop/matcher/Datasets/DESED/data/dataset/audio/train/weak/Y2sZhC_mKeic_30.000_40.000.wav,Cat,Cat,
/DATA_ROOT/Desktop/matcher/Datasets/DESED/data/dataset/audio/train/weak/Y2smnPw-cEps_30.000_40.000.wav,Cat,Cat,
/DATA_ROOT/Desktop/matcher/Datasets/DESED/data/dataset/audio/train/weak/Y2tpNtgOTI7M_21.000_31.000.wav,Cat,Cat,
/DATA_ROOT/Desktop/matcher/Datasets/DESED/data/dataset/audio/train/weak/Y2tvbXTF_MOA_30.000_40.000.wav,Cat,Cat,
/DATA_ROOT/Desktop/matcher/Datasets/DESED/data/dataset/audio/train/weak/Y2wG2Ar6VRMU_30.000_40.000.wav,Cat,Cat,
/DATA_ROOT/Desktop/matcher/Datasets/DESED/data/dataset/audio/train/weak/Y2wN-zr2MB2A_30.000_40.000.wav,Cat,Cat,
/DATA_ROOT/Desktop/matcher/Datasets/DESED/data/dataset/audio/train/weak/Y3-Q-3tZRaLI_30.000_40.000.wav,Cat,Cat,
/DATA_ROOT/Desktop/matcher/Datasets/DESED/data/dataset/audio/train/weak/Y3-Yw2TJQX4M_13.000_23.000.wav,Cat,Cat,
/DATA_ROOT/Desktop/matcher/Datasets/DESED/data/dataset/audio/train/weak/Y30N8kpX42Nc_30.000_40.000.wav,Cat,Cat,
/DATA_ROOT/Desktop/matcher/Datasets/DESED/data/dataset/audio/train/weak/Y30jyF9zlHXU_30.000_40.000.wav,Cat,Cat,
/DATA_ROOT/Desktop/matcher/Datasets/DESED/data/dataset/audio/train/weak/Y323uKBR-l4o_30.000_40.000.wav,Cat,Cat,
/DATA_ROOT/Desktop/matcher/Datasets/DESED/data/dataset/audio/train/weak/Y34_hvcz2g3s_25.000_35.000.wav,Cat,Cat,
/DATA_ROOT/Desktop/matcher/Datasets/DESED/data/dataset/audio/train/weak/Y34nb4_NIs_4_13.000_23.000.wav,Cat,Cat,
/DATA_ROOT/Desktop/matcher/Datasets/DESED/data/dataset/audio/train/weak/Y369SnL621UI_0.000_10.000.wav,Cat,Cat,
/DATA_ROOT/Desktop/matcher/Datasets/DESED/data/dataset/audio/train/weak/Y3Ez6bhUGPKk_30.000_40.000.wav,Cat,Cat,
/DATA_ROOT/Desktop/matcher/Datasets/DESED/data/dataset/audio/train/weak/Y3G6CJHZEVYM_30.000_40.000.wav,Cat,Cat,
/DATA_ROOT/Desktop/matcher/Datasets/DESED/data/dataset/audio/train/weak/Y3GC8vah5aHU_30.000_40.000.wav,Cat,Cat,
/DATA_ROOT/Desktop/matcher/Datasets/DESED/data/dataset/audio/train/weak/Y3Glt9M8l_OA_30.000_40.000.wav,Cat,Cat,
/DATA_ROOT/Desktop/matcher/Datasets/DESED/data/dataset/audio/train/weak/Y3HrhMbXIuEk_18.000_28.000.wav,Cat,Cat,
/DATA_ROOT/Desktop/matcher/Datasets/DESED/data/dataset/audio/train/weak/Y3N0eacoj16s_6.000_16.000.wav,Cat,Cat,
/DATA_ROOT/Desktop/matcher/Datasets/DESED/data/dataset/audio/train/weak/Y3P_hZmAbPuI_30.000_40.000.wav,Cat,Cat,
/DATA_ROOT/Desktop/matcher/Datasets/DESED/data/dataset/audio/train/weak/Y3QOZzr4qCsg_20.000_30.000.wav,Cat,Cat,
/DATA_ROOT/Desktop/matcher/Datasets/DESED/data/dataset/audio/train/weak/Y3REDa7Da7Dk_30.000_40.000.wav,Cat,Cat,
/DATA_ROOT/Desktop/matcher/Datasets/DESED/data/dataset/audio/train/weak/Y3UjvVNXo91s_30.000_40.000.wav,Cat,Cat,
/DATA_ROOT/Desktop/matcher/Datasets/DESED/data/dataset/audio/train/weak/Y3Vu_2_YBeTk_30.000_40.000.wav,Cat,Cat,
/DATA_ROOT/Desktop/matcher/Datasets/DESED/data/dataset/audio/train/weak/Y3dVfAVhlAVo_30.000_40.000.wav,Cat,Cat,
/DATA_ROOT/Desktop/matcher/Datasets/DESED/data/dataset/audio/train/weak/Y3fdw7WJRVQc_19.000_29.000.wav,Cat,Cat,
/DATA_ROOT/Desktop/matcher/Datasets/DESED/data/dataset/audio/train/weak/Y3gXb8hq1Vk8_25.000_35.000.wav,Cat,Cat,
/DATA_ROOT/Desktop/matcher/Datasets/DESED/data/dataset/audio/train/weak/Y3gjF-cVb_m4_30.000_40.000.wav,Cat,Cat,
/DATA_ROOT/Desktop/matcher/Datasets/DESED/data/dataset/audio/train/weak/Y3n--reua_a0_27.000_37.000.wav,Cat,Cat,
/DATA_ROOT/Desktop/matcher/Datasets/DESED/data/dataset/audio/train/weak/Y3tPbl-78nZ8_0.000_4.000.wav,Cat,Cat,
/DATA_ROOT/Desktop/matcher/Datasets/DESED/data/dataset/audio/train/weak/Y46Ui0WCPoNk_30.000_40.000.wav,Cat,Cat,
/DATA_ROOT/Desktop/matcher/Datasets/DESED/data/dataset/audio/train/weak/Y48qlec3i3Ds_25.000_35.000.wav,Cat,Cat,
/DATA_ROOT/Desktop/matcher/Datasets/DESED/data/dataset/audio/train/weak/Y4BK-071pAfI_30.000_40.000.wav,Cat,Cat,
/DATA_ROOT/Desktop/matcher/Datasets/DESED/data/dataset/audio/train/weak/Y4BmkuLnWy1U_120.000_130.000.wav,Cat,Cat,
/DATA_ROOT/Desktop/matcher/Datasets/DESED/data/dataset/audio/train/weak/Y4MdNHt91DHM_30.000_40.000.wav,Cat,Cat,
/DATA_ROOT/Desktop/matcher/Datasets/DESED/data/dataset/audio/train/weak/Y4MqedZrHths_30.000_40.000.wav,Cat,Cat,
/DATA_ROOT/Desktop/matcher/Datasets/DESED/data/dataset/audio/train/weak/Y4OYKkAqdYbI_0.000_10.000.wav,Cat,Cat,
/DATA_ROOT/Desktop/matcher/Datasets/DESED/data/dataset/audio/train/weak/Y4P7p_EIdIeY_30.000_40.000.wav,Cat,Cat,
/DATA_ROOT/Desktop/matcher/Datasets/DESED/data/dataset/audio/train/weak/Y4UHlvxbSsJY_30.000_40.000.wav,Cat,Cat,
/DATA_ROOT/Desktop/matcher/Datasets/DESED/data/dataset/audio/train/weak/Y4VD4FGVS2nM_10.000_20.000.wav,Cat,Cat,
/DATA_ROOT/Desktop/matcher/Datasets/DESED/data/dataset/audio/train/weak/Y4VmVMns3514_50.000_60.000.wav,Cat,Cat,
/DATA_ROOT/Desktop/matcher/Datasets/DESED/data/dataset/audio/train/weak/Y4XHI4u7VidE_30.000_40.000.wav,Cat,Cat,
/DATA_ROOT/Desktop/matcher/Datasets/DESED/data/dataset/audio/train/weak/Y4_MSTYZF8ns_0.000_10.000.wav,Cat,Cat,
/DATA_ROOT/Desktop/matcher/Datasets/DESED/data/dataset/audio/train/weak/Y4bLFS9KnHJU_30.000_40.000.wav,Cat,Cat,
/DATA_ROOT/Desktop/matcher/Datasets/DESED/data/dataset/audio/train/weak/Y4eeCIydN--4_3.000_13.000.wav,Cat,Cat,
/DATA_ROOT/Desktop/matcher/Datasets/DESED/data/dataset/audio/train/weak/Y4f2SbVHDPU8_30.000_40.000.wav,Cat,Cat,
/DATA_ROOT/Desktop/matcher/Datasets/DESED/data/dataset/audio/train/weak/Y4fpXqwEe_hM_0.000_4.000.wav,Cat,Cat,
/DATA_ROOT/Desktop/matcher/Datasets/DESED/data/dataset/audio/train/weak/Y4gSRzRQie2M_1.000_11.000.wav,Cat,Cat,
/DATA_ROOT/Desktop/matcher/Datasets/DESED/data/dataset/audio/train/weak/Y4hMpfbdjIjo_40.000_50.000.wav,Cat,Cat,
/DATA_ROOT/Desktop/matcher/Datasets/DESED/data/dataset/audio/train/weak/Y4hjW385XyHE_30.000_40.000.wav,Cat,Cat,
/DATA_ROOT/Desktop/matcher/Datasets/DESED/data/dataset/audio/train/weak/Y4ks0_dkWNGw_10.000_20.000.wav,Cat,Cat,
/DATA_ROOT/Desktop/matcher/Datasets/DESED/data/dataset/audio/train/weak/Y4lYCUB4REU0_30.000_40.000.wav,Cat,Cat,
/DATA_ROOT/Desktop/matcher/Datasets/DESED/data/dataset/audio/train/weak/Y4le_42J5qkU_12.000_22.000.wav,Cat,Cat,
/DATA_ROOT/Desktop/matcher/Datasets/DESED/data/dataset/audio/train/weak/Y4mswzuaZjnQ_30.000_40.000.wav,Cat,Cat,
/DATA_ROOT/Desktop/matcher/Datasets/DESED/data/dataset/audio/train/weak/Y4muUnvSiceA_30.000_40.000.wav,Cat,Cat,
/DATA_ROOT/Desktop/matcher/Datasets/DESED/data/dataset/audio/train/weak/Y4nsoFVx6MZ4_17.000_27.000.wav,Cat,Cat,
/DATA_ROOT/Desktop/matcher/Datasets/DESED/data/dataset/audio/train/weak/Y4oDE5ldMtT4_30.000_40.000.wav,Cat,Cat,
/DATA_ROOT/Desktop/matcher/Datasets/DESED/data/dataset/audio/train/weak/Y4pjcLnx3dMs_14.000_24.000.wav,Cat,Cat,
/DATA_ROOT/Desktop/matcher/Datasets/DESED/data/dataset/audio/train/weak/Y4rZuOkQL4HY_30.000_40.000.wav,Cat,Cat,
/DATA_ROOT/Desktop/matcher/Datasets/DESED/data/dataset/audio/train/weak/Y4rlpvDKiMMY_15.000_25.000.wav,Cat,Cat,
/DATA_ROOT/Desktop/matcher/Datasets/DESED/data/dataset/audio/train/weak/Y4v89TDGH3do_30.000_40.000.wav,Cat,Cat,
/DATA_ROOT/Desktop/matcher/Datasets/DESED/data/dataset/audio/train/weak/Y5-aW6ffdiys_100.000_110.000.wav,Cat,Cat,
/DATA_ROOT/Desktop/matcher/Datasets/DESED/data/dataset/audio/train/weak/Y--sIMPsphRI_10.000_20.000.wav,dog+dog_bark,dog+dog_bark,
/DATA_ROOT/Desktop/matcher/Datasets/DESED/data/dataset/audio/train/weak/Y--7jZxfzemI_13.000_23.000.wav,dog+dog_bark,dog+dog_bark,
/DATA_ROOT/Desktop/matcher/Datasets/DESED/data/dataset/audio/train/weak/Y--L22BmDI6E_12.000_22.000.wav,dog+dog_bark,dog+dog_bark,
/DATA_ROOT/Desktop/matcher/Datasets/DESED/data/dataset/audio/train/weak/Y-1UleAsNU_4_30.000_40.000.wav,dog+dog_bark,dog+dog_bark,
/DATA_ROOT/Desktop/matcher/Datasets/DESED/data/dataset/audio/train/weak/Y-24cKdvEPHs_20.000_30.000.wav,dog+dog_bark,dog+dog_bark,
/DATA_ROOT/Desktop/matcher/Datasets/DESED/data/dataset/audio/train/weak/Y-2XABjjB1tU_110.000_120.000.wav,dog+dog_bark,dog+dog_bark,
/DATA_ROOT/Desktop/matcher/Datasets/DESED/data/dataset/audio/train/weak/Y-37X0bRVT0g_140.000_150.000.wav,dog+dog_bark,dog+dog_bark,
/DATA_ROOT/Desktop/matcher/Datasets/DESED/data/dataset/audio/train/weak/Y-3L1zkUbHt8_21.000_31.000.wav,dog+dog_bark,dog+dog_bark,
/DATA_ROOT/Desktop/matcher/Datasets/DESED/data/dataset/audio/train/weak/Y-4H1EUXNl5s_30.000_40.000.wav,dog+dog_bark,dog+dog_bark,
/DATA_ROOT/Desktop/matcher/Datasets/DESED/data/dataset/audio/train/weak/Y-4ROHZMW7t0_5.000_15.000.wav,dog+dog_bark,dog+dog_bark,
/DATA_ROOT/Desktop/matcher/Datasets/DESED/data/dataset/audio/train/weak/Y-4i49rWLl1o_20.000_30.000.wav,dog+dog_bark,dog+dog_bark,
/DATA_ROOT/Desktop/matcher/Datasets/DESED/data/dataset/audio/train/weak/Y-4oBn8qurR4_25.000_35.000.wav,dog+dog_bark,dog+dog_bark,
/DATA_ROOT/Desktop/matcher/Datasets/DESED/data/dataset/audio/train/weak/Y-5IoPSM59xM_9.000_19.000.wav,dog+dog_bark,dog+dog_bark,
/DATA_ROOT/Desktop/matcher/Datasets/DESED/data/dataset/audio/train/weak/Y-5rnGk2e1ao_0.000_10.000.wav,dog+dog_bark,dog+dog_bark,
/DATA_ROOT/Desktop/matcher/Datasets/DESED/data/dataset/audio/train/weak/Y-7T1vQ2CgdQ_10.000_20.000.wav,"dog+dog_bark,Alarm_bell_ringing",dog+dog_bark,Alarm_bell_ringing
/DATA_ROOT/Desktop/matcher/Datasets/DESED/data/dataset/audio/train/weak/Y-7Y8Cmjdvuk_20.000_30.000.wav,dog+dog_bark,dog+dog_bark,
/DATA_ROOT/Desktop/matcher/Datasets/DESED/data/dataset/audio/train/weak/Y-7khzUmnlm8_30.000_40.000.wav,dog+dog_bark,dog+dog_bark,
/DATA_ROOT/Desktop/matcher/Datasets/DESED/data/dataset/audio/train/weak/Y-7v9JCLrISM_210.000_220.000.wav,dog+dog_bark,dog+dog_bark,
/DATA_ROOT/Desktop/matcher/Datasets/DESED/data/dataset/audio/train/weak/Y-9P1IlNEgsM_0.000_8.000.wav,dog+dog_bark,dog+dog_bark,
/DATA_ROOT/Desktop/matcher/Datasets/DESED/data/dataset/audio/train/weak/Y-9YohOxYZ0Q_10.000_20.000.wav,dog+dog_bark,dog+dog_bark,
/DATA_ROOT/Desktop/matcher/Datasets/DESED/data/dataset/audio/train/weak/Y-A1G9vEhK58_20.000_30.000.wav,dog+dog_bark,dog+dog_bark,
/DATA_ROOT/Desktop/matcher/Datasets/DESED/data/dataset/audio/train/weak/Y-BEt_WLaM_8_30.000_40.000.wav,dog+dog_bark,dog+dog_bark,
/DATA_ROOT/Desktop/matcher/Datasets/DESED/data/dataset/audio/train/weak/Y-CEC5RoRUbU_30.000_40.000.wav,dog+dog_bark,dog+dog_bark,
/DATA_ROOT/Desktop/matcher/Datasets/DESED/data/dataset/audio/train/weak/Y-Dqd4YgZL0k_30.000_40.000.wav,dog+dog_bark,dog+dog_bark,
/DATA_ROOT/Desktop/matcher/Datasets/DESED/data/dataset/audio/train/weak/Y-EM6qEqk_H0_10.000_20.000.wav,dog+dog_bark,dog+dog_bark,
/DATA_ROOT/Desktop/matcher/Datasets/DESED/data/dataset/audio/train/weak/Y-HBR6wrrhAs_0.000_10.000.wav,dog+dog_bark,dog+dog_bark,
/DATA_ROOT/Desktop/matcher/Datasets/DESED/data/dataset/audio/train/weak/Y-HnhPxiYLLU_0.000_9.000.wav,dog+dog_bark,dog+dog_bark,
/DATA_ROOT/Desktop/matcher/Datasets/DESED/data/dataset/audio/train/weak/Y-IHE1hhdtek_30.000_40.000.wav,dog+dog_bark,dog+dog_bark,
/DATA_ROOT/Desktop/matcher/Datasets/DESED/data/dataset/audio/train/weak/Y-Io461is8Ko_120.000_130.000.wav,dog+dog_bark,dog+dog_bark,
/DATA_ROOT/Desktop/matcher/Datasets/DESED/data/dataset/audio/train/weak/Y-JlAIil9iSE_8.000_18.000.wav,dog+dog_bark,dog+dog_bark,
/DATA_ROOT/Desktop/matcher/Datasets/DESED/data/dataset/audio/train/weak/Y-K0wP_zCTvA_30.000_40.000.wav,dog+dog_bark,dog+dog_bark,
/DATA_ROOT/Desktop/matcher/Datasets/DESED/data/dataset/audio/train/weak/Y-KzCxE1X5j0_30.000_40.000.wav,dog+dog_bark,dog+dog_bark,
/DATA_ROOT/Desktop/matcher/Datasets/DESED/data/dataset/audio/train/weak/Y-L46ZLyp9R0_30.000_40.000.wav,dog+dog_bark,dog+dog_bark,
/DATA_ROOT/Desktop/matcher/Datasets/DESED/data/dataset/audio/train/weak/Y-LqG7GIW8UQ_110.000_120.000.wav,dog+dog_bark,dog+dog_bark,
/DATA_ROOT/Desktop/matcher/Datasets/DESED/data/dataset/audio/train/weak/Y-Nsu5Dm73Xw_0.000_10.000.wav,dog+dog_bark,dog+dog_bark,
/DATA_ROOT/Desktop/matcher/Datasets/DESED/data/dataset/audio/train/weak/Y-O-s44NpuEo_30.000_40.000.wav,dog+dog_bark,dog+dog_bark,
/DATA_ROOT/Desktop/matcher/Datasets/DESED/data/dataset/audio/train/weak/Y-OYEgBWbvr4_0.000_10.000.wav,dog+dog_bark,dog+dog_bark,
/DATA_ROOT/Desktop/matcher/Datasets/DESED/data/dataset/audio/train/weak/Y-PWc49x8cyE_30.000_40.000.wav,dog+dog_bark,dog+dog_bark,
/DATA_ROOT/Desktop/matcher/Datasets/DESED/data/dataset/audio/train/weak/Y-PxusaPCH98_30.000_40.000.wav,dog+dog_bark,dog+dog_bark,
/DATA_ROOT/Desktop/matcher/Datasets/DESED/data/dataset/audio/train/weak/Y-QSTEXFuNZs_0.000_10.000.wav,dog+dog_bark,dog+dog_bark,
/DATA_ROOT/Desktop/matcher/Datasets/DESED/data/dataset/audio/train/weak/Y-QhqFtXZ7NA_30.000_40.000.wav,dog+dog_bark,dog+dog_bark,
/DATA_ROOT/Desktop/matcher/Datasets/DESED/data/dataset/audio/train/weak/Y-R47b72sQLU_4.000_14.000.wav,dog+dog_bark,dog+dog_bark,
/DATA_ROOT/Desktop/matcher/Datasets/DESED/data/dataset/audio/train/weak/Y-R5D2ee48uQ_21.000_31.000.wav,dog+dog_bark,dog+dog_bark,
/DATA_ROOT/Desktop/matcher/Datasets/DESED/data/dataset/audio/train/weak/Y-SL5sFIuhtg_30.000_40.000.wav,dog+dog_bark,dog+dog_bark,
/DATA_ROOT/Desktop/matcher/Datasets/DESED/data/dataset/audio/train/weak/Y-T9PDWg_EeU_30.000_40.000.wav,dog+dog_bark,dog+dog_bark,
/DATA_ROOT/Desktop/matcher/Datasets/DESED/data/dataset/audio/train/weak/Y-T9mK2krm2w_30.000_40.000.wav,dog+dog_bark,dog+dog_bark,
/DATA_ROOT/Desktop/matcher/Datasets/DESED/data/dataset/audio/train/weak/Y-UIDQgPMztE_30.000_40.000.wav,dog+dog_bark,dog+dog_bark,
/DATA_ROOT/Desktop/matcher/Datasets/DESED/data/dataset/audio/train/weak/Y-UxlFmoVuPo_30.000_40.000.wav,dog+dog_bark,dog+dog_bark,
/DATA_ROOT/Desktop/matcher/Datasets/DESED/data/dataset/audio/train/weak/Y-VG70q026Bw_30.000_40.000.wav,dog+dog_bark,dog+dog_bark,
/DATA_ROOT/Desktop/matcher/Datasets/DESED/data/dataset/audio/train/weak/Y-VPoLzHsw1s_30.000_40.000.wav,dog+dog_bark,dog+dog_bark,
/DATA_ROOT/Desktop/matcher/Datasets/DESED/data/dataset/audio/train/weak/Y-VV6dIcGmwI_0.000_10.000.wav,dog+dog_bark,dog+dog_bark,
/DATA_ROOT/Desktop/matcher/Datasets/DESED/data/dataset/audio/train/weak/Y-VbuWn-f52s_30.000_40.000.wav,dog+dog_bark,dog+dog_bark,
/DATA_ROOT/Desktop/matcher/Datasets/DESED/data/dataset/audio/train/weak/Y-Vo3XijOlvc_70.000_80.000.wav,dog+dog_bark,dog+dog_bark,
/DATA_ROOT/Desktop/matcher/Datasets/DESED/data/dataset/audio/train/weak/Y-W0tpODVUfQ_30.000_40.000.wav,dog+dog_bark,dog+dog_bark,
/DATA_ROOT/Desktop/matcher/Datasets/DESED/data/dataset/audio/train/weak/Y-WelAtqGj1E_60.000_70.000.wav,dog+dog_bark,dog+dog_bark,
/DATA_ROOT/Desktop/matcher/Datasets/DESED/data/dataset/audio/train/weak/Y-Y2x_3lyCqY_10.000_20.000.wav,dog+dog_bark,dog+dog_bark,
/DATA_ROOT/Desktop/matcher/Datasets/DESED/data/dataset/audio/train/weak/Y-YEkSU7gXLw_30.000_40.000.wav,dog+dog_bark,dog+dog_bark,
/DATA_ROOT/Desktop/matcher/Datasets/DESED/data/dataset/audio/train/weak/Y-ZBKA57bVj8_20.000_30.000.wav,dog+dog_bark,dog+dog_bark,
/DATA_ROOT/Desktop/matcher/Datasets/DESED/data/dataset/audio/train/weak/Y-ZdP1MF8bIw_10.000_20.000.wav,dog+dog_bark,dog+dog_bark,
/DATA_ROOT/Desktop/matcher/Datasets/DESED/data/dataset/audio/train/weak/Y-dvfWWc5bQ8_30.000_40.000.wav,dog+dog_bark,dog+dog_bark,
/DATA_ROOT/Desktop/matcher/Datasets/DESED/data/dataset/audio/train/weak/Y-eHWGca4Z8U_50.000_60.000.wav,dog+dog_bark,dog+dog_bark,
/DATA_ROOT/Desktop/matcher/Datasets/DESED/data/dataset/audio/train/weak/Y-ehQwV9uU8s_30.000_40.000.wav,dog+dog_bark,dog+dog_bark,
/DATA_ROOT/Desktop/matcher/Datasets/DESED/data/dataset/audio/train/weak/Y-dkiBLyj6wA_30.000_40.000.wav,dog+dog_bark,dog+dog_bark,
/DATA_ROOT/Desktop/matcher/Datasets/DESED/data/dataset/audio/train/weak/Y-cid4JHUyiI_20.000_30.000.wav,dog+dog_bark,dog+dog_bark,
/DATA_ROOT/Desktop/matcher/Datasets/DESED/data/dataset/audio/train/weak/Y-bWroS6KQj4_26.000_36.000.wav,dog+dog_bark,dog+dog_bark,
/DATA_ROOT/Desktop/matcher/Datasets/DESED/data/dataset/audio/train/weak/Y-_YEMHrl2QI_2.000_12.000.wav,dog+dog_bark,dog+dog_bark,
/DATA_ROOT/Desktop/matcher/Datasets/DESED/data/dataset/audio/train/weak/Y-eoxW0xL72I_20.000_30.000.wav,dog+dog_bark,dog+dog_bark,
/DATA_ROOT/Desktop/matcher/Datasets/DESED/data/dataset/audio/train/weak/Y-fugxRc4VhY_40.000_50.000.wav,dog+dog_bark,dog+dog_bark,
/DATA_ROOT/Desktop/matcher/Datasets/DESED/data/dataset/audio/train/weak/Y-furRVKz4ac_30.000_40.000.wav,dog+dog_bark,dog+dog_bark,
/DATA_ROOT/Desktop/matcher/Datasets/DESED/data/dataset/audio/train/weak/Y-hdg7DQaxW4_30.000_40.000.wav,dog+dog_bark,dog+dog_bark,
/DATA_ROOT/Desktop/matcher/Datasets/DESED/data/dataset/audio/train/weak/Y-hqM85LZw7c_20.000_30.000.wav,dog+dog_bark,dog+dog_bark,
/DATA_ROOT/Desktop/matcher/Datasets/DESED/data/dataset/audio/train/weak/Y-i0mmYppi18_30.000_40.000.wav,dog+dog_bark,dog+dog_bark,
/DATA_ROOT/Desktop/matcher/Datasets/DESED/data/dataset/audio/train/weak/Y-iQlvp-lsY4_30.000_40.000.wav,dog+dog_bark,dog+dog_bark,
/DATA_ROOT/Desktop/matcher/Datasets/DESED/data/dataset/audio/train/weak/Y-jQRCubyDVU_30.000_40.000.wav,dog+dog_bark,dog+dog_bark,
/DATA_ROOT/Desktop/matcher/Datasets/DESED/data/dataset/audio/train/weak/Y-kCWX1wjibc_30.000_40.000.wav,dog+dog_bark,dog+dog_bark,
/DATA_ROOT/Desktop/matcher/Datasets/DESED/data/dataset/audio/train/weak/Y-lHF9tBL2B8_30.000_40.000.wav,dog+dog_bark,dog+dog_bark,
/DATA_ROOT/Desktop/matcher/Datasets/DESED/data/dataset/audio/train/weak/Y-lT-SZfrIIU_140.000_150.000.wav,dog+dog_bark,dog+dog_bark,
/DATA_ROOT/Desktop/matcher/Datasets/DESED/data/dataset/audio/train/weak/Y-m5z0sH7kGE_20.000_30.000.wav,dog+dog_bark,dog+dog_bark,
/DATA_ROOT/Desktop/matcher/Datasets/DESED/data/dataset/audio/train/weak/Y-mdPX2djAUY_10.000_20.000.wav,dog+dog_bark,dog+dog_bark,
/DATA_ROOT/Desktop/matcher/Datasets/DESED/data/dataset/audio/train/weak/Y-mehDRbzJME_20.000_30.000.wav,dog+dog_bark,dog+dog_bark,
/DATA_ROOT/Desktop/matcher/Datasets/DESED/data/dataset/audio/train/weak/Y-mn4rI21T-4_30.000_40.000.wav,dog+dog_bark,dog+dog_bark,
/DATA_ROOT/Desktop/matcher/Datasets/DESED/data/dataset/audio/train/weak/Y-mt3E7_Ovlo_30.000_40.000.wav,dog+dog_bark,dog+dog_bark,
/DATA_ROOT/Desktop/matcher/Datasets/DESED/data/dataset/audio/train/weak/Y-unossccIwI_0.000_5.000.wav,dog+dog_bark,dog+dog_bark,
/DATA_ROOT/Desktop/matcher/Datasets/DESED/data/dataset/audio/train/weak/Y-umSSowXOX0_30.000_40.000.wav,dog+dog_bark,dog+dog_bark,
/DATA_ROOT/Desktop/matcher/Datasets/DESED/data/dataset/audio/train/weak/Y-u-Id9BVvIc_2.000_12.000.wav,dog+dog_bark,dog+dog_bark,
/DATA_ROOT/Desktop/matcher/Datasets/DESED/data/dataset/audio/train/weak/Y-tPtpv32DZw_10.000_20.000.wav,dog+dog_bark,dog+dog_bark,
/DATA_ROOT/Desktop/matcher/Datasets/DESED/data/dataset/audio/train/weak/Y-sxwmvdgmWs_21.000_31.000.wav,dog+dog_bark,dog+dog_bark,
/DATA_ROOT/Desktop/matcher/Datasets/DESED/data/dataset/audio/train/weak/Y-sgDyi4BY-0_30.000_40.000.wav,dog+dog_bark,dog+dog_bark,
/DATA_ROOT/Desktop/matcher/Datasets/DESED/data/dataset/audio/train/weak/Y-sHWEPAUvmQ_50.000_60.000.wav,dog+dog_bark,dog+dog_bark,
/DATA_ROOT/Desktop/matcher/Datasets/DESED/data/dataset/audio/train/weak/Y-rT-3LOGIjw_10.000_20.000.wav,dog+dog_bark,dog+dog_bark,
/DATA_ROOT/Desktop/matcher/Datasets/DESED/data/dataset/audio/train/weak/Y-r7foRuzOuc_70.000_80.000.wav,dog+dog_bark,dog+dog_bark,
/DATA_ROOT/Desktop/matcher/Datasets/DESED/data/dataset/audio/train/weak/Y-qfHOFxUwGQ_0.000_10.000.wav,dog+dog_bark,dog+dog_bark,
/DATA_ROOT/Desktop/matcher/Datasets/DESED/data/dataset/audio/train/weak/Y-pdmLg5FbQY_30.000_40.000.wav,dog+dog_bark,dog+dog_bark,
/DATA_ROOT/Desktop/matcher/Datasets/DESED/data/dataset/audio/train/weak/Y-pd7_XFFy0A_100.000_110.000.wav,dog+dog_bark,dog+dog_bark,
/DATA_ROOT/Desktop/matcher/Datasets/DESED/data/dataset/audio/train/weak/Y-oRgzBsFneA_22.000_32.000.wav,dog+dog_bark,dog+dog_bark,
/DATA_ROOT/Desktop/matcher/Datasets/DESED/data/dataset/audio/train/weak/Y-nveMLXxLn4_10.000_20.000.wav,dog+dog_bark,dog+dog_bark,
/DATA_ROOT/Desktop/matcher/Datasets/DESED/data/dataset/audio/train/weak/Y-nvJc7KvBJ8_30.000_40.000.wav,dog+dog_bark,dog+dog_bark,
/DATA_ROOT/Desktop/matcher/Datasets/DESED/data/dataset/audio/train/weak/Y-niT5wKbFOo_10.000_20.000.wav,dog+dog_bark,dog+dog_bark,
/DATA_ROOT/Desktop/matcher/Datasets/DESED/data/dataset/audio/train/weak/Y-naZXDdh9Ps_30.000_40.000.wav,dog+dog_bark,dog+dog_bark,
/DATA_ROOT/Desktop/matcher/Datasets/DESED/data/dataset/audio/train/weak/Y-wb18_6tLAE_50.000_60.000.wav,dog+dog_bark,dog+dog_bark,
/DATA_ROOT/Desktop/matcher/Datasets/DESED/data/dataset/audio/train/weak/Y-yFeywhaivM_30.000_40.000.wav,dog+dog_bark,dog+dog_bark,
/DATA_ROOT/Desktop/matcher/Datasets/DESED/data/dataset/audio/train/weak/Y-yX0TlfBiFg_12.000_22.000.wav,dog+dog_bark,dog+dog_bark,
/DATA_ROOT/Desktop/matcher/Datasets/DESED/data/dataset/audio/train/weak/Y-yktClBEgbk_30.000_40.000.wav,dog+dog_bark,dog+dog_bark,
/DATA_ROOT/Desktop/matcher/Datasets/DESED/data/dataset/audio/train/weak/Y-yspk7ebYkQ_20.000_30.000.wav,dog+dog_bark,dog+dog_bark,
/DATA_ROOT/Desktop/matcher/Datasets/DESED/data/dataset/audio/train/weak/Y-za3Io5SExs_30.000_40.000.wav,dog+dog_bark,dog+dog_bark,
/DATA_ROOT/Desktop/matcher/Datasets/DESED/data/dataset/audio/train/weak/Y0-uzle1hzoI_0.000_10.000.wav,dog+dog_bark,dog+dog_bark,
/DATA_ROOT/Desktop/matcher/Datasets/DESED/data/dataset/audio/train/weak/Y-zSFmp8e43E_30.000_40.000.wav,dog+dog_bark,dog+dog_bark,
/DATA_ROOT/Desktop/matcher/Datasets/DESED/data/dataset/audio/train/weak/Y0Am_PbPUkuk_30.000_40.000.wav,dog+dog_bark,dog+dog_bark,
/DATA_ROOT/Desktop/matcher/Datasets/DESED/data/dataset/audio/train/weak/Y0ApKTbVeSEU_21.000_31.000.wav,dog+dog_bark,dog+dog_bark,
/DATA_ROOT/Desktop/matcher/Datasets/DESED/data/dataset/audio/train/weak/Y0BSidlvh4Ds_30.000_40.000.wav,dog+dog_bark,dog+dog_bark,
/DATA_ROOT/Desktop/matcher/Datasets/DESED/data/dataset/audio/train/weak/Y0BTCY5xhrIY_30.000_40.000.wav,dog+dog_bark,dog+dog_bark,
/DATA_ROOT/Desktop/matcher/Datasets/DESED/data/dataset/audio/train/weak/Y0BnyrbZz8Jk_30.000_40.000.wav,dog+dog_bark,dog+dog_bark,
/DATA_ROOT/Desktop/matcher/Datasets/DESED/data/dataset/audio/train/weak/Y0BwiOU6alvQ_0.000_10.000.wav,dog+dog_bark,dog+dog_bark,
/DATA_ROOT/Desktop/matcher/Datasets/DESED/data/dataset/audio/train/weak/Y0C3J02LHgVk_30.000_40.000.wav,dog+dog_bark,dog+dog_bark,
/DATA_ROOT/Desktop/matcher/Datasets/DESED/data/dataset/audio/train/weak/Y0CRPp8k4wEo_30.000_40.000.wav,dog+dog_bark,dog+dog_bark,
/DATA_ROOT/Desktop/matcher/Datasets/DESED/data/dataset/audio/train/weak/Y0CUHnK_Lh4s_30.000_40.000.wav,dog+dog_bark,dog+dog_bark,
/DATA_ROOT/Desktop/matcher/Datasets/DESED/data/dataset/audio/train/weak/Y0CYxiRkfVhw_30.000_40.000.wav,dog+dog_bark,dog+dog_bark,
/DATA_ROOT/Desktop/matcher/Datasets/DESED/data/dataset/audio/train/weak/Y0CgZR0f_yFs_30.000_40.000.wav,dog+dog_bark,dog+dog_bark,
/DATA_ROOT/Desktop/matcher/Datasets/DESED/data/dataset/audio/train/weak/Y0EOJ3ZqLJDU_10.000_20.000.wav,dog+dog_bark,dog+dog_bark,
/DATA_ROOT/Desktop/matcher/Datasets/DESED/data/dataset/audio/train/weak/Y0EjIJRg8ub4_30.000_40.000.wav,dog+dog_bark,dog+dog_bark,
/DATA_ROOT/Desktop/matcher/Datasets/DESED/data/dataset/audio/train/weak/Y0FtYHAivI2E_30.000_40.000.wav,dog+dog_bark,dog+dog_bark,
/DATA_ROOT/Desktop/matcher/Datasets/DESED/data/dataset/audio/train/weak/Y0Gggc7Vz7TI_10.000_20.000.wav,dog+dog_bark,dog+dog_bark,
/DATA_ROOT/Desktop/matcher/Datasets/DESED/data/dataset/audio/train/weak/Y0Gxxzj2vopc_30.000_40.000.wav,dog+dog_bark,dog+dog_bark,
/DATA_ROOT/Desktop/matcher/Datasets/DESED/data/dataset/audio/train/weak/Y0IGUZWhc9Go_10.000_20.000.wav,dog+dog_bark,dog+dog_bark,
/DATA_ROOT/Desktop/matcher/Datasets/DESED/data/dataset/audio/train/weak/Y0J0sN1xeDZM_30.000_40.000.wav,dog+dog_bark,dog+dog_bark,
/DATA_ROOT/Desktop/matcher/Datasets/DESED/data/dataset/audio/train/weak/Y0M20-hvyBvQ_110.000_120.000.wav,dog+dog_bark,dog+dog_bark,
/DATA_ROOT/Desktop/matcher/Datasets/DESED/data/dataset/audio/train/weak/Y0M7CEfzzGm8_220.000_230.000.wav,dog+dog_bark,dog+dog_bark,
/DATA_ROOT/Desktop/matcher/Datasets/DESED/data/dataset/audio/train/weak/Y0N3bFducxuc_30.000_40.000.wav,dog+dog_bark,dog+dog_bark,
/DATA_ROOT/Desktop/matcher/Datasets/DESED/data/dataset/audio/train/weak/Y0NIW_5zr2zg_30.000_40.000.wav,dog+dog_bark,dog+dog_bark,
/DATA_ROOT/Desktop/matcher/Datasets/DESED/data/dataset/audio/train/weak/Y0OLsNjg9Q_c_40.000_50.000.wav,dog+dog_bark,dog+dog_bark,
/DATA_ROOT/Desktop/matcher/Datasets/DESED/data/dataset/audio/train/weak/Y0P2dMIUs6W0_21.000_31.000.wav,dog+dog_bark,dog+dog_bark,
/DATA_ROOT/Desktop/matcher/Datasets/DESED/data/dataset/audio/train/weak/Y0Q_BPEl7_Vo_30.000_40.000.wav,dog+dog_bark,dog+dog_bark,
/DATA_ROOT/Desktop/matcher/Datasets/DESED/data/dataset/audio/train/weak/Y0QkmP-TtIFo_300.000_310.000.wav,dog+dog_bark,dog+dog_bark,
/DATA_ROOT/Desktop/matcher/Datasets/DESED/data/dataset/audio/train/weak/Y0RNKWKFds8Y_30.000_40.000.wav,dog+dog_bark,dog+dog_bark,
/DATA_ROOT/Desktop/matcher/Datasets/DESED/data/dataset/audio/train/weak/Y0RxvhDsjL0M_30.000_40.000.wav,dog+dog_bark,dog+dog_bark,
/DATA_ROOT/Desktop/matcher/Datasets/DESED/data/dataset/audio/train/weak/Y0UEClS6XhZ0_30.000_40.000.wav,dog+dog_bark,dog+dog_bark,
/DATA_ROOT/Desktop/matcher/Datasets/DESED/data/dataset/audio/train/weak/Y0UhAR0Qt4UA_28.000_38.000.wav,dog+dog_bark,dog+dog_bark,
/DATA_ROOT/Desktop/matcher/Datasets/DESED/data/dataset/audio/train/weak/Y0XED4i5Jkzw_300.000_310.000.wav,dog+dog_bark,dog+dog_bark,
/DATA_ROOT/Desktop/matcher/Datasets/DESED/data/dataset/audio/train/weak/Y0XR0EQBxzZk_30.000_40.000.wav,dog+dog_bark,dog+dog_bark,
/DATA_ROOT/Desktop/matcher/Datasets/DESED/data/dataset/audio/train/weak/Y0XUauSOwvzk_30.000_40.000.wav,dog+dog_bark,dog+dog_bark,
/DATA_ROOT/Desktop/matcher/Datasets/DESED/data/dataset/audio/train/weak/Y0X_XBckLKj8_30.000_40.000.wav,dog+dog_bark,dog+dog_bark,
/DATA_ROOT/Desktop/matcher/Datasets/DESED/data/dataset/audio/train/weak/Y0XouGEsWiQk_200.000_210.000.wav,dog+dog_bark,dog+dog_bark,
/DATA_ROOT/Desktop/matcher/Datasets/DESED/data/dataset/audio/train/weak/Y0_J0BWiW7-k_12.000_22.000.wav,"dog+dog_bark,Vacuum_cleaner",dog+dog_bark,Vacuum_cleaner
/DATA_ROOT/Desktop/matcher/Datasets/DESED/data/dataset/audio/train/weak/Y0a8RB5eOGJ4_30.000_40.000.wav,dog+dog_bark,dog+dog_bark,
/DATA_ROOT/Desktop/matcher/Datasets/DESED/data/dataset/audio/train/weak/Y0br2bEMg6yg_23.000_33.000.wav,dog+dog_bark,dog+dog_bark,
/DATA_ROOT/Desktop/matcher/Datasets/DESED/data/dataset/audio/train/weak/Y0bveNubRkUI_0.000_10.000.wav,dog+dog_bark,dog+dog_bark,
/DATA_ROOT/Desktop/matcher/Datasets/DESED/data/dataset/audio/train/weak/Y0cGgIDhIfdA_30.000_40.000.wav,dog+dog_bark,dog+dog_bark,
/DATA_ROOT/Desktop/matcher/Datasets/DESED/data/dataset/audio/train/weak/Y0cnLnzrBcmY_10.000_20.000.wav,dog+dog_bark,dog+dog_bark,
/DATA_ROOT/Desktop/matcher/Datasets/DESED/data/dataset/audio/train/weak/Y0d8dFoWQ2KA_30.000_40.000.wav,dog+dog_bark,dog+dog_bark,
/DATA_ROOT/Desktop/matcher/Datasets/DESED/data/dataset/audio/train/weak/Y0dI4cUQlAkQ_30.000_40.000.wav,dog+dog_bark,dog+dog_bark,
/DATA_ROOT/Desktop/matcher/Datasets/DESED/data/dataset/audio/train/weak/Y0eNfQDAbn_Y_20.000_30.000.wav,dog+dog_bark,dog+dog_bark,
/DATA_ROOT/Desktop/matcher/Datasets/DESED/data/dataset/audio/train/weak/Y0ebNDEKQWmY_2.000_12.000.wav,dog+dog_bark,dog+dog_bark,
/DATA_ROOT/Desktop/matcher/Datasets/DESED/data/dataset/audio/train/weak/Y0gvqDWLoBfQ_10.000_20.000.wav,dog+dog_bark,dog+dog_bark,
/DATA_ROOT/Desktop/matcher/Datasets/DESED/data/dataset/audio/train/weak/Y0io4FnKo8Eg_20.000_30.000.wav,dog+dog_bark,dog+dog_bark,
/DATA_ROOT/Desktop/matcher/Datasets/DESED/data/dataset/audio/train/weak/Y0izj5OZGtg8_30.000_40.000.wav,dog+dog_bark,dog+dog_bark,
/DATA_ROOT/Desktop/matcher/Datasets/DESED/data/dataset/audio/train/weak/Y0j2L1H_b1qM_20.000_30.000.wav,dog+dog_bark,dog+dog_bark,
/DATA_ROOT/Desktop/matcher/Datasets/DESED/data/dataset/audio/train/weak/Y0kTHgSzQkfw_10.000_20.000.wav,dog+dog_bark,dog+dog_bark,
/DATA_ROOT/Desktop/matcher/Datasets/DESED/data/dataset/audio/train/weak/Y0lUFEAnnET8_30.000_40.000.wav,dog+dog_bark,dog+dog_bark,
/DATA_ROOT/Desktop/matcher/Datasets/DESED/data/dataset/audio/train/weak/Y0lV5Fln3nYA_390.000_400.000.wav,dog+dog_bark,dog+dog_bark,
/DATA_ROOT/Desktop/matcher/Datasets/DESED/data/dataset/audio/train/weak/Y5_OJsj6bcuo_260.000_270.000.wav,"Dishes,Frying,Speech",Speech,Dishes
/DATA_ROOT/Desktop/matcher/Datasets/DESED/data/dataset/audio/train/weak/Y8EQHKEd5mm4_120.000_130.000.wav,"Dishes,Frying",,Dishes
/DATA_ROOT/Desktop/matcher/Datasets/DESED/data/dataset/audio/train/weak/YA_0MlszhCDE_180.000_190.000.wav,"Dishes,Frying,Speech",Speech,Dishes
/DATA_ROOT/Desktop/matcher/Datasets/DESED/data/dataset/audio/train/weak/YKs82WXeSK_I_200.000_210.000.wav,"Dishes,Frying",,Dishes
/DATA_ROOT/Desktop/matcher/Datasets/DESED/data/dataset/audio/train/weak/YTrdsiHl7xWA_30.000_40.000.wav,"Dishes,Frying,Speech",Speech,Dishes
/DATA_ROOT/Desktop/matcher/Datasets/DESED/data/dataset/audio/train/weak/YZPDVc3hNaQs_80.000_90.000.wav,"Dishes,Speech,Frying",Speech,Dishes
/DATA_ROOT/Desktop/matcher/Datasets/DESED/data/dataset/audio/train/weak/Y-DlHUJC4NuM_16.000_26.000.wav,"Frying,Dishes",,Frying
/DATA_ROOT/Desktop/matcher/Datasets/DESED/data/dataset/audio/train/weak/Y-EDRNpIlIwo_480.000_490.000.wav,Frying,,
/DATA_ROOT/Desktop/matcher/Datasets/DESED/data/dataset/audio/train/weak/Y-Owu1H-JG9w_410.000_420.000.wav,"Frying,Speech",Speech,Frying
/DATA_ROOT/Desktop/matcher/Datasets/DESED/data/dataset/audio/train/weak/Y-PfTYmixaVM_170.000_180.000.wav,Frying,,
/DATA_ROOT/Desktop/matcher/Datasets/DESED/data/dataset/audio/train/weak/Y-RIXNh-i88E_30.000_40.000.wav,"Speech,Frying,Dishes",Speech,Frying
/DATA_ROOT/Desktop/matcher/Datasets/DESED/data/dataset/audio/train/weak/Y-_OktjRkoSk_110.000_120.000.wav,"Frying,Speech",Speech,Frying
/DATA_ROOT/Desktop/matcher/Datasets/DESED/data/dataset/audio/train/weak/Y-essyyKfJao_310.000_320.000.wav,"Frying,Speech",Speech,Frying
/DATA_ROOT/Desktop/matcher/Datasets/DESED/data/dataset/audio/train/weak/Y-g-eZBsr_3s_520.000_530.000.wav,"Frying,Speech",Speech,Frying
/DATA_ROOT/Desktop/matcher/Datasets/DESED/data/dataset/audio/train/weak/Y-knsW4FmXus_320.000_330.000.wav,"Frying,Speech",Speech,Frying
/DATA_ROOT/Desktop/matcher/Datasets/DESED/data/dataset/audio/train/weak/Y-mNmhJs1pYM_90.000_100.000.wav,Frying,,
/DATA_ROOT/Desktop/matcher/Datasets/DESED/data/dataset/audio/train/weak/Y04jA_kRetJY_190.000_200.000.wav,"Frying,Speech",Speech,Frying
/DATA_ROOT/Desktop/matcher/Datasets/DESED/data/dataset/audio/train/weak/Y0H886ArR4l4_20.000_30.000.wav,"Frying,Speech",Speech,Frying
/DATA_ROOT/Desktop/matcher/Datasets/DESED/data/dataset/audio/train/weak/Y0PvDZ5t_Ajk_20.000_30.000.wav,"Frying,Speech",Speech,Frying
/DATA_ROOT/Desktop/matcher/Datasets/DESED/data/dataset/audio/train/weak/Y0WxL3UhsteQ_210.000_220.000.wav,"Frying,Speech",Speech,Frying
/DATA_ROOT/Desktop/matcher/Datasets/DESED/data/dataset/audio/train/weak/Y0Z4LBWXXRTY_430.000_440.000.wav,"Frying,Speech",Speech,Frying
/DATA_ROOT/Desktop/matcher/Datasets/DESED/data/dataset/audio/train/weak/Y0eTnDw0z8MQ_170.000_180.000.wav,"Frying,Speech,Dishes",Speech,Frying
/DATA_ROOT/Desktop/matcher/Datasets/DESED/data/dataset/audio/train/weak/Y0lEavQUSRO4_410.000_420.000.wav,"Frying,Speech,Dishes",Speech,Frying
/DATA_ROOT/Desktop/matcher/Datasets/DESED/data/dataset/audio/train/weak/Y0oUbMWJgokM_170.000_180.000.wav,"Speech,Frying",Speech,Frying
/DATA_ROOT/Desktop/matcher/Datasets/DESED/data/dataset/audio/train/weak/Y0rmCYTGycKw_90.000_100.000.wav,"Frying,Speech",Speech,Frying
/DATA_ROOT/Desktop/matcher/Datasets/DESED/data/dataset/audio/train/weak/Y0wBhkeneS_0_90.000_100.000.wav,Frying,,
/DATA_ROOT/Desktop/matcher/Datasets/DESED/data/dataset/audio/train/weak/Y18ga5cnUrmk_80.000_90.000.wav,"Speech,Frying",Speech,Frying
/DATA_ROOT/Desktop/matcher/Datasets/DESED/data/dataset/audio/train/weak/Y1BScYBNc6MA_50.000_60.000.wav,"Speech,Frying",Speech,Frying
/DATA_ROOT/Desktop/matcher/Datasets/DESED/data/dataset/audio/train/weak/Y1CPfFe_5hyQ_200.000_210.000.wav,"Frying,Speech,Dishes",Speech,Frying
/DATA_ROOT/Desktop/matcher/Datasets/DESED/data/dataset/audio/train/weak/Y1ERSh8l5-sM_330.000_340.000.wav,"Speech,Frying",Speech,Frying
/DATA_ROOT/Desktop/matcher/Datasets/DESED/data/dataset/audio/train/weak/Y1GOF_EEeO-0_250.000_260.000.wav,"Frying,Speech,Dishes",Speech,Frying
/DATA_ROOT/Desktop/matcher/Datasets/DESED/data/dataset/audio/train/weak/Y1T8oXIFhjbI_160.000_170.000.wav,"Frying,Speech,Dishes",Speech,Frying
/DATA_ROOT/Desktop/matcher/Datasets/DESED/data/dataset/audio/train/weak/Y1X3ab9ycVL0_130.000_140.000.wav,"Frying,Speech,Dishes",Speech,Frying
/DATA_ROOT/Desktop/matcher/Datasets/DESED/data/dataset/audio/train/weak/Y1vRE3X4JUGA_90.000_100.000.wav,Frying,,
/DATA_ROOT/Desktop/matcher/Datasets/DESED/data/dataset/audio/train/weak/Y21Lcs4vTfL8_330.000_340.000.wav,"Frying,Speech,Dishes",Speech,Frying
/DATA_ROOT/Desktop/matcher/Datasets/DESED/data/dataset/audio/train/weak/Y24MAv47JAmM_60.000_70.000.wav,"Speech,Frying",Speech,Frying
/DATA_ROOT/Desktop/matcher/Datasets/DESED/data/dataset/audio/train/weak/Y2BNVQn48D04_130.000_140.000.wav,"Speech,Frying",Speech,Frying
/DATA_ROOT/Desktop/matcher/Datasets/DESED/data/dataset/audio/train/weak/Y2ICT6R4XpG8_390.000_400.000.wav,"Frying,Dishes",,Frying
/DATA_ROOT/Desktop/matcher/Datasets/DESED/data/dataset/audio/train/weak/Y2IvlhZhAQXg_480.000_490.000.wav,"Speech,Frying",Speech,Frying
/DATA_ROOT/Desktop/matcher/Datasets/DESED/data/dataset/audio/train/weak/Y2UxOuJUUNYI_310.000_320.000.wav,"Speech,Frying",Speech,Frying
/DATA_ROOT/Desktop/matcher/Datasets/DESED/data/dataset/audio/train/weak/Y2gSMufsNQKA_30.000_40.000.wav,"Frying,Dishes",,Frying
/DATA_ROOT/Desktop/matcher/Datasets/DESED/data/dataset/audio/train/weak/Y2itn7f5uqII_340.000_350.000.wav,"Frying,Speech,Dishes",Speech,Frying
/DATA_ROOT/Desktop/matcher/Datasets/DESED/data/dataset/audio/train/weak/Y2rk3CP0wyTE_30.000_40.000.wav,Frying,,
/DATA_ROOT/Desktop/matcher/Datasets/DESED/data/dataset/audio/train/weak/Y2u1uhPJjG0E_130.000_140.000.wav,"Frying,Speech,Dishes",Speech,Frying
/DATA_ROOT/Desktop/matcher/Datasets/DESED/data/dataset/audio/train/weak/Y31QfrApbf68_140.000_150.000.wav,Frying,,
/DATA_ROOT/Desktop/matcher/Datasets/DESED/data/dataset/audio/train/weak/Y3BDYVasyc7w_90.000_100.000.wav,"Speech,Frying",Speech,Frying
/DATA_ROOT/Desktop/matcher/Datasets/DESED/data/dataset/audio/train/weak/Y3GzSX64mz9A_120.000_130.000.wav,"Frying,Speech,Dishes",Speech,Frying
/DATA_ROOT/Desktop/matcher/Datasets/DESED/data/dataset/audio/train/weak/Y3JhDWx-fyrU_140.000_150.000.wav,"Speech,Frying",Speech,Frying
/DATA_ROOT/Desktop/matcher/Datasets/DESED/data/dataset/audio/train/weak/Y3KMFLT0_1Z8_40.000_50.000.wav,"Frying,Dishes",,Frying
/DATA_ROOT/Desktop/matcher/Datasets/DESED/data/dataset/audio/train/weak/Y3T83pSxx7EY_50.000_60.000.wav,"Speech,Frying",Speech,Frying
/DATA_ROOT/Desktop/matcher/Datasets/DESED/data/dataset/audio/train/weak/Y3W9E20sjFxU_30.000_40.000.wav,"Frying,Speech",Speech,Frying
/DATA_ROOT/Desktop/matcher/Datasets/DESED/data/dataset/audio/train/weak/Y3Y-sGqzbkz8_70.000_80.000.wav,"Frying,Speech",Speech,Frying
/DATA_ROOT/Desktop/matcher/Datasets/DESED/data/dataset/audio/train/weak/Y3eNWJ4Hle6Y_210.000_220.000.wav,"Frying,Dishes",,Frying
/DATA_ROOT/Desktop/matcher/Datasets/DESED/data/dataset/audio/train/weak/Y3fUx5N4E_Ns_22.000_32.000.wav,Frying,,
/DATA_ROOT/Desktop/matcher/Datasets/DESED/data/dataset/audio/train/weak/Y3oMfiHn8glc_250.000_260.000.wav,"Frying,Speech",Speech,Frying
/DATA_ROOT/Desktop/matcher/Datasets/DESED/data/dataset/audio/train/weak/Y3vbNr_cSPCs_230.000_240.000.wav,"Frying,Speech,Dishes",Speech,Frying
/DATA_ROOT/Desktop/matcher/Datasets/DESED/data/dataset/audio/train/weak/Y3xw-ArXjCd0_1.000_11.000.wav,Frying,,
/DATA_ROOT/Desktop/matcher/Datasets/DESED/data/dataset/audio/train/weak/Y4GNasJv6pKg_160.000_170.000.wav,Frying,,
/DATA_ROOT/Desktop/matcher/Datasets/DESED/data/dataset/audio/train/weak/Y4Io5AxwAZLg_210.000_220.000.wav,"Frying,Speech,Dishes",Speech,Frying
/DATA_ROOT/Desktop/matcher/Datasets/DESED/data/dataset/audio/train/weak/Y4SsN6ljFgO4_380.000_390.000.wav,"Speech,Frying",Speech,Frying
/DATA_ROOT/Desktop/matcher/Datasets/DESED/data/dataset/audio/train/weak/Y4UnxBVjWyyI_310.000_320.000.wav,"Frying,Dishes",,Frying
/DATA_ROOT/Desktop/matcher/Datasets/DESED/data/dataset/audio/train/weak/Y4bMl2MbdGFc_60.000_70.000.wav,"Speech,Frying",Speech,Frying
/DATA_ROOT/Desktop/matcher/Datasets/DESED/data/dataset/audio/train/weak/Y4cV4T8ACLh8_290.000_300.000.wav,"Frying,Speech,Dishes",Speech,Frying
/DATA_ROOT/Desktop/matcher/Datasets/DESED/data/dataset/audio/train/weak/Y4dYGxoFrg_U_120.000_130.000.wav,"Frying,Speech,Dishes",Speech,Frying
/DATA_ROOT/Desktop/matcher/Datasets/DESED/data/dataset/audio/train/weak/Y4fz0-Kx2oNs_250.000_260.000.wav,Frying,,
/DATA_ROOT/Desktop/matcher/Datasets/DESED/data/dataset/audio/train/weak/Y4n7ne-sC-JM_520.000_530.000.wav,Frying,,
/DATA_ROOT/Desktop/matcher/Datasets/DESED/data/dataset/audio/train/weak/Y4nHPpC6oGn4_100.000_110.000.wav,"Frying,Speech,Dishes",Speech,Frying
/DATA_ROOT/Desktop/matcher/Datasets/DESED/data/dataset/audio/train/weak/Y4pk8AgcjwHI_100.000_110.000.wav,"Frying,Speech,Dishes",Speech,Frying
/DATA_ROOT/Desktop/matcher/Datasets/DESED/data/dataset/audio/train/weak/Y4yx7AdsRAOs_0.000_10.000.wav,"Frying,Speech,Dishes",Speech,Frying
/DATA_ROOT/Desktop/matcher/Datasets/DESED/data/dataset/audio/train/weak/Y5-P7x4FV4lg_570.000_580.000.wav,"Speech,Frying",Speech,Frying
/DATA_ROOT/Desktop/matcher/Datasets/DESED/data/dataset/audio/train/weak/Y51O5P0FfM4s_350.000_360.000.wav,"Speech,Frying",Speech,Frying
/DATA_ROOT/Desktop/matcher/Datasets/DESED/data/dataset/audio/train/weak/Y56DAM74mj4o_110.000_120.000.wav,"Speech,Frying",Speech,Frying
/DATA_ROOT/Desktop/matcher/Datasets/DESED/data/dataset/audio/train/weak/Y59sY88oEnK4_270.000_280.000.wav,"Frying,Speech,Dishes",Speech,Frying
/DATA_ROOT/Desktop/matcher/Datasets/DESED/data/dataset/audio/train/weak/Y5G6b_QWL3nY_60.000_70.000.wav,Frying,,
/DATA_ROOT/Desktop/matcher/Datasets/DESED/data/dataset/audio/train/weak/Y5K3CYm2u2zA_220.000_230.000.wav,"Frying,Dishes",,Frying
/DATA_ROOT/Desktop/matcher/Datasets/DESED/data/dataset/audio/train/weak/Y5KgFUESjAjY_30.000_40.000.wav,"Speech,Frying",Speech,Frying
/DATA_ROOT/Desktop/matcher/Datasets/DESED/data/dataset/audio/train/weak/Y5MdrETdOmws_30.000_40.000.wav,"Speech,Frying",Speech,Frying
/DATA_ROOT/Desktop/matcher/Datasets/DESED/data/dataset/audio/train/weak/Y5MfA-Ty5Bug_120.000_130.000.wav,"Frying,Speech,Dishes",Speech,Frying
/DATA_ROOT/Desktop/matcher/Datasets/DESED/data/dataset/audio/train/weak/Y5OZjjLujmW4_220.000_230.000.wav,"Frying,Speech,Dishes",Speech,Frying
/DATA_ROOT/Desktop/matcher/Datasets/DESED/data/dataset/audio/train/weak/Y5SuhTH6E4s0_510.000_520.000.wav,"Frying,Speech,Dishes",Speech,Frying
/DATA_ROOT/Desktop/matcher/Datasets/DESED/data/dataset/audio/train/weak/Y5XSZ28t3Er4_40.000_50.000.wav,"Frying,Speech,Dishes",Speech,Frying
/DATA_ROOT/Desktop/matcher/Datasets/DESED/data/dataset/audio/train/weak/Y5ZQCdVfdGig_170.000_180.000.wav,"Frying,Speech,Dishes",Speech,Frying
/DATA_ROOT/Desktop/matcher/Datasets/DESED/data/dataset/audio/train/weak/Y5Z_H9AAErB8_240.000_250.000.wav,"Frying,Speech,Dishes",Speech,Frying
/DATA_ROOT/Desktop/matcher/Datasets/DESED/data/dataset/audio/train/weak/Y5Zlfi4rMHdA_220.000_230.000.wav,"Speech,Frying",Speech,Frying
/DATA_ROOT/Desktop/matcher/Datasets/DESED/data/dataset/audio/train/weak/Y5cKp2I5wVnc_110.000_120.000.wav,"Speech,Frying",Speech,Frying
/DATA_ROOT/Desktop/matcher/Datasets/DESED/data/dataset/audio/train/weak/Y5hUK9ubSMZU_300.000_310.000.wav,"Frying,Speech,Dishes",Speech,Frying
/DATA_ROOT/Desktop/matcher/Datasets/DESED/data/dataset/audio/train/weak/Y5jGW04-qCqA_70.000_80.000.wav,"Frying,Speech,Dishes",Speech,Frying
/DATA_ROOT/Desktop/matcher/Datasets/DESED/data/dataset/audio/train/weak/Y60sTmOvstX8_14.000_24.000.wav,"Frying,Speech",Speech,Frying
/DATA_ROOT/Desktop/matcher/Datasets/DESED/data/dataset/audio/train/weak/Y63aTkG1grKA_120.000_130.000.wav,"Frying,Speech,Dishes",Speech,Frying
/DATA_ROOT/Desktop/matcher/Datasets/DESED/data/dataset/audio/train/weak/Y68ijV_btmC0_370.000_380.000.wav,Frying,,
/DATA_ROOT/Desktop/matcher/Datasets/DESED/data/dataset/audio/train/weak/Y6DMX8gljdqU_90.000_100.000.wav,"Frying,Speech,Dishes",Speech,Frying
/DATA_ROOT/Desktop/matcher/Datasets/DESED/data/dataset/audio/train/weak/Y6cCRuEzXIl8_410.000_420.000.wav,"Frying,Speech,Dishes",Speech,Frying
/DATA_ROOT/Desktop/matcher/Datasets/DESED/data/dataset/audio/train/weak/Y6kG4su7eRsg_160.000_170.000.wav,"Frying,Dishes",,Frying
/DATA_ROOT/Desktop/matcher/Datasets/DESED/data/dataset/audio/train/weak/Y6nJ9zXqHerc_170.000_180.000.wav,"Speech,Frying",Speech,Frying
/DATA_ROOT/Desktop/matcher/Datasets/DESED/data/dataset/audio/train/weak/Y6zBQwvfO958_90.000_100.000.wav,"Speech,Frying",Speech,Frying
/DATA_ROOT/Desktop/matcher/Datasets/DESED/data/dataset/audio/train/weak/Y779sKwaX_Hc_120.000_130.000.wav,Frying,,
/DATA_ROOT/Desktop/matcher/Datasets/DESED/data/dataset/audio/train/weak/Y7BrW2OIEGE4_20.000_30.000.wav,"Frying,Dishes",,Frying
/DATA_ROOT/Desktop/matcher/Datasets/DESED/data/dataset/audio/train/weak/Y7jYmoqMkZSI_50.000_60.000.wav,"Frying,Dishes",,Frying
/DATA_ROOT/Desktop/matcher/Datasets/DESED/data/dataset/audio/train/weak/Y7n4LwRcCA6I_230.000_240.000.wav,"Frying,Speech",Speech,Frying
/DATA_ROOT/Desktop/matcher/Datasets/DESED/data/dataset/audio/train/weak/Y7pL3UHjTnYw_90.000_100.000.wav,Frying,,
/DATA_ROOT/Desktop/matcher/Datasets/DESED/data/dataset/audio/train/weak/Y8-ZLMffhptY_280.000_290.000.wav,"Speech,Frying",Speech,Frying
/DATA_ROOT/Desktop/matcher/Datasets/DESED/data/dataset/audio/train/weak/Y82f4N4PPYDg_70.000_80.000.wav,"Frying,Speech,Dishes",Speech,Frying
/DATA_ROOT/Desktop/matcher/Datasets/DESED/data/dataset/audio/train/weak/Y8DVSSxR87pY_300.000_310.000.wav,"Speech,Frying",Speech,Frying
/DATA_ROOT/Desktop/matcher/Datasets/DESED/data/dataset/audio/train/weak/Y8XVcVotWIiE_2.000_12.000.wav,"Frying,Dishes",,Frying
/DATA_ROOT/Desktop/matcher/Datasets/DESED/data/dataset/audio/train/weak/Y8Xdq4cSpwl4_90.000_100.000.wav,"Frying,Speech,Dishes",Speech,Frying
/DATA_ROOT/Desktop/matcher/Datasets/DESED/data/dataset/audio/train/weak/Y8s70b3xf7LY_100.000_110.000.wav,"Frying,Speech,Dishes",Speech,Frying
/DATA_ROOT/Desktop/matcher/Datasets/DESED/data/dataset/audio/train/weak/Y8sfcMZ8A3OQ_180.000_190.000.wav,"Frying,Speech,Dishes",Speech,Frying
/DATA_ROOT/Desktop/matcher/Datasets/DESED/data/dataset/audio/train/weak/Y8wsrGjVfzQI_160.000_170.000.wav,"Speech,Frying",Speech,Frying
/DATA_ROOT/Desktop/matcher/Datasets/DESED/data/dataset/audio/train/weak/Y923C2xEL-bY_110.000_120.000.wav,"Frying,Speech,Dishes",Speech,Frying
/DATA_ROOT/Desktop/matcher/Datasets/DESED/data/dataset/audio/train/weak/Y9JbcP3y9hYU_560.000_570.000.wav,"Frying,Speech,Dishes",Speech,Frying
/DATA_ROOT/Desktop/matcher/Datasets/DESED/data/dataset/audio/train/weak/Y9KPk292No4k_140.000_150.000.wav,"Speech,Frying",Speech,Frying
/DATA_ROOT/Desktop/matcher/Datasets/DESED/data/dataset/audio/train/weak/Y9V_qFBGs5yY_240.000_250.000.wav,"Speech,Frying",Speech,Frying
/DATA_ROOT/Desktop/matcher/Datasets/DESED/data/dataset/audio/train/weak/Y9YO1aiPy2A4_280.000_290.000.wav,"Frying,Speech",Speech,Frying
/DATA_ROOT/Desktop/matcher/Datasets/DESED/data/dataset/audio/train/weak/Y9aPbbNZGKM4_140.000_150.000.wav,"Frying,Speech,Dishes",Speech,Frying
/DATA_ROOT/Desktop/matcher/Datasets/DESED/data/dataset/audio/train/weak/Y9bQxINhcasI_30.000_40.000.wav,"Frying,Speech,Dishes",Speech,Frying
/DATA_ROOT/Desktop/matcher/Datasets/DESED/data/dataset/audio/train/weak/Y9iGjureW7uE_80.000_90.000.wav,Frying,,
/DATA_ROOT/Desktop/matcher/Datasets/DESED/data/dataset/audio/train/weak/Y9kMTqmnH0h8_70.000_80.000.wav,"Frying,Speech,Dishes",Speech,Frying
/DATA_ROOT/Desktop/matcher/Datasets/DESED/data/dataset/audio/train/weak/Y9puiKadufhc_150.000_160.000.wav,"Frying,Speech,Dishes",Speech,Frying
/DATA_ROOT/Desktop/matcher/Datasets/DESED/data/dataset/audio/train/weak/Y9urBm5gQ_Gs_120.000_130.000.wav,"Frying,Speech",Speech,Frying
/DATA_ROOT/Desktop/matcher/Datasets/DESED/data/dataset/audio/train/weak/Y9vugWX2roX4_350.000_360.000.wav,"Speech,Frying",Speech,Frying
/DATA_ROOT/Desktop/matcher/Datasets/DESED/data/dataset/audio/train/weak/Y9woSSMs77wg_160.000_170.000.wav,Frying,,
/DATA_ROOT/Desktop/matcher/Datasets/DESED/data/dataset/audio/train/weak/Y9xTGSB1Gu5k_180.000_190.000.wav,"Frying,Speech,Dishes",Speech,Frying
/DATA_ROOT/Desktop/matcher/Datasets/DESED/data/dataset/audio/train/weak/YA-KMlW676fA_170.000_180.000.wav,"Frying,Speech,Dishes",Speech,Frying
/DATA_ROOT/Desktop/matcher/Datasets/DESED/data/dataset/audio/train/weak/YA1vqIG8hUrA_140.000_150.000.wav,"Frying,Speech,Dishes",Speech,Frying
/DATA_ROOT/Desktop/matcher/Datasets/DESED/data/dataset/audio/train/weak/YAXXbSozzodM_150.000_160.000.wav,"Speech,Frying",Speech,Frying
/DATA_ROOT/Desktop/matcher/Datasets/DESED/data/dataset/audio/train/weak/YA_Ed02Fc8uI_520.000_530.000.wav,"Speech,Frying",Speech,Frying
/DATA_ROOT/Desktop/matcher/Datasets/DESED/data/dataset/audio/train/weak/YAiPaclfScPk_30.000_40.000.wav,"Speech,Dishes",Speech,Dishes
/DATA_ROOT/Desktop/matcher/Datasets/DESED/data/dataset/audio/train/weak/YAq9aVc38ENg_530.000_540.000.wav,"Frying,Speech,Dishes",Speech,Frying
/DATA_ROOT/Desktop/matcher/Datasets/DESED/data/dataset/audio/train/weak/YAxjVvxlVrB0_70.000_80.000.wav,"Frying,Speech,Dishes",Speech,Frying
/DATA_ROOT/Desktop/matcher/Datasets/DESED/data/dataset/audio/train/weak/YB6PFjZ09CeQ_160.000_170.000.wav,"Frying,Speech,Dishes",Speech,Frying
/DATA_ROOT/Desktop/matcher/Datasets/DESED/data/dataset/audio/train/weak/YB7mBrG4WDFI_210.000_220.000.wav,"Frying,Dishes",,Frying
/DATA_ROOT/Desktop/matcher/Datasets/DESED/data/dataset/audio/train/weak/YB9tmpIYIBWc_40.000_50.000.wav,"Frying,Dishes",,Frying
/DATA_ROOT/Desktop/matcher/Datasets/DESED/data/dataset/audio/train/weak/YBCMH41D40C0_150.000_160.000.wav,"Speech,Frying",Speech,Frying
/DATA_ROOT/Desktop/matcher/Datasets/DESED/data/dataset/audio/train/weak/YBKNZ1V5Vwio_190.000_200.000.wav,Frying,,
/DATA_ROOT/Desktop/matcher/Datasets/DESED/data/dataset/audio/train/weak/YBUqBatiRaS0_30.000_40.000.wav,Frying,,
/DATA_ROOT/Desktop/matcher/Datasets/DESED/data/dataset/audio/train/weak/YC0yegOHoNH8_150.000_160.000.wav,"Frying,Dishes",,Frying
/DATA_ROOT/Desktop/matcher/Datasets/DESED/data/dataset/audio/train/weak/YC61p3UzHJlc_60.000_70.000.wav,Frying,,
/DATA_ROOT/Desktop/matcher/Datasets/DESED/data/dataset/audio/train/weak/YC9RkVD1AgtU_60.000_70.000.wav,Frying,,
/DATA_ROOT/Desktop/matcher/Datasets/DESED/data/dataset/audio/train/weak/YCYsgCcBFp9M_30.000_40.000.wav,"Frying,Dishes",,Frying
/DATA_ROOT/Desktop/matcher/Datasets/DESED/data/dataset/audio/train/weak/YD5LEHkIb3pI_30.000_40.000.wav,Frying,,
/DATA_ROOT/Desktop/matcher/Datasets/DESED/data/dataset/audio/train/weak/YDK6lH3TIvvM_6.000_16.000.wav,"Frying,Dishes",,Frying
/DATA_ROOT/Desktop/matcher/Datasets/DESED/data/dataset/audio/train/weak/YExjkmiWArck_380.000_390.000.wav,Frying,,
/DATA_ROOT/Desktop/matcher/Datasets/DESED/data/dataset/audio/train/weak/YFA_mtHkWx_A_350.000_360.000.wav,"Frying,Dishes",,Frying
/DATA_ROOT/Desktop/matcher/Datasets/DESED/data/dataset/audio/train/weak/YF_EGkmOEU6s_9.000_19.000.wav,Frying,,
/DATA_ROOT/Desktop/matcher/Datasets/DESED/data/dataset/audio/train/weak/YFjs4ljE0B9M_220.000_230.000.wav,"Frying,Dishes",,Frying
/DATA_ROOT/Desktop/matcher/Datasets/DESED/data/dataset/audio/train/weak/YFoAmYrmOvbU_30.000_40.000.wav,Frying,,
/DATA_ROOT/Desktop/matcher/Datasets/DESED/data/dataset/audio/train/weak/Y-TDsXxTaw2Q_520.000_530.000.wav,Dishes,,
/DATA_ROOT/Desktop/matcher/Datasets/DESED/data/dataset/audio/train/weak/Y-WEfNbZO_LE_130.000_140.000.wav,Dishes,,
/DATA_ROOT/Desktop/matcher/Datasets/DESED/data/dataset/audio/train/weak/Y-YLpD1UW8qU_0.000_10.000.wav,Dishes,,
/DATA_ROOT/Desktop/matcher/Datasets/DESED/data/dataset/audio/train/weak/Y-hWRLlRjetY_10.000_20.000.wav,Dishes,,
/DATA_ROOT/Desktop/matcher/Datasets/DESED/data/dataset/audio/train/weak/Y-xyHS0dJ3R8_190.000_200.000.wav,Dishes,,
/DATA_ROOT/Desktop/matcher/Datasets/DESED/data/dataset/audio/train/weak/Y074nzzlXf_g_70.000_80.000.wav,Dishes,,
/DATA_ROOT/Desktop/matcher/Datasets/DESED/data/dataset/audio/train/weak/Y0r2OVHasER0_140.000_150.000.wav,Dishes,,
/DATA_ROOT/Desktop/matcher/Datasets/DESED/data/dataset/audio/train/weak/Y1Ulak3dMnGU_18.000_28.000.wav,Dishes,,
/DATA_ROOT/Desktop/matcher/Datasets/DESED/data/dataset/audio/train/weak/Y1h5vQr1yu2E_100.000_110.000.wav,Dishes,,
/DATA_ROOT/Desktop/matcher/Datasets/DESED/data/dataset/audio/train/weak/Y1hL4MSPzMZ0_270.000_280.000.wav,"Dishes,Frying",,Dishes
/DATA_ROOT/Desktop/matcher/Datasets/DESED/data/dataset/audio/train/weak/Y1lqdBjdJgWg_50.000_60.000.wav,Dishes,,
/DATA_ROOT/Desktop/matcher/Datasets/DESED/data/dataset/audio/train/weak/Y2MwW5vQm4wI_210.000_220.000.wav,Dishes,,
/DATA_ROOT/Desktop/matcher/Datasets/DESED/data/dataset/audio/train/weak/Y2RQQORu0diE_60.000_70.000.wav,Dishes,,
/DATA_ROOT/Desktop/matcher/Datasets/DESED/data/dataset/audio/train/weak/Y2b7NoEYo56g_80.000_90.000.wav,Dishes,,
/DATA_ROOT/Desktop/matcher/Datasets/DESED/data/dataset/audio/train/weak/Y2dZ7ZV3vK28_30.000_40.000.wav,Dishes,,
/DATA_ROOT/Desktop/matcher/Datasets/DESED/data/dataset/audio/train/weak/Y2qXtaTZdvrY_20.000_30.000.wav,Dishes,,
/DATA_ROOT/Desktop/matcher/Datasets/DESED/data/dataset/audio/train/weak/Y4FdTwg1jmAk_2.000_12.000.wav,Dishes,,
/DATA_ROOT/Desktop/matcher/Datasets/DESED/data/dataset/audio/train/weak/Y4RPbOWqEeVk_310.000_320.000.wav,Dishes,,
/DATA_ROOT/Desktop/matcher/Datasets/DESED/data/dataset/audio/train/weak/Y4SDfWBgrXVM_10.000_20.000.wav,Dishes,,
/DATA_ROOT/Desktop/matcher/Datasets/DESED/data/dataset/audio/train/weak/Y4XoQgeO26Ls_0.000_9.000.wav,Dishes,,
/DATA_ROOT/Desktop/matcher/Datasets/DESED/data/dataset/audio/train/weak/Y4fti1n2kmss_10.000_20.000.wav,Dishes,,
/DATA_ROOT/Desktop/matcher/Datasets/DESED/data/dataset/audio/train/weak/Y69VgW9hZ1jc_190.000_200.000.wav,Dishes,,
/DATA_ROOT/Desktop/matcher/Datasets/DESED/data/dataset/audio/train/weak/Y75Ro0rRqJdg_50.000_60.000.wav,Dishes,,
/DATA_ROOT/Desktop/matcher/Datasets/DESED/data/dataset/audio/train/weak/Y7C4HntU8OzA_0.000_10.000.wav,Dishes,,
/DATA_ROOT/Desktop/matcher/Datasets/DESED/data/dataset/audio/train/weak/Y7WlRADYl44I_30.000_40.000.wav,Dishes,,
/DATA_ROOT/Desktop/matcher/Datasets/DESED/data/dataset/audio/train/weak/Y8GFntf9pr2M_120.000_130.000.wav,Dishes,,
/DATA_ROOT/Desktop/matcher/Datasets/DESED/data/dataset/audio/train/weak/Y9A1Sm-1KEqo_190.000_200.000.wav,Dishes,,
/DATA_ROOT/Desktop/matcher/Datasets/DESED/data/dataset/audio/train/weak/Y9SRUFh4J-9Y_80.000_90.000.wav,Dishes,,
/DATA_ROOT/Desktop/matcher/Datasets/DESED/data/dataset/audio/train/weak/Y9rjQjEg-XV0_0.000_7.000.wav,Dishes,,
/DATA_ROOT/Desktop/matcher/Datasets/DESED/data/dataset/audio/train/weak/Y9wQaQJq0Aok_100.000_110.000.wav,Dishes,,
/DATA_ROOT/Desktop/matcher/Datasets/DESED/data/dataset/audio/train/weak/YBNUpvKtFrlM_380.000_390.000.wav,Dishes,,
/DATA_ROOT/Desktop/matcher/Datasets/DESED/data/dataset/audio/train/weak/Y-kJT_nUHinA_50.000_60.000.wav,Alarm_bell_ringing,,
/DATA_ROOT/Desktop/matcher/Datasets/DESED/data/dataset/audio/train/weak/Y0j1-0Y6lGck_120.000_130.000.wav,"Alarm_bell_ringing,Speech",Speech,Alarm_bell_ringing
/DATA_ROOT/Desktop/matcher/Datasets/DESED/data/dataset/audio/train/weak/Y2GQHZpe5yjA_50.000_60.000.wav,Alarm_bell_ringing,,
/DATA_ROOT/Desktop/matcher/Datasets/DESED/data/dataset/audio/train/weak/Y54tr1EdazoQ_0.000_10.000.wav,Alarm_bell_ringing,,
/DATA_ROOT/Desktop/matcher/Datasets/DESED/data/dataset/audio/train/weak/Y5CYK7AKivDo_180.000_190.000.wav,Alarm_bell_ringing,,
/DATA_ROOT/Desktop/matcher/Datasets/DESED/data/dataset/audio/train/weak/Y61X1X_LmORw_90.000_100.000.wav,"Alarm_bell_ringing,Speech",Speech,Alarm_bell_ringing
/DATA_ROOT/Desktop/matcher/Datasets/DESED/data/dataset/audio/train/weak/Y73BZrwK0WG4_10.000_20.000.wav,Alarm_bell_ringing,,
/DATA_ROOT/Desktop/matcher/Datasets/DESED/data/dataset/audio/train/weak/Y79rmTWPTE4k_20.000_30.000.wav,"Alarm_bell_ringing,Alarm_bell_ringing",,Alarm_bell_ringing
/DATA_ROOT/Desktop/matcher/Datasets/DESED/data/dataset/audio/train/weak/Y84DPXuqLmPU_10.000_20.000.wav,Alarm_bell_ringing,,
/DATA_ROOT/Desktop/matcher/Datasets/DESED/data/dataset/audio/train/weak/Y8eEE_7vieA4_60.000_70.000.wav,Alarm_bell_ringing,,
/DATA_ROOT/Desktop/matcher/Datasets/DESED/data/dataset/audio/train/weak/Y8qft_Gz8pbI_40.000_50.000.wav,"Alarm_bell_ringing,Speech",Speech,Alarm_bell_ringing
/DATA_ROOT/Desktop/matcher/Datasets/DESED/data/dataset/audio/train/weak/Y9h5ROryAOB8_30.000_40.000.wav,Alarm_bell_ringing,,
/DATA_ROOT/Desktop/matcher/Datasets/DESED/data/dataset/audio/train/weak/Y9it7TG54R7o_20.000_30.000.wav,Alarm_bell_ringing,,
/DATA_ROOT/Desktop/matcher/Datasets/DESED/data/dataset/audio/train/weak/YAdC7VM5iayo_30.000_40.000.wav,Alarm_bell_ringing,,
/DATA_ROOT/Desktop/matcher/Datasets/DESED/data/dataset/audio/train/weak/YBbe0SLalfds_300.000_310.000.wav,Alarm_bell_ringing,,
/DATA_ROOT/Desktop/matcher/Datasets/DESED/data/dataset/audio/train/weak/YBv7HaboieiI_30.000_40.000.wav,Alarm_bell_ringing,,
/DATA_ROOT/Desktop/matcher/Datasets/DESED/data/dataset/audio/train/weak/YCYgCdPSDuLU_30.000_40.000.wav,"Alarm_bell_ringing,Speech",Speech,Alarm_bell_ringing
/DATA_ROOT/Desktop/matcher/Datasets/DESED/data/dataset/audio/train/weak/YDvo5gaHHMss_60.000_70.000.wav,Alarm_bell_ringing,,
/DATA_ROOT/Desktop/matcher/Datasets/DESED/data/dataset/audio/train/weak/YDxl06F35zRU_190.000_200.000.wav,Alarm_bell_ringing,,
/DATA_ROOT/Desktop/matcher/Datasets/DESED/data/dataset/audio/train/weak/YEzPcuNoSHMM_100.000_110.000.wav,"Alarm_bell_ringing,Speech",Speech,Alarm_bell_ringing
/DATA_ROOT/Desktop/matcher/Datasets/DESED/data/dataset/audio/train/weak/YFuWDfaQjbvs_100.000_110.000.wav,Alarm_bell_ringing,,
/DATA_ROOT/Desktop/matcher/Datasets/DESED/data/dataset/audio/train/weak/YG9THIahRtIg_30.000_40.000.wav,Alarm_bell_ringing,,
/DATA_ROOT/Desktop/matcher/Datasets/DESED/data/dataset/audio/train/weak/YIJCt1QRXB2c_10.000_20.000.wav,Alarm_bell_ringing,,
/DATA_ROOT/Desktop/matcher/Datasets/DESED/data/dataset/audio/train/weak/YINo6GZA4JmI_30.000_40.000.wav,Alarm_bell_ringing,,
/DATA_ROOT/Desktop/matcher/Datasets/DESED/data/dataset/audio/train/weak/YImI6wq8MZHI_30.000_40.000.wav,Alarm_bell_ringing,,
/DATA_ROOT/Desktop/matcher/Datasets/DESED/data/dataset/audio/train/weak/YJUfqY02LE8o_30.000_40.000.wav,Alarm_bell_ringing,,
/DATA_ROOT/Desktop/matcher/Datasets/DESED/data/dataset/audio/train/weak/YK_nRJ9wSrJo_230.000_240.000.wav,Alarm_bell_ringing,,
/DATA_ROOT/Desktop/matcher/Datasets/DESED/data/dataset/audio/train/weak/YKlhaNw2GOdI_30.000_40.000.wav,Alarm_bell_ringing,,
/DATA_ROOT/Desktop/matcher/Datasets/DESED/data/dataset/audio/train/weak/YLUXsrbkMXAo_30.000_40.000.wav,"Alarm_bell_ringing,Speech",Speech,Alarm_bell_ringing
/DATA_ROOT/Desktop/matcher/Datasets/DESED/data/dataset/audio/train/weak/YMAKDYhkqEuM_30.000_40.000.wav,Alarm_bell_ringing,,
/DATA_ROOT/Desktop/matcher/Datasets/DESED/data/dataset/audio/train/weak/YMU-mjwNA8WA_10.000_20.000.wav,Alarm_bell_ringing,,
/DATA_ROOT/Desktop/matcher/Datasets/DESED/data/dataset/audio/train/weak/YNc2S-9oUB8M_70.000_80.000.wav,Alarm_bell_ringing,,
/DATA_ROOT/Desktop/matcher/Datasets/DESED/data/dataset/audio/train/weak/YNuua5ODd_fU_50.000_60.000.wav,"Alarm_bell_ringing,Speech",Speech,Alarm_bell_ringing
/DATA_ROOT/Desktop/matcher/Datasets/DESED/data/dataset/audio/train/weak/YP_LNQaKzuik_20.000_30.000.wav,Alarm_bell_ringing,,
/DATA_ROOT/Desktop/matcher/Datasets/DESED/data/dataset/audio/train/weak/YPti94mTT8SY_30.000_40.000.wav,Alarm_bell_ringing,,
/DATA_ROOT/Desktop/matcher/Datasets/DESED/data/dataset/audio/train/weak/YQSgqjJ2iglM_30.000_40.000.wav,Alarm_bell_ringing,,
/DATA_ROOT/Desktop/matcher/Datasets/DESED/data/dataset/audio/train/weak/YRMfA-0f-aDk_12.000_22.000.wav,Alarm_bell_ringing,,
/DATA_ROOT/Desktop/matcher/Datasets/DESED/data/dataset/audio/train/weak/YTZmFozrJ7BE_20.000_30.000.wav,Alarm_bell_ringing,,
/DATA_ROOT/Desktop/matcher/Datasets/DESED/data/dataset/audio/train/weak/YTx8HKkQEPrc_10.000_20.000.wav,Alarm_bell_ringing,,
/DATA_ROOT/Desktop/matcher/Datasets/DESED/data/dataset/audio/train/weak/YU4nhmciONvk_20.000_30.000.wav,Alarm_bell_ringing,,
/DATA_ROOT/Desktop/matcher/Datasets/DESED/data/dataset/audio/train/weak/YUtFWit1DrMk_0.000_10.000.wav,Alarm_bell_ringing,,
/DATA_ROOT/Desktop/matcher/Datasets/DESED/data/dataset/audio/train/weak/YVbPjWw7pRzo_230.000_240.000.wav,Alarm_bell_ringing,,
/DATA_ROOT/Desktop/matcher/Datasets/DESED/data/dataset/audio/train/weak/YWQsD5BeHcVM_80.000_90.000.wav,Alarm_bell_ringing,,
/DATA_ROOT/Desktop/matcher/Datasets/DESED/data/dataset/audio/train/weak/YWpaOXMCen7s_0.000_10.000.wav,Alarm_bell_ringing,,
/DATA_ROOT/Desktop/matcher/Datasets/DESED/data/dataset/audio/train/weak/YWvGEDbhCAps_0.000_10.000.wav,Alarm_bell_ringing,,
/DATA_ROOT/Desktop/matcher/Datasets/DESED/data/dataset/audio/train/weak/YWzt30lCBGHs_60.000_70.000.wav,"Alarm_bell_ringing,Speech",Speech,Alarm_bell_ringing
/DATA_ROOT/Desktop/matcher/Datasets/DESED/data/dataset/audio/train/weak/YX6U476H2pWw_20.000_30.000.wav,Alarm_bell_ringing,,
/DATA_ROOT/Desktop/matcher/Datasets/DESED/data/dataset/audio/train/weak/YXOxXhQAmuYM_110.000_120.000.wav,Alarm_bell_ringing,,
/DATA_ROOT/Desktop/matcher/Datasets/DESED/data/dataset/audio/train/weak/Y-Jnns0s8q2g_22.000_32.000.wav,"Alarm_bell_ringing,Speech",Speech,Alarm_bell_ringing
/DATA_ROOT/Desktop/matcher/Datasets/DESED/data/dataset/audio/train/weak/Y0F1zmrJb1tI_30.000_40.000.wav,"Alarm_bell_ringing,Speech",Speech,Alarm_bell_ringing
/DATA_ROOT/Desktop/matcher/Datasets/DESED/data/dataset/audio/train/weak/Y0FS8b5CAMp8_150.000_160.000.wav,"Alarm_bell_ringing,Speech",Speech,Alarm_bell_ringing
/DATA_ROOT/Desktop/matcher/Datasets/DESED/data/dataset/audio/train/weak/Y0IkRggWmlfo_0.000_10.000.wav,"Alarm_bell_ringing,Speech",Speech,Alarm_bell_ringing
/DATA_ROOT/Desktop/matcher/Datasets/DESED/data/dataset/audio/train/weak/Y17cA4Gv1BZY_220.000_230.000.wav,Alarm_bell_ringing,,
/DATA_ROOT/Desktop/matcher/Datasets/DESED/data/dataset/audio/train/weak/Y1Iv2NfqIrS4_21.000_31.000.wav,Alarm_bell_ringing,,
/DATA_ROOT/Desktop/matcher/Datasets/DESED/data/dataset/audio/train/weak/Y1bmyWAIQ8kU_60.000_70.000.wav,"Alarm_bell_ringing,Speech",Speech,Alarm_bell_ringing
/DATA_ROOT/Desktop/matcher/Datasets/DESED/data/dataset/audio/train/weak/Y2MXgZDIhMBE_140.000_150.000.wav,Alarm_bell_ringing,,
/DATA_ROOT/Desktop/matcher/Datasets/DESED/data/dataset/audio/train/weak/Y2VQtwvIo8qs_470.000_480.000.wav,"Alarm_bell_ringing,Speech",Speech,Alarm_bell_ringing
/DATA_ROOT/Desktop/matcher/Datasets/DESED/data/dataset/audio/train/weak/Y2Y0T7yIvKsk_50.000_60.000.wav,"Alarm_bell_ringing,Speech",Speech,Alarm_bell_ringing
/DATA_ROOT/Desktop/matcher/Datasets/DESED/data/dataset/audio/train/weak/Y2rDDBfzFoFE_270.000_280.000.wav,"Alarm_bell_ringing,Speech",Speech,Alarm_bell_ringing
/DATA_ROOT/Desktop/matcher/Datasets/DESED/data/dataset/audio/train/weak/Y32j2ljoJnrs_30.000_40.000.wav,"Alarm_bell_ringing,Speech",Speech,Alarm_bell_ringing
/DATA_ROOT/Desktop/matcher/Datasets/DESED/data/dataset/audio/train/weak/Y3DRjPtu_lPs_1.000_11.000.wav,Alarm_bell_ringing,,
/DATA_ROOT/Desktop/matcher/Datasets/DESED/data/dataset/audio/train/weak/Y3YRHXBx7M-o_0.000_10.000.wav,Alarm_bell_ringing,,
/DATA_ROOT/Desktop/matcher/Datasets/DESED/data/dataset/audio/train/weak/Y3faRdcvQG4c_0.000_10.000.wav,Alarm_bell_ringing,,
/DATA_ROOT/Desktop/matcher/Datasets/DESED/data/dataset/audio/train/weak/Y3wFAf6wVAVM_100.000_110.000.wav,Alarm_bell_ringing,,
/DATA_ROOT/Desktop/matcher/Datasets/DESED/data/dataset/audio/train/weak/Y3za58UBL5rE_0.000_10.000.wav,Alarm_bell_ringing,,
/DATA_ROOT/Desktop/matcher/Datasets/DESED/data/dataset/audio/train/weak/Y4CKQdo1ppjs_0.000_10.000.wav,Alarm_bell_ringing,,
/DATA_ROOT/Desktop/matcher/Datasets/DESED/data/dataset/audio/train/weak/Y4GpYhHH7V7g_7.000_17.000.wav,Alarm_bell_ringing,,
/DATA_ROOT/Desktop/matcher/Datasets/DESED/data/dataset/audio/train/weak/Y4UOZhV_zU0g_0.000_10.000.wav,"Alarm_bell_ringing,Speech",Speech,Alarm_bell_ringing
/DATA_ROOT/Desktop/matcher/Datasets/DESED/data/dataset/audio/train/weak/Y5CQxRy_KRLg_170.000_180.000.wav,Alarm_bell_ringing,,
/DATA_ROOT/Desktop/matcher/Datasets/DESED/data/dataset/audio/train/weak/Y5vgZPDEI0Xo_130.000_140.000.wav,"Alarm_bell_ringing,Speech",Speech,Alarm_bell_ringing
/DATA_ROOT/Desktop/matcher/Datasets/DESED/data/dataset/audio/train/weak/Y6AIQWsPfoVg_50.000_60.000.wav,Alarm_bell_ringing,,
/DATA_ROOT/Desktop/matcher/Datasets/DESED/data/dataset/audio/train/weak/Y6Tc-PG_aE9k_0.000_10.000.wav,Alarm_bell_ringing,,
/DATA_ROOT/Desktop/matcher/Datasets/DESED/data/dataset/audio/train/weak/Y6mZSpGpIy-M_0.000_10.000.wav,Alarm_bell_ringing,,
/DATA_ROOT/Desktop/matcher/Datasets/DESED/data/dataset/audio/train/weak/Y7aaCPJACSg4_6.000_16.000.wav,Alarm_bell_ringing,,
/DATA_ROOT/Desktop/matcher/Datasets/DESED/data/dataset/audio/train/weak/Y7kSLOXodo5Y_20.000_30.000.wav,Alarm_bell_ringing,,
/DATA_ROOT/Desktop/matcher/Datasets/DESED/data/dataset/audio/train/weak/Y8ElgFfdm3I4_30.000_40.000.wav,Alarm_bell_ringing,,
/DATA_ROOT/Desktop/matcher/Datasets/DESED/data/dataset/audio/train/weak/Y8l_rjIsUzdQ_16.000_26.000.wav,Alarm_bell_ringing,,
/DATA_ROOT/Desktop/matcher/Datasets/DESED/data/dataset/audio/train/weak/Y8mOksvfiImI_130.000_140.000.wav,"Alarm_bell_ringing,Speech",Speech,Alarm_bell_ringing
/DATA_ROOT/Desktop/matcher/Datasets/DESED/data/dataset/audio/train/weak/Y9MOOm2UWqg4_90.000_100.000.wav,"Alarm_bell_ringing,Speech",Speech,Alarm_bell_ringing
/DATA_ROOT/Desktop/matcher/Datasets/DESED/data/dataset/audio/train/weak/Y9a9wO2zHK_0_20.000_30.000.wav,Alarm_bell_ringing,,
/DATA_ROOT/Desktop/matcher/Datasets/DESED/data/dataset/audio/train/weak/YAeqkD4U_KvU_90.000_100.000.wav,Alarm_bell_ringing,,
/DATA_ROOT/Desktop/matcher/Datasets/DESED/data/dataset/audio/train/weak/YBIMZ4xizgBc_0.000_10.000.wav,Alarm_bell_ringing,,
/DATA_ROOT/Desktop/matcher/Datasets/DESED/data/dataset/audio/train/weak/YC08BB39CkeU_0.000_10.000.wav,Alarm_bell_ringing,,
/DATA_ROOT/Desktop/matcher/Datasets/DESED/data/dataset/audio/train/weak/YCSkW8JWWITY_0.000_5.000.wav,Alarm_bell_ringing,,
/DATA_ROOT/Desktop/matcher/Datasets/DESED/data/dataset/audio/train/weak/YCeyeVxQTXts_12.000_22.000.wav,Alarm_bell_ringing,,
/DATA_ROOT/Desktop/matcher/Datasets/DESED/data/dataset/audio/train/weak/YDN0gNwt-XuM_140.000_150.000.wav,"Alarm_bell_ringing,Speech",Speech,Alarm_bell_ringing
/DATA_ROOT/Desktop/matcher/Datasets/DESED/data/dataset/audio/train/weak/YDWZjGH0sXXU_30.000_40.000.wav,Alarm_bell_ringing,,
/DATA_ROOT/Desktop/matcher/Datasets/DESED/data/dataset/audio/train/weak/YEZolNzNjcEs_50.000_60.000.wav,"Alarm_bell_ringing,Speech",Speech,Alarm_bell_ringing
/DATA_ROOT/Desktop/matcher/Datasets/DESED/data/dataset/audio/train/weak/YEbMfK3MVPYU_0.000_10.000.wav,Alarm_bell_ringing,,
/DATA_ROOT/Desktop/matcher/Datasets/DESED/data/dataset/audio/train/weak/YF56fFsSYrj8_0.000_10.000.wav,Alarm_bell_ringing,,
/DATA_ROOT/Desktop/matcher/Datasets/DESED/data/dataset/audio/train/weak/YFLTWUsc03mg_120.000_130.000.wav,"Alarm_bell_ringing,Speech",Speech,Alarm_bell_ringing
/DATA_ROOT/Desktop/matcher/Datasets/DESED/data/dataset/audio/train/weak/YFP1l5Q2DnHU_270.000_280.000.wav,"Alarm_bell_ringing,Speech",Speech,Alarm_bell_ringing
/DATA_ROOT/Desktop/matcher/Datasets/DESED/data/dataset/audio/train/weak/YFc3GdhovCpQ_0.000_9.000.wav,"Alarm_bell_ringing,Speech",Speech,Alarm_bell_ringing
/DATA_ROOT/Desktop/matcher/Datasets/DESED/data/dataset/audio/train/weak/YFf-LWu7Eyag_40.000_50.000.wav,"Alarm_bell_ringing,Speech",Speech,Alarm_bell_ringing
/DATA_ROOT/Desktop/matcher/Datasets/DESED/data/dataset/audio/train/weak/YFl6VgLJBfZI_10.000_20.000.wav,Alarm_bell_ringing,,
/DATA_ROOT/Desktop/matcher/Datasets/DESED/data/dataset/audio/train/weak/YH0Y9Qmjdtrw_60.000_70.000.wav,"Alarm_bell_ringing,Speech",Speech,Alarm_bell_ringing
/DATA_ROOT/Desktop/matcher/Datasets/DESED/data/dataset/audio/train/weak/YHN8v2mMMc9c_30.000_40.000.wav,Alarm_bell_ringing,,
/DATA_ROOT/Desktop/matcher/Datasets/DESED/data/dataset/audio/train/weak/YHgNqeUAvbVI_10.000_20.000.wav,"Alarm_bell_ringing,Speech",Speech,Alarm_bell_ringing
/DATA_ROOT/Desktop/matcher/Datasets/DESED/data/dataset/audio/train/weak/YJPtjelwyiyY_280.000_290.000.wav,"Alarm_bell_ringing,Speech",Speech,Alarm_bell_ringing
/DATA_ROOT/Desktop/matcher/Datasets/DESED/data/dataset/audio/train/weak/YK9GDTXuoqp4_14.000_24.000.wav,Alarm_bell_ringing,,
/DATA_ROOT/Desktop/matcher/Datasets/DESED/data/dataset/audio/train/weak/YKXzsUM_hd04_30.000_40.000.wav,Alarm_bell_ringing,,
/DATA_ROOT/Desktop/matcher/Datasets/DESED/data/dataset/audio/train/weak/YL2YkwcKaus4_30.000_40.000.wav,Alarm_bell_ringing,,
/DATA_ROOT/Desktop/matcher/Datasets/DESED/data/dataset/audio/train/weak/Y17xCyq_4wvs_440.000_450.000.wav,Dishes,,
/DATA_ROOT/Desktop/matcher/Datasets/DESED/data/dataset/audio/train/weak/YTSnq6n8tElo_0.000_10.000.wav,Dishes,,
/DATA_ROOT/Desktop/matcher/Datasets/DESED/data/dataset/audio/train/weak/Yg42ecK_5Ql4_30.000_40.000.wav,"Dishes,Speech",Speech,Dishes
/DATA_ROOT/Desktop/matcher/Datasets/DESED/data/dataset/audio/train/weak/YdnFtHhbyprM_60.000_70.000.wav,Dishes,,
/DATA_ROOT/Desktop/matcher/Datasets/DESED/data/dataset/audio/train/weak/YiUMViXPOP78_130.000_140.000.wav,Dishes,,
/DATA_ROOT/Desktop/matcher/Datasets/DESED/data/dataset/audio/train/weak/Y7yeWLEus7OI_80.000_90.000.wav,Electric_shaver_toothbrush,Electric_shaver_toothbrush,
/DATA_ROOT/Desktop/matcher/Datasets/DESED/data/dataset/audio/train/weak/Y-l8PxqOuQno_440.000_450.000.wav,Electric_shaver_toothbrush,Electric_shaver_toothbrush,
/DATA_ROOT/Desktop/matcher/Datasets/DESED/data/dataset/audio/train/weak/Y0uX3T48TZ-o_0.000_10.000.wav,Electric_shaver_toothbrush,Electric_shaver_toothbrush,
/DATA_ROOT/Desktop/matcher/Datasets/DESED/data/dataset/audio/train/weak/Y1C0KmX3qjOI_80.000_90.000.wav,Electric_shaver_toothbrush,Electric_shaver_toothbrush,
/DATA_ROOT/Desktop/matcher/Datasets/DESED/data/dataset/audio/train/weak/Y4iAdrVeCMZg_120.000_130.000.wav,Electric_shaver_toothbrush,Electric_shaver_toothbrush,
/DATA_ROOT/Desktop/matcher/Datasets/DESED/data/dataset/audio/train/weak/Y4qVqsHqlAfU_50.000_60.000.wav,Electric_shaver_toothbrush,Electric_shaver_toothbrush,
/DATA_ROOT/Desktop/matcher/Datasets/DESED/data/dataset/audio/train/weak/Y5P5Hw47eHq0_70.000_80.000.wav,Electric_shaver_toothbrush,Electric_shaver_toothbrush,
/DATA_ROOT/Desktop/matcher/Datasets/DESED/data/dataset/audio/train/weak/Y6pgLixTKuLk_0.000_10.000.wav,Electric_shaver_toothbrush,Electric_shaver_toothbrush,
/DATA_ROOT/Desktop/matcher/Datasets/DESED/data/dataset/audio/train/weak/Y6qa2gp8O9FA_10.000_20.000.wav,Electric_shaver_toothbrush,Electric_shaver_toothbrush,
/DATA_ROOT/Desktop/matcher/Datasets/DESED/data/dataset/audio/train/weak/Y7mvN10Zo2mg_180.000_190.000.wav,Electric_shaver_toothbrush,Electric_shaver_toothbrush,
/DATA_ROOT/Desktop/matcher/Datasets/DESED/data/dataset/audio/train/weak/Y8_H6Pxw2hdI_80.000_90.000.wav,Electric_shaver_toothbrush,Electric_shaver_toothbrush,
/DATA_ROOT/Desktop/matcher/Datasets/DESED/data/dataset/audio/train/weak/Y948s7w-mFs8_460.000_470.000.wav,Electric_shaver_toothbrush,Electric_shaver_toothbrush,
/DATA_ROOT/Desktop/matcher/Datasets/DESED/data/dataset/audio/train/weak/Y9vnCi8nepzY_10.000_20.000.wav,Electric_shaver_toothbrush,Electric_shaver_toothbrush,
/DATA_ROOT/Desktop/matcher/Datasets/DESED/data/dataset/audio/train/weak/YClD5nZPCYpo_340.000_350.000.wav,Electric_shaver_toothbrush,Electric_shaver_toothbrush,
/DATA_ROOT/Desktop/matcher/Datasets/DESED/data/dataset/audio/train/weak/YDJ67WIInEfQ_190.000_200.000.wav,Electric_shaver_toothbrush,Electric_shaver_toothbrush,
/DATA_ROOT/Desktop/matcher/Datasets/DESED/data/dataset/audio/train/weak/YDshGlHW-Gso_470.000_480.000.wav,Electric_shaver_toothbrush,Electric_shaver_toothbrush,
/DATA_ROOT/Desktop/matcher/Datasets/DESED/data/dataset/audio/train/weak/YEsPtgM0aEtI_90.000_100.000.wav,Electric_shaver_toothbrush,Electric_shaver_toothbrush,
/DATA_ROOT/Desktop/matcher/Datasets/DESED/data/dataset/audio/train/weak/YIISdb2xY1c8_70.000_80.000.wav,Electric_shaver_toothbrush,Electric_shaver_toothbrush,
/DATA_ROOT/Desktop/matcher/Datasets/DESED/data/dataset/audio/train/weak/YN3K9gKi72D8_0.000_10.000.wav,Electric_shaver_toothbrush,Electric_shaver_toothbrush,
/DATA_ROOT/Desktop/matcher/Datasets/DESED/data/dataset/audio/train/weak/YRKJ92g6Rlbg_50.000_60.000.wav,Electric_shaver_toothbrush,Electric_shaver_toothbrush,
/DATA_ROOT/Desktop/matcher/Datasets/DESED/data/dataset/audio/train/weak/YTJQ2QmTpdiY_290.000_300.000.wav,Electric_shaver_toothbrush,Electric_shaver_toothbrush,
/DATA_ROOT/Desktop/matcher/Datasets/DESED/data/dataset/audio/train/weak/Y-5SglSseBko_180.000_190.000.wav,Blender,Blender,
/DATA_ROOT/Desktop/matcher/Datasets/DESED/data/dataset/audio/train/weak/Y-EvFB12zCk8_30.000_40.000.wav,Blender,Blender,
/DATA_ROOT/Desktop/matcher/Datasets/DESED/data/dataset/audio/train/weak/Y-HyhSn6rU8A_100.000_110.000.wav,Blender,Blender,
/DATA_ROOT/Desktop/matcher/Datasets/DESED/data/dataset/audio/train/weak/Y-_UM0h1qcBM_40.000_50.000.wav,Blender,Blender,
/DATA_ROOT/Desktop/matcher/Datasets/DESED/data/dataset/audio/train/weak/Y-fy0rQoumZ0_230.000_240.000.wav,Blender,Blender,
/DATA_ROOT/Desktop/matcher/Datasets/DESED/data/dataset/audio/train/weak/Y-klrkvfrYXU_70.000_80.000.wav,Blender,Blender,
/DATA_ROOT/Desktop/matcher/Datasets/DESED/data/dataset/audio/train/weak/Y-uIrOdeAZbQ_10.000_20.000.wav,Blender,Blender,
/DATA_ROOT/Desktop/matcher/Datasets/DESED/data/dataset/audio/train/weak/Y0R06GmUsGww_40.000_50.000.wav,Blender,Blender,
/DATA_ROOT/Desktop/matcher/Datasets/DESED/data/dataset/audio/train/weak/Y0_zh25VgrPY_50.000_60.000.wav,Blender,Blender,
/DATA_ROOT/Desktop/matcher/Datasets/DESED/data/dataset/audio/train/weak/Y0kLEZglWPAI_230.000_240.000.wav,Blender,Blender,
/DATA_ROOT/Desktop/matcher/Datasets/DESED/data/dataset/audio/train/weak/Y1j3EdSOu7ME_30.000_40.000.wav,Blender,Blender,
/DATA_ROOT/Desktop/matcher/Datasets/DESED/data/dataset/audio/train/weak/Y2tX_nAyRSp0_130.000_140.000.wav,Blender,Blender,
/DATA_ROOT/Desktop/matcher/Datasets/DESED/data/dataset/audio/train/weak/Y3KRWwv1B1bc_130.000_140.000.wav,Blender,Blender,
/DATA_ROOT/Desktop/matcher/Datasets/DESED/data/dataset/audio/train/weak/Y4Xvbqxv8DTg_330.000_340.000.wav,Blender,Blender,
/DATA_ROOT/Desktop/matcher/Datasets/DESED/data/dataset/audio/train/weak/Y4_yLxXvtm9s_90.000_100.000.wav,Blender,Blender,
/DATA_ROOT/Desktop/matcher/Datasets/DESED/data/dataset/audio/train/weak/Y4h1GQECU4GM_330.000_340.000.wav,Blender,Blender,
/DATA_ROOT/Desktop/matcher/Datasets/DESED/data/dataset/audio/train/weak/Y4sHNykqZDNE_10.000_20.000.wav,Blender,Blender,
/DATA_ROOT/Desktop/matcher/Datasets/DESED/data/dataset/audio/train/weak/Y585sVgKWYHg_130.000_140.000.wav,Blender,Blender,
/DATA_ROOT/Desktop/matcher/Datasets/DESED/data/dataset/audio/train/weak/Y5EZwT9M5pSA_60.000_70.000.wav,Blender,Blender,
/DATA_ROOT/Desktop/matcher/Datasets/DESED/data/dataset/audio/train/weak/Y5IDCyA2GDgs_30.000_40.000.wav,Blender,Blender,
/DATA_ROOT/Desktop/matcher/Datasets/DESED/data/dataset/audio/train/weak/Y5fg4OOQEHgA_40.000_50.000.wav,Blender,Blender,
/DATA_ROOT/Desktop/matcher/Datasets/DESED/data/dataset/audio/train/weak/Y6EeyngaELKA_0.000_10.000.wav,Blender,Blender,
/DATA_ROOT/Desktop/matcher/Datasets/DESED/data/dataset/audio/train/weak/Y6Jec5pP8JKQ_70.000_80.000.wav,Blender,Blender,
/DATA_ROOT/Desktop/matcher/Datasets/DESED/data/dataset/audio/train/weak/Y6_ADEY85YME_110.000_120.000.wav,Blender,Blender,
/DATA_ROOT/Desktop/matcher/Datasets/DESED/data/dataset/audio/train/weak/Y7LPUszo1Iik_50.000_60.000.wav,Blender,Blender,
/DATA_ROOT/Desktop/matcher/Datasets/DESED/data/dataset/audio/train/weak/Y8KuJppQ-eYo_60.000_70.000.wav,Blender,Blender,
/DATA_ROOT/Desktop/matcher/Datasets/DESED/data/dataset/audio/train/weak/Y8xGTYSfiOho_70.000_80.000.wav,Blender,Blender,
/DATA_ROOT/Desktop/matcher/Datasets/DESED/data/dataset/audio/train/weak/Y99OwHVyV-TU_110.000_120.000.wav,Blender,Blender,
/DATA_ROOT/Desktop/matcher/Datasets/DESED/data/dataset/audio/train/weak/Y9QYrSEuK2y8_80.000_90.000.wav,Blender,Blender,
/DATA_ROOT/Desktop/matcher/Datasets/DESED/data/dataset/audio/train/weak/Y9fp-9qML6j0_0.000_10.000.wav,Blender,Blender,
/DATA_ROOT/Desktop/matcher/Datasets/DESED/data/dataset/audio/train/weak/YAuM1rU__KQA_360.000_370.000.wav,Blender,Blender,
/DATA_ROOT/Desktop/matcher/Datasets/DESED/data/dataset/audio/train/weak/YB4d09kEOrS0_40.000_50.000.wav,Blender,Blender,
/DATA_ROOT/Desktop/matcher/Datasets/DESED/data/dataset/audio/train/weak/YC6G6Clcqhvs_170.000_180.000.wav,Blender,Blender,
/DATA_ROOT/Desktop/matcher/Datasets/DESED/data/dataset/audio/train/weak/YC8NPjvCLGak_20.000_30.000.wav,Blender,Blender,
/DATA_ROOT/Desktop/matcher/Datasets/DESED/data/dataset/audio/train/weak/YCG6PGt5GazM_0.000_10.000.wav,Blender,Blender,
/DATA_ROOT/Desktop/matcher/Datasets/DESED/data/dataset/audio/train/weak/YCYLZnd9SB7Y_40.000_50.000.wav,Blender,Blender,
/DATA_ROOT/Desktop/matcher/Datasets/DESED/data/dataset/audio/train/weak/YCePd0H0KpUU_30.000_40.000.wav,Blender,Blender,
/DATA_ROOT/Desktop/matcher/Datasets/DESED/data/dataset/audio/train/weak/YDgElEEFPRaE_570.000_580.000.wav,Blender,Blender,
/DATA_ROOT/Desktop/matcher/Datasets/DESED/data/dataset/audio/train/weak/Y_M6meJksXGE_70.000_80.000.wav,"Running_water,Dishes",Running_water,Dishes
/DATA_ROOT/Desktop/matcher/Datasets/DESED/data/dataset/audio/train/weak/YOFPWxYhuqkM_30.000_40.000.wav,Running_water,Running_water,
/DATA_ROOT/Desktop/matcher/Datasets/DESED/data/dataset/audio/train/weak/Y-64ZmjOBlE8_20.000_30.000.wav,Running_water,Running_water,
/DATA_ROOT/Desktop/matcher/Datasets/DESED/data/dataset/audio/train/weak/Y-SxC_hWxr8E_80.000_90.000.wav,Running_water,Running_water,
/DATA_ROOT/Desktop/matcher/Datasets/DESED/data/dataset/audio/train/weak/Y-ZZ16CynYAU_40.000_50.000.wav,Running_water,Running_water,
/DATA_ROOT/Desktop/matcher/Datasets/DESED/data/dataset/audio/train/weak/Y0efD01_zD8o_20.000_30.000.wav,"Running_water,Dishes",Running_water,Dishes
/DATA_ROOT/Desktop/matcher/Datasets/DESED/data/dataset/audio/train/weak/Y0m3vVvKpVQg_0.000_10.000.wav,Running_water,Running_water,
/DATA_ROOT/Desktop/matcher/Datasets/DESED/data/dataset/audio/train/weak/Y1Q2KE92L738_40.000_50.000.wav,Running_water,Running_water,
/DATA_ROOT/Desktop/matcher/Datasets/DESED/data/dataset/audio/train/weak/Y1WI4qtcajVE_60.000_70.000.wav,Running_water,Running_water,
/DATA_ROOT/Desktop/matcher/Datasets/DESED/data/dataset/audio/train/weak/Y1xXFh-z674c_0.000_10.000.wav,Running_water,Running_water,
/DATA_ROOT/Desktop/matcher/Datasets/DESED/data/dataset/audio/train/weak/Y2A0V2P_k54o_140.000_150.000.wav,Running_water,Running_water,
/DATA_ROOT/Desktop/matcher/Datasets/DESED/data/dataset/audio/train/weak/Y2az5_nabV6Q_280.000_290.000.wav,Running_water,Running_water,
/DATA_ROOT/Desktop/matcher/Datasets/DESED/data/dataset/audio/train/weak/Y32YmhSSVU4U_30.000_40.000.wav,Running_water,Running_water,
/DATA_ROOT/Desktop/matcher/Datasets/DESED/data/dataset/audio/train/weak/Y3vphosRD_Uk_40.000_50.000.wav,Running_water,Running_water,
/DATA_ROOT/Desktop/matcher/Datasets/DESED/data/dataset/audio/train/weak/Y4kT1BaFHza0_50.000_60.000.wav,Running_water,Running_water,
/DATA_ROOT/Desktop/matcher/Datasets/DESED/data/dataset/audio/train/weak/Y4n7O0dJ3pmE_0.000_10.000.wav,Running_water,Running_water,
/DATA_ROOT/Desktop/matcher/Datasets/DESED/data/dataset/audio/train/weak/Y5aE_ARYhtgY_30.000_40.000.wav,Running_water,Running_water,
/DATA_ROOT/Desktop/matcher/Datasets/DESED/data/dataset/audio/train/weak/Y5hRL4oBRP7E_10.000_20.000.wav,Running_water,Running_water,
/DATA_ROOT/Desktop/matcher/Datasets/DESED/data/dataset/audio/train/weak/Y5yFBvLbq1XA_30.000_40.000.wav,Running_water,Running_water,
/DATA_ROOT/Desktop/matcher/Datasets/DESED/data/dataset/audio/train/weak/Y6IfLsA7TAyE_30.000_40.000.wav,Running_water,Running_water,
/DATA_ROOT/Desktop/matcher/Datasets/DESED/data/dataset/audio/train/weak/Y6UDbuFKXaR0_10.000_20.000.wav,Running_water,Running_water,
/DATA_ROOT/Desktop/matcher/Datasets/DESED/data/dataset/audio/train/weak/Y6nxejjU5uP0_50.000_60.000.wav,Running_water,Running_water,
/DATA_ROOT/Desktop/matcher/Datasets/DESED/data/dataset/audio/train/weak/Y7p46zniZmQo_150.000_160.000.wav,Running_water,Running_water,
/DATA_ROOT/Desktop/matcher/Datasets/DESED/data/dataset/audio/train/weak/Y8FNGAEJom4k_70.000_80.000.wav,Running_water,Running_water,
/DATA_ROOT/Desktop/matcher/Datasets/DESED/data/dataset/audio/train/weak/Y8fhjIpCeRs8_30.000_40.000.wav,Running_water,Running_water,
/DATA_ROOT/Desktop/matcher/Datasets/DESED/data/dataset/audio/train/weak/Y990kimBvy1U_100.000_110.000.wav,Running_water,Running_water,
/DATA_ROOT/Desktop/matcher/Datasets/DESED/data/dataset/audio/train/weak/Y9aN9xCyWw8Q_190.000_200.000.wav,Running_water,Running_water,
/DATA_ROOT/Desktop/matcher/Datasets/DESED/data/dataset/audio/train/weak/YAZmZ6kfHm1M_10.000_20.000.wav,Running_water,Running_water,
/DATA_ROOT/Desktop/matcher/Datasets/DESED/data/dataset/audio/train/weak/YAa_maNDcSOw_510.000_520.000.wav,Running_water,Running_water,
/DATA_ROOT/Desktop/matcher/Datasets/DESED/data/dataset/audio/train/weak/YAxt_nGcrTR8_500.000_510.000.wav,Running_water,Running_water,
/DATA_ROOT/Desktop/matcher/Datasets/DESED/data/dataset/audio/train/weak/YBSUZp6JIM38_160.000_170.000.wav,Running_water,Running_water,
/DATA_ROOT/Desktop/matcher/Datasets/DESED/data/dataset/audio/train/weak/YCAPCNEViaeo_30.000_40.000.wav,Running_water,Running_water,
/DATA_ROOT/Desktop/matcher/Datasets/DESED/data/dataset/audio/train/weak/YDMtxOWGoerQ_400.000_410.000.wav,"Running_water,Dishes",Running_water,Dishes
/DATA_ROOT/Desktop/matcher/Datasets/DESED/data/dataset/audio/train/weak/YDPHu5KujHNc_70.000_80.000.wav,Running_water,Running_water,
/DATA_ROOT/Desktop/matcher/Datasets/DESED/data/dataset/audio/train/weak/YDanK-ZvjgN4_0.000_4.000.wav,Running_water,Running_water,
/DATA_ROOT/Desktop/matcher/Datasets/DESED/data/dataset/audio/train/weak/YEDAJyMTNzdU_0.000_10.000.wav,Running_water,Running_water,
/DATA_ROOT/Desktop/matcher/Datasets/DESED/data/dataset/audio/train/weak/YFBmIdVwK4d4_90.000_100.000.wav,Running_water,Running_water,
/DATA_ROOT/Desktop/matcher/Datasets/DESED/data/dataset/audio/train/weak/YFRho6fbN91k_410.000_420.000.wav,Running_water,Running_water,
/DATA_ROOT/Desktop/matcher/Datasets/DESED/data/dataset/audio/train/weak/YFmhReQEt-eg_30.000_40.000.wav,Running_water,Running_water,
/DATA_ROOT/Desktop/matcher/Datasets/DESED/data/dataset/audio/train/weak/YFofzmaOwL9I_20.000_30.000.wav,Running_water,Running_water,
/DATA_ROOT/Desktop/matcher/Datasets/DESED/data/dataset/audio/train/weak/YGCETAb5PT7I_0.000_10.000.wav,Running_water,Running_water,
/DATA_ROOT/Desktop/matcher/Datasets/DESED/data/dataset/audio/train/weak/YGaVEjL__sc8_40.000_50.000.wav,Running_water,Running_water,
/DATA_ROOT/Desktop/matcher/Datasets/DESED/data/dataset/audio/train/weak/YGx_Tfbrmfvs_80.000_90.000.wav,Running_water,Running_water,
/DATA_ROOT/Desktop/matcher/Datasets/DESED/data/dataset/audio/train/weak/YH_KNJ52nAiM_0.000_10.000.wav,Running_water,Running_water,
/DATA_ROOT/Desktop/matcher/Datasets/DESED/data/dataset/audio/train/weak/YHgAWCQ5fvaY_30.000_40.000.wav,Running_water,Running_water,
/DATA_ROOT/Desktop/matcher/Datasets/DESED/data/dataset/audio/train/weak/YI1Qr1n4gyik_150.000_160.000.wav,Running_water,Running_water,
/DATA_ROOT/Desktop/matcher/Datasets/DESED/data/dataset/audio/train/weak/YIBZM13fbFHI_150.000_160.000.wav,Running_water,Running_water,
/DATA_ROOT/Desktop/matcher/Datasets/DESED/data/dataset/audio/train/weak/YIWO1f7E0CF4_40.000_50.000.wav,Running_water,Running_water,
/DATA_ROOT/Desktop/matcher/Datasets/DESED/data/dataset/audio/train/weak/YIYie9f5Zoi4_110.000_120.000.wav,Running_water,Running_water,
/DATA_ROOT/Desktop/matcher/Datasets/DESED/data/dataset/audio/train/weak/YIZmZEQiMQXo_70.000_80.000.wav,Running_water,Running_water,
/DATA_ROOT/Desktop/matcher/Datasets/DESED/data/dataset/audio/train/weak/YIrDw7HMy630_120.000_130.000.wav,Running_water,Running_water,
/DATA_ROOT/Desktop/matcher/Datasets/DESED/data/dataset/audio/train/weak/YJSfuu1BOwRo_0.000_10.000.wav,Running_water,Running_water,
/DATA_ROOT/Desktop/matcher/Datasets/DESED/data/dataset/audio/train/weak/YJjrgFhpGlB8_70.000_80.000.wav,Running_water,Running_water,
/DATA_ROOT/Desktop/matcher/Datasets/DESED/data/dataset/audio/train/weak/YKRPlcAANvn0_120.000_130.000.wav,Running_water,Running_water,
/DATA_ROOT/Desktop/matcher/Datasets/DESED/data/dataset/audio/train/weak/YKWxy6GNZIOM_10.000_20.000.wav,Running_water,Running_water,
/DATA_ROOT/Desktop/matcher/Datasets/DESED/data/dataset/audio/train/weak/YKaTlXvarwgc_10.000_20.000.wav,Running_water,Running_water,
/DATA_ROOT/Desktop/matcher/Datasets/DESED/data/dataset/audio/train/weak/YKkNOG6LDB08_110.000_120.000.wav,Running_water,Running_water,
/DATA_ROOT/Desktop/matcher/Datasets/DESED/data/dataset/audio/train/weak/YLYcW_eTDHQU_13.000_23.000.wav,Running_water,Running_water,
/DATA_ROOT/Desktop/matcher/Datasets/DESED/data/dataset/audio/train/weak/YLjlszWDz1Js_350.000_360.000.wav,Running_water,Running_water,
/DATA_ROOT/Desktop/matcher/Datasets/DESED/data/dataset/audio/train/weak/YM5WdAtpjhuE_20.000_30.000.wav,Running_water,Running_water,
/DATA_ROOT/Desktop/matcher/Datasets/DESED/data/dataset/audio/train/weak/YM5chN5WgE4g_10.000_20.000.wav,Running_water,Running_water,
/DATA_ROOT/Desktop/matcher/Datasets/DESED/data/dataset/audio/train/weak/YNVG6edrUkZE_570.000_580.000.wav,Running_water,Running_water,
/DATA_ROOT/Desktop/matcher/Datasets/DESED/data/dataset/audio/train/weak/YNhIzjgScWG8_30.000_40.000.wav,Running_water,Running_water,
/DATA_ROOT/Desktop/matcher/Datasets/DESED/data/dataset/audio/train/weak/YO8fDStDVZGc_0.000_10.000.wav,Running_water,Running_water,
/DATA_ROOT/Desktop/matcher/Datasets/DESED/data/dataset/audio/train/weak/YOUxnwfKtTE0_20.000_30.000.wav,Running_water,Running_water,
/DATA_ROOT/Desktop/matcher/Datasets/DESED/data/dataset/audio/train/weak/YOk5fxdkbVvY_410.000_420.000.wav,Running_water,Running_water,
/DATA_ROOT/Desktop/matcher/Datasets/DESED/data/dataset/audio/train/weak/YOvIWDoKqVyo_70.000_80.000.wav,Running_water,Running_water,
/DATA_ROOT/Desktop/matcher/Datasets/DESED/data/dataset/audio/train/weak/YOz54Auev9eU_170.000_180.000.wav,Running_water,Running_water,
/DATA_ROOT/Desktop/matcher/Datasets/DESED/data/dataset/audio/train/weak/YPNjr19PWgs8_30.000_40.000.wav,Running_water,Running_water,
/DATA_ROOT/Desktop/matcher/Datasets/DESED/data/dataset/audio/train/weak/YPfc9MUPk0dw_110.000_120.000.wav,Running_water,Running_water,
/DATA_ROOT/Desktop/matcher/Datasets/DESED/data/dataset/audio/train/weak/YPsbbXhvgzKU_120.000_130.000.wav,Running_water,Running_water,
/DATA_ROOT/Desktop/matcher/Datasets/DESED/data/dataset/audio/train/weak/YPsgvPFOr-TM_30.000_40.000.wav,Running_water,Running_water,
/DATA_ROOT/Desktop/matcher/Datasets/DESED/data/dataset/audio/train/weak/YQlflL9N5IOQ_0.000_10.000.wav,Running_water,Running_water,
/DATA_ROOT/Desktop/matcher/Datasets/DESED/data/dataset/audio/train/weak/YR6kfdRoG4no_70.000_80.000.wav,Running_water,Running_water,
/DATA_ROOT/Desktop/matcher/Datasets/DESED/data/dataset/audio/train/weak/YRpPWfr_1GbA_0.000_10.000.wav,Running_water,Running_water,
/DATA_ROOT/Desktop/matcher/Datasets/DESED/data/dataset/audio/train/weak/YRr2e7xqYDzs_0.000_6.000.wav,Running_water,Running_water,
/DATA_ROOT/Desktop/matcher/Datasets/DESED/data/dataset/audio/train/weak/YRydJj9VhwPA_30.000_40.000.wav,Running_water,Running_water,
/DATA_ROOT/Desktop/matcher/Datasets/DESED/data/dataset/audio/train/weak/YS1mcQ3hgKLM_20.000_30.000.wav,Running_water,Running_water,
/DATA_ROOT/Desktop/matcher/Datasets/DESED/data/dataset/audio/train/weak/YS7_mWTET9to_30.000_40.000.wav,Running_water,Running_water,
/DATA_ROOT/Desktop/matcher/Datasets/DESED/data/dataset/audio/train/weak/YSagw-Umk5O8_50.000_60.000.wav,Running_water,Running_water,
/DATA_ROOT/Desktop/matcher/Datasets/DESED/data/dataset/audio/train/weak/YSdxSgz-RrHQ_140.000_150.000.wav,Running_water,Running_water,
/DATA_ROOT/Desktop/matcher/Datasets/DESED/data/dataset/audio/train/weak/YTadbPYUHAvs_130.000_140.000.wav,Running_water,Running_water,
/DATA_ROOT/Desktop/matcher/Datasets/DESED/data/dataset/audio/train/weak/YU0gtX-O9xC4_20.000_30.000.wav,Running_water,Running_water,
/DATA_ROOT/Desktop/matcher/Datasets/DESED/data/dataset/audio/train/weak/YUHsYJU1ACQA_0.000_10.000.wav,Running_water,Running_water,
/DATA_ROOT/Desktop/matcher/Datasets/DESED/data/dataset/audio/train/weak/YUNfv0yWhLoo_80.000_90.000.wav,Running_water,Running_water,
/DATA_ROOT/Desktop/matcher/Datasets/DESED/data/dataset/audio/train/weak/YV3FZKiKjGwE_50.000_60.000.wav,Running_water,Running_water,
/DATA_ROOT/Desktop/matcher/Datasets/DESED/data/dataset/audio/train/weak/YVSJKA5dBm1A_140.000_150.000.wav,Running_water,Running_water,
/DATA_ROOT/Desktop/matcher/Datasets/DESED/data/dataset/audio/train/weak/Y-2FVPRdbLdA_10.000_20.000.wav,Running_water,Running_water,
/DATA_ROOT/Desktop/matcher/Datasets/DESED/data/dataset/audio/train/weak/Y-F6GfPwjLWo_30.000_40.000.wav,Running_water,Running_water,
/DATA_ROOT/Desktop/matcher/Datasets/DESED/data/dataset/audio/train/weak/Y-KrDQXnlXRw_10.000_20.000.wav,Running_water,Running_water,
/DATA_ROOT/Desktop/matcher/Datasets/DESED/data/dataset/audio/train/weak/Y-NW2pPAToFM_0.000_10.000.wav,Running_water,Running_water,
/DATA_ROOT/Desktop/matcher/Datasets/DESED/data/dataset/audio/train/weak/Y-YkIP4iqElA_10.000_20.000.wav,Running_water,Running_water,
/DATA_ROOT/Desktop/matcher/Datasets/DESED/data/dataset/audio/train/weak/Y-dX5RtfumBA_220.000_230.000.wav,Running_water,Running_water,
/DATA_ROOT/Desktop/matcher/Datasets/DESED/data/dataset/audio/train/weak/Y-fC8_UodWjA_40.000_50.000.wav,Running_water,Running_water,
/DATA_ROOT/Desktop/matcher/Datasets/DESED/data/dataset/audio/train/weak/Y-nWUVq5s7cM_30.000_40.000.wav,Running_water,Running_water,
/DATA_ROOT/Desktop/matcher/Datasets/DESED/data/dataset/audio/train/weak/Y-wyF3xGM95g_10.000_20.000.wav,Running_water,Running_water,
/DATA_ROOT/Desktop/matcher/Datasets/DESED/data/dataset/audio/train/weak/Y-ygqz4jLcsk_0.000_10.000.wav,Running_water,Running_water,
/DATA_ROOT/Desktop/matcher/Datasets/DESED/data/dataset/audio/train/weak/Y0HWIjjmpVtY_70.000_80.000.wav,Running_water,Running_water,
/DATA_ROOT/Desktop/matcher/Datasets/DESED/data/dataset/audio/train/weak/Y0PcvfVZo9e4_10.000_20.000.wav,Running_water,Running_water,
/DATA_ROOT/Desktop/matcher/Datasets/DESED/data/dataset/audio/train/weak/Y0aZ3vvM4V34_10.000_20.000.wav,Running_water,Running_water,
/DATA_ROOT/Desktop/matcher/Datasets/DESED/data/dataset/audio/train/weak/Y0gKyoOENUBM_70.000_80.000.wav,Running_water,Running_water,
/DATA_ROOT/Desktop/matcher/Datasets/DESED/data/dataset/audio/train/weak/Y0iSQ-tdp1mo_40.000_50.000.wav,Running_water,Running_water,
/DATA_ROOT/Desktop/matcher/Datasets/DESED/data/dataset/audio/train/weak/Y0suFvKAWJnU_10.000_20.000.wav,Running_water,Running_water,
/DATA_ROOT/Desktop/matcher/Datasets/DESED/data/dataset/audio/train/weak/Y0uIe4dKUC1s_50.000_60.000.wav,Running_water,Running_water,
/DATA_ROOT/Desktop/matcher/Datasets/DESED/data/dataset/audio/train/weak/Y0xdJWDNLZrE_290.000_300.000.wav,Running_water,Running_water,
/DATA_ROOT/Desktop/matcher/Datasets/DESED/data/dataset/audio/train/weak/Y0z5TRiOKlX4_20.000_30.000.wav,Running_water,Running_water,
/DATA_ROOT/Desktop/matcher/Datasets/DESED/data/dataset/audio/train/weak/Y13AbnrWanPk_20.000_30.000.wav,Running_water,Running_water,
/DATA_ROOT/Desktop/matcher/Datasets/DESED/data/dataset/audio/train/weak/Y16b9HjgnmrY_40.000_50.000.wav,Running_water,Running_water,
/DATA_ROOT/Desktop/matcher/Datasets/DESED/data/dataset/audio/train/weak/Y1AfCMvhZJVY_40.000_50.000.wav,Running_water,Running_water,
/DATA_ROOT/Desktop/matcher/Datasets/DESED/data/dataset/audio/train/weak/Y1IgfQE4GT1Q_20.000_30.000.wav,Running_water,Running_water,
/DATA_ROOT/Desktop/matcher/Datasets/DESED/data/dataset/audio/train/weak/Y1NbkO1auM1U_0.000_10.000.wav,Running_water,Running_water,
/DATA_ROOT/Desktop/matcher/Datasets/DESED/data/dataset/audio/train/weak/Y1YPjs1CTY2E_0.000_10.000.wav,Running_water,Running_water,
/DATA_ROOT/Desktop/matcher/Datasets/DESED/data/dataset/audio/train/weak/Y1deq0hecAUE_280.000_290.000.wav,Running_water,Running_water,
/DATA_ROOT/Desktop/matcher/Datasets/DESED/data/dataset/audio/train/weak/Y1sGbBTYBxDg_20.000_30.000.wav,Running_water,Running_water,
/DATA_ROOT/Desktop/matcher/Datasets/DESED/data/dataset/audio/train/weak/Y1sTktH04-fw_40.000_50.000.wav,Running_water,Running_water,
/DATA_ROOT/Desktop/matcher/Datasets/DESED/data/dataset/audio/train/weak/Y20nyHEh2HW0_30.000_40.000.wav,Running_water,Running_water,
/DATA_ROOT/Desktop/matcher/Datasets/DESED/data/dataset/audio/train/weak/Y26-HMlPhve4_20.000_30.000.wav,Running_water,Running_water,
/DATA_ROOT/Desktop/matcher/Datasets/DESED/data/dataset/audio/train/weak/Y2ErfX6ZT5pM_0.000_10.000.wav,Running_water,Running_water,
/DATA_ROOT/Desktop/matcher/Datasets/DESED/data/dataset/audio/train/weak/Y2NP0fuxn-Q8_0.000_9.000.wav,Running_water,Running_water,
/DATA_ROOT/Desktop/matcher/Datasets/DESED/data/dataset/audio/train/weak/Y2QETzhkbY6E_17.000_27.000.wav,Running_water,Running_water,
/DATA_ROOT/Desktop/matcher/Datasets/DESED/data/dataset/audio/train/weak/Y2QTH4_WQlgg_0.000_10.000.wav,Running_water,Running_water,
/DATA_ROOT/Desktop/matcher/Datasets/DESED/data/dataset/audio/train/weak/Y2cli1cg7SSA_240.000_250.000.wav,Running_water,Running_water,
/DATA_ROOT/Desktop/matcher/Datasets/DESED/data/dataset/audio/train/weak/Y2d7dwiGchrg_10.000_20.000.wav,Running_water,Running_water,
/DATA_ROOT/Desktop/matcher/Datasets/DESED/data/dataset/audio/train/weak/Y2hJBV9mb1CA_20.000_30.000.wav,Running_water,Running_water,
/DATA_ROOT/Desktop/matcher/Datasets/DESED/data/dataset/audio/train/weak/Y2k0odEpLIkc_20.000_30.000.wav,Running_water,Running_water,
/DATA_ROOT/Desktop/matcher/Datasets/DESED/data/dataset/audio/train/weak/Y2n4qR03SjnY_10.000_20.000.wav,Running_water,Running_water,
/DATA_ROOT/Desktop/matcher/Datasets/DESED/data/dataset/audio/train/weak/Y2rbGcfo-k_Q_0.000_10.000.wav,Running_water,Running_water,
/DATA_ROOT/Desktop/matcher/Datasets/DESED/data/dataset/audio/train/weak/Y3OBX7R7QzgY_20.000_30.000.wav,Running_water,Running_water,
/DATA_ROOT/Desktop/matcher/Datasets/DESED/data/dataset/audio/train/weak/Y3YGtfWG_KT8_110.000_120.000.wav,Running_water,Running_water,
/DATA_ROOT/Desktop/matcher/Datasets/DESED/data/dataset/audio/train/weak/Y3drnEnI8bls_10.000_20.000.wav,Running_water,Running_water,
/DATA_ROOT/Desktop/matcher/Datasets/DESED/data/dataset/audio/train/weak/Y3lw0xavwWGE_20.000_30.000.wav,Running_water,Running_water,
/DATA_ROOT/Desktop/matcher/Datasets/DESED/data/dataset/audio/train/weak/Y3mPPyrXA60o_0.000_10.000.wav,Running_water,Running_water,
/DATA_ROOT/Desktop/matcher/Datasets/DESED/data/dataset/audio/train/weak/Y3slY8qx8ZeI_30.000_40.000.wav,Running_water,Running_water,
/DATA_ROOT/Desktop/matcher/Datasets/DESED/data/dataset/audio/train/weak/Y3xDZ-kdGE3o_10.000_20.000.wav,Running_water,Running_water,
/DATA_ROOT/Desktop/matcher/Datasets/DESED/data/dataset/audio/train/weak/Y4CszE2N1TGw_0.000_10.000.wav,Running_water,Running_water,
/DATA_ROOT/Desktop/matcher/Datasets/DESED/data/dataset/audio/train/weak/Y4GqZD3eNvIs_30.000_40.000.wav,Running_water,Running_water,
/DATA_ROOT/Desktop/matcher/Datasets/DESED/data/dataset/audio/train/weak/Y4IF49XmNCaw_50.000_60.000.wav,Running_water,Running_water,
/DATA_ROOT/Desktop/matcher/Datasets/DESED/data/dataset/audio/train/weak/Y4MILPH5z3no_30.000_40.000.wav,Running_water,Running_water,
/DATA_ROOT/Desktop/matcher/Datasets/DESED/data/dataset/audio/train/weak/Y4SIuuAQ3YLk_40.000_50.000.wav,Running_water,Running_water,
/DATA_ROOT/Desktop/matcher/Datasets/DESED/data/dataset/audio/train/weak/Y4nN9QuT_OJM_20.000_30.000.wav,Running_water,Running_water,
/DATA_ROOT/Desktop/matcher/Datasets/DESED/data/dataset/audio/train/weak/Y4psMVnfOCIs_20.000_30.000.wav,Running_water,Running_water,
/DATA_ROOT/Desktop/matcher/Datasets/DESED/data/dataset/audio/train/weak/Y4r8uFqPOpqU_0.000_10.000.wav,Running_water,Running_water,
/DATA_ROOT/Desktop/matcher/Datasets/DESED/data/dataset/audio/train/weak/Y4tj_DVfp0ME_10.000_20.000.wav,Running_water,Running_water,
/DATA_ROOT/Desktop/matcher/Datasets/DESED/data/dataset/audio/train/weak/Y4ur5pqQkYGU_30.000_40.000.wav,Running_water,Running_water,
/DATA_ROOT/Desktop/matcher/Datasets/DESED/data/dataset/audio/train/weak/Y4yiwdZ3LsN4_60.000_70.000.wav,Running_water,Running_water,
/DATA_ROOT/Desktop/matcher/Datasets/DESED/data/dataset/audio/train/weak/Y4z2LSoUlWYk_180.000_190.000.wav,Running_water,Running_water,
/DATA_ROOT/Desktop/matcher/Datasets/DESED/data/dataset/audio/train/weak/Y52l9n3JCtSk_60.000_70.000.wav,Running_water,Running_water,
/DATA_ROOT/Desktop/matcher/Datasets/DESED/data/dataset/audio/train/weak/Y53jtALXeS7U_40.000_50.000.wav,Running_water,Running_water,
/DATA_ROOT/Desktop/matcher/Datasets/DESED/data/dataset/audio/train/weak/Y53ktQBZmxUM_0.000_10.000.wav,Running_water,Running_water,
/DATA_ROOT/Desktop/matcher/Datasets/DESED/data/dataset/audio/train/weak/Y59UL9Up9a3o_90.000_100.000.wav,Running_water,Running_water,
/DATA_ROOT/Desktop/matcher/Datasets/DESED/data/dataset/audio/train/weak/Y59oDk6IRkB8_10.000_20.000.wav,Running_water,Running_water,
/DATA_ROOT/Desktop/matcher/Datasets/DESED/data/dataset/audio/train/weak/Y5EcrQhp7We0_40.000_50.000.wav,Running_water,Running_water,
/DATA_ROOT/Desktop/matcher/Datasets/DESED/data/dataset/audio/train/weak/Y5bIuMNKRpTk_10.000_20.000.wav,Running_water,Running_water,
/DATA_ROOT/Desktop/matcher/Datasets/DESED/data/dataset/audio/train/weak/Y6-Ok_3WzP5k_30.000_40.000.wav,Running_water,Running_water,
/DATA_ROOT/Desktop/matcher/Datasets/DESED/data/dataset/audio/train/weak/Y6L6A0CxinL8_10.000_20.000.wav,Running_water,Running_water,
/DATA_ROOT/Desktop/matcher/Datasets/DESED/data/dataset/audio/train/weak/Y6MBc6UrEv5Y_0.000_10.000.wav,Running_water,Running_water,
/DATA_ROOT/Desktop/matcher/Datasets/DESED/data/dataset/audio/train/weak/Y6U7HcpVhQ1A_0.000_10.000.wav,Running_water,Running_water,
/DATA_ROOT/Desktop/matcher/Datasets/DESED/data/dataset/audio/train/weak/Y6YKWV3Hcsp8_10.000_20.000.wav,Running_water,Running_water,
/DATA_ROOT/Desktop/matcher/Datasets/DESED/data/dataset/audio/train/weak/Y6gtQ1amk3sk_10.000_20.000.wav,Running_water,Running_water,
/DATA_ROOT/Desktop/matcher/Datasets/DESED/data/dataset/audio/train/weak/Y6iK8csUljY8_30.000_40.000.wav,Running_water,Running_water,
/DATA_ROOT/Desktop/matcher/Datasets/DESED/data/dataset/audio/train/weak/Y6iZ5R_J9wKI_30.000_40.000.wav,Running_water,Running_water,
/DATA_ROOT/Desktop/matcher/Datasets/DESED/data/dataset/audio/train/weak/Y79y6PHjXnd8_10.000_20.000.wav,Running_water,Running_water,
/DATA_ROOT/Desktop/matcher/Datasets/DESED/data/dataset/audio/train/weak/Y7Eumr8sgq9I_30.000_40.000.wav,Running_water,Running_water,
/DATA_ROOT/Desktop/matcher/Datasets/DESED/data/dataset/audio/train/weak/Y7HakzscblZY_30.000_40.000.wav,Running_water,Running_water,
/DATA_ROOT/Desktop/matcher/Datasets/DESED/data/dataset/audio/train/weak/Y7Q0qcvdL7bc_80.000_90.000.wav,Running_water,Running_water,
/DATA_ROOT/Desktop/matcher/Datasets/DESED/data/dataset/audio/train/weak/Y7ih9QYtw9ko_10.000_20.000.wav,Running_water,Running_water,
/DATA_ROOT/Desktop/matcher/Datasets/DESED/data/dataset/audio/train/weak/Y7ue5N_tH-jI_0.000_9.000.wav,Running_water,Running_water,
/DATA_ROOT/Desktop/matcher/Datasets/DESED/data/dataset/audio/train/weak/Y7v9h0tZXwu0_0.000_10.000.wav,Running_water,Running_water,
/DATA_ROOT/Desktop/matcher/Datasets/DESED/data/dataset/audio/train/weak/Y7w8SF8dYNFI_10.000_20.000.wav,Running_water,Running_water,
/DATA_ROOT/Desktop/matcher/Datasets/DESED/data/dataset/audio/train/weak/Y7xZxYm27FdA_20.000_30.000.wav,Running_water,Running_water,
/DATA_ROOT/Desktop/matcher/Datasets/DESED/data/dataset/audio/train/weak/Y7yskaISnJM8_20.000_30.000.wav,Running_water,Running_water,
/DATA_ROOT/Desktop/matcher/Datasets/DESED/data/dataset/audio/train/weak/Y879C2PIaagw_20.000_30.000.wav,Running_water,Running_water,
/DATA_ROOT/Desktop/matcher/Datasets/DESED/data/dataset/audio/train/weak/Y88nqjULENCk_20.000_30.000.wav,Running_water,Running_water,
/DATA_ROOT/Desktop/matcher/Datasets/DESED/data/dataset/audio/train/weak/Y8OTPu7DH0VI_0.000_10.000.wav,Running_water,Running_water,
/DATA_ROOT/Desktop/matcher/Datasets/DESED/data/dataset/audio/train/weak/Y8PJoXe_XFe8_30.000_40.000.wav,Running_water,Running_water,
/DATA_ROOT/Desktop/matcher/Datasets/DESED/data/dataset/audio/train/weak/Y8cR_Xq27Gbw_180.000_190.000.wav,Running_water,Running_water,
/DATA_ROOT/Desktop/matcher/Datasets/DESED/data/dataset/audio/train/weak/Y8kekGAzvdlc_20.000_30.000.wav,Running_water,Running_water,
/DATA_ROOT/Desktop/matcher/Datasets/DESED/data/dataset/audio/train/weak/Y8uhjObBGV-w_60.000_70.000.wav,Running_water,Running_water,
/DATA_ROOT/Desktop/matcher/Datasets/DESED/data/dataset/audio/train/weak/Y8yfRH5pzHDo_30.000_40.000.wav,Running_water,Running_water,
/DATA_ROOT/Desktop/matcher/Datasets/DESED/data/dataset/audio/train/weak/Y917aqwF8aAM_100.000_110.000.wav,Running_water,Running_water,
/DATA_ROOT/Desktop/matcher/Datasets/DESED/data/dataset/audio/train/weak/Y9IcLueWEQIc_20.000_30.000.wav,Running_water,Running_water,
/DATA_ROOT/Desktop/matcher/Datasets/DESED/data/dataset/audio/train/weak/Y9XAvzOnkZhM_0.000_10.000.wav,Running_water,Running_water,
/DATA_ROOT/Desktop/matcher/Datasets/DESED/data/dataset/audio/train/weak/Y9YHKI1kla2I_30.000_40.000.wav,Running_water,Running_water,
/DATA_ROOT/Desktop/matcher/Datasets/DESED/data/dataset/audio/train/weak/Y9mlC9bC0ZjA_30.000_40.000.wav,Running_water,Running_water,
/DATA_ROOT/Desktop/matcher/Datasets/DESED/data/dataset/audio/train/weak/Y9uZM6I0gFX8_120.000_130.000.wav,Running_water,Running_water,
/DATA_ROOT/Desktop/matcher/Datasets/DESED/data/dataset/audio/train/weak/Y9ykOLkdw4Vw_70.000_80.000.wav,Running_water,Running_water,
/DATA_ROOT/Desktop/matcher/Datasets/DESED/data/dataset/audio/train/weak/YAVuLYVe77Fg_10.000_20.000.wav,Running_water,Running_water,
/DATA_ROOT/Desktop/matcher/Datasets/DESED/data/dataset/audio/train/weak/YAZbwdHIhyTI_12.000_22.000.wav,Running_water,Running_water,
/DATA_ROOT/Desktop/matcher/Datasets/DESED/data/dataset/audio/train/weak/YAbt-fZfXT3g_10.000_20.000.wav,Running_water,Running_water,
/DATA_ROOT/Desktop/matcher/Datasets/DESED/data/dataset/audio/train/weak/YAdT_D9X6sXw_40.000_50.000.wav,Running_water,Running_water,
/DATA_ROOT/Desktop/matcher/Datasets/DESED/data/dataset/audio/train/weak/YAj5uXT-2Mps_60.000_70.000.wav,Running_water,Running_water,
/DATA_ROOT/Desktop/matcher/Datasets/DESED/data/dataset/audio/train/weak/Y1GAKaKWyPzA_40.000_50.000.wav,"dog+dog_bark,Vacuum_cleaner",dog+dog_bark,Vacuum_cleaner
/DATA_ROOT/Desktop/matcher/Datasets/DESED/data/dataset/audio/train/weak/Yhx-l6uiP3Hs_170.000_180.000.wav,Vacuum_cleaner,,
/DATA_ROOT/Desktop/matcher/Datasets/DESED/data/dataset/audio/train/weak/Y-1TeQpwlZGs_9.000_19.000.wav,Vacuum_cleaner,,
/DATA_ROOT/Desktop/matcher/Datasets/DESED/data/dataset/audio/train/weak/Y-3G-bs5JaW8_100.000_110.000.wav,Vacuum_cleaner,,
/DATA_ROOT/Desktop/matcher/Datasets/DESED/data/dataset/audio/train/weak/Y-3WtffZs4rk_30.000_40.000.wav,Vacuum_cleaner,,
/DATA_ROOT/Desktop/matcher/Datasets/DESED/data/dataset/audio/train/weak/Y-8kh4JEvkzw_0.000_10.000.wav,Vacuum_cleaner,,
/DATA_ROOT/Desktop/matcher/Datasets/DESED/data/dataset/audio/train/weak/Y-8myqx-cnlc_500.000_510.000.wav,Vacuum_cleaner,,
/DATA_ROOT/Desktop/matcher/Datasets/DESED/data/dataset/audio/train/weak/Y-OMdnou20dc_30.000_40.000.wav,Vacuum_cleaner,,
/DATA_ROOT/Desktop/matcher/Datasets/DESED/data/dataset/audio/train/weak/Y-SPr6nTlav0_170.000_180.000.wav,"Speech,Vacuum_cleaner",Speech,Vacuum_cleaner
/DATA_ROOT/Desktop/matcher/Datasets/DESED/data/dataset/audio/train/weak/Y-mRxPWXrSsY_280.000_290.000.wav,Vacuum_cleaner,,
/DATA_ROOT/Desktop/matcher/Datasets/DESED/data/dataset/audio/train/weak/Y-qaeakbiv0U_430.000_440.000.wav,"Speech,Vacuum_cleaner",Speech,Vacuum_cleaner
/DATA_ROOT/Desktop/matcher/Datasets/DESED/data/dataset/audio/train/weak/Y-t3DMClxaIo_10.000_20.000.wav,Vacuum_cleaner,,
/DATA_ROOT/Desktop/matcher/Datasets/DESED/data/dataset/audio/train/weak/Y-zD_Aj1ch-o_100.000_110.000.wav,"Speech,Vacuum_cleaner",Speech,Vacuum_cleaner
/DATA_ROOT/Desktop/matcher/Datasets/DESED/data/dataset/audio/train/weak/Y0F_RFWvp8cY_270.000_280.000.wav,Vacuum_cleaner,,
/DATA_ROOT/Desktop/matcher/Datasets/DESED/data/dataset/audio/train/weak/Y0GSBomNmZxI_30.000_40.000.wav,Vacuum_cleaner,,
/DATA_ROOT/Desktop/matcher/Datasets/DESED/data/dataset/audio/train/weak/Y0UO35uIOrhg_50.000_60.000.wav,"Vacuum_cleaner,Speech",Speech,Vacuum_cleaner
/DATA_ROOT/Desktop/matcher/Datasets/DESED/data/dataset/audio/train/weak/Y0UwvVY2kc0E_40.000_50.000.wav,"Speech,Vacuum_cleaner",Speech,Vacuum_cleaner
/DATA_ROOT/Desktop/matcher/Datasets/DESED/data/dataset/audio/train/weak/Y0V_O6i9tqrw_260.000_270.000.wav,"Speech,Vacuum_cleaner",Speech,Vacuum_cleaner
/DATA_ROOT/Desktop/matcher/Datasets/DESED/data/dataset/audio/train/weak/Y0_Jhvi8PQR8_20.000_30.000.wav,"Speech,Vacuum_cleaner",Speech,Vacuum_cleaner
/DATA_ROOT/Desktop/matcher/Datasets/DESED/data/dataset/audio/train/weak/Y0yCFCh8e10Y_10.000_20.000.wav,Vacuum_cleaner,,
/DATA_ROOT/Desktop/matcher/Datasets/DESED/data/dataset/audio/train/weak/Y18Upv_ZinJ0_90.000_100.000.wav,"Vacuum_cleaner,Speech",Speech,Vacuum_cleaner
/DATA_ROOT/Desktop/matcher/Datasets/DESED/data/dataset/audio/train/weak/Y1KXOr7ZoUXQ_480.000_490.000.wav,"Vacuum_cleaner,Speech",Speech,Vacuum_cleaner
/DATA_ROOT/Desktop/matcher/Datasets/DESED/data/dataset/audio/train/weak/Y1NGbZ7DAMe4_150.000_160.000.wav,Vacuum_cleaner,,
/DATA_ROOT/Desktop/matcher/Datasets/DESED/data/dataset/audio/train/weak/Y28WMzKS8Mvg_40.000_50.000.wav,Vacuum_cleaner,,
/DATA_ROOT/Desktop/matcher/Datasets/DESED/data/dataset/audio/train/weak/Y28c_azOmujY_20.000_30.000.wav,Vacuum_cleaner,,
/DATA_ROOT/Desktop/matcher/Datasets/DESED/data/dataset/audio/train/weak/Y28ggvtWJIz4_40.000_50.000.wav,"Speech,Vacuum_cleaner",Speech,Vacuum_cleaner
/DATA_ROOT/Desktop/matcher/Datasets/DESED/data/dataset/audio/train/weak/Y2BdRnFt3tSY_180.000_190.000.wav,Vacuum_cleaner,,
/DATA_ROOT/Desktop/matcher/Datasets/DESED/data/dataset/audio/train/weak/Y2Cv0_9ezILU_30.000_40.000.wav,Vacuum_cleaner,,
/DATA_ROOT/Desktop/matcher/Datasets/DESED/data/dataset/audio/train/weak/Y2KdHeWz8utE_60.000_70.000.wav,Vacuum_cleaner,,
/DATA_ROOT/Desktop/matcher/Datasets/DESED/data/dataset/audio/train/weak/Y2Lg4zowpNxE_30.000_40.000.wav,Vacuum_cleaner,,
/DATA_ROOT/Desktop/matcher/Datasets/DESED/data/dataset/audio/train/weak/Y2M9-lt6hXJc_60.000_70.000.wav,"Speech,Vacuum_cleaner",Speech,Vacuum_cleaner
/DATA_ROOT/Desktop/matcher/Datasets/DESED/data/dataset/audio/train/weak/Y2VMS64fFJps_170.000_180.000.wav,Vacuum_cleaner,,
/DATA_ROOT/Desktop/matcher/Datasets/DESED/data/dataset/audio/train/weak/Y2Vr7nMFnECk_130.000_140.000.wav,"Vacuum_cleaner,Speech",Speech,Vacuum_cleaner
/DATA_ROOT/Desktop/matcher/Datasets/DESED/data/dataset/audio/train/weak/Y2WP8Vmkdv_Y_180.000_190.000.wav,Vacuum_cleaner,,
/DATA_ROOT/Desktop/matcher/Datasets/DESED/data/dataset/audio/train/weak/Y2eBQV6mzMfs_160.000_170.000.wav,Vacuum_cleaner,,
/DATA_ROOT/Desktop/matcher/Datasets/DESED/data/dataset/audio/train/weak/Y2nFGzlJzxEU_260.000_270.000.wav,Vacuum_cleaner,,
/DATA_ROOT/Desktop/matcher/Datasets/DESED/data/dataset/audio/train/weak/Y2oBqMCzlIKI_50.000_60.000.wav,"Speech,Vacuum_cleaner",Speech,Vacuum_cleaner
/DATA_ROOT/Desktop/matcher/Datasets/DESED/data/dataset/audio/train/weak/Y39I0igiJeDU_30.000_40.000.wav,Vacuum_cleaner,,
/DATA_ROOT/Desktop/matcher/Datasets/DESED/data/dataset/audio/train/weak/Y3GcT21hdxLk_260.000_270.000.wav,Vacuum_cleaner,,
/DATA_ROOT/Desktop/matcher/Datasets/DESED/data/dataset/audio/train/weak/Y3MYe_RF-Rq8_50.000_60.000.wav,"dog+dog_bark,Vacuum_cleaner",dog+dog_bark,Vacuum_cleaner
/DATA_ROOT/Desktop/matcher/Datasets/DESED/data/dataset/audio/train/weak/Y3Qtrq7mNpRk_30.000_40.000.wav,Vacuum_cleaner,,
/DATA_ROOT/Desktop/matcher/Datasets/DESED/data/dataset/audio/train/weak/Y3d0dg7tCqSc_250.000_260.000.wav,Vacuum_cleaner,,
/DATA_ROOT/Desktop/matcher/Datasets/DESED/data/dataset/audio/train/weak/Y3yJv3ElMC4E_160.000_170.000.wav,Vacuum_cleaner,,
/DATA_ROOT/Desktop/matcher/Datasets/DESED/data/dataset/audio/train/weak/Y435H0Ai36E4_40.000_50.000.wav,Vacuum_cleaner,,
/DATA_ROOT/Desktop/matcher/Datasets/DESED/data/dataset/audio/train/weak/Y49C15x4FItg_200.000_210.000.wav,Vacuum_cleaner,,
/DATA_ROOT/Desktop/matcher/Datasets/DESED/data/dataset/audio/train/weak/Y4ITETcfpgSs_0.000_10.000.wav,Vacuum_cleaner,,
/DATA_ROOT/Desktop/matcher/Datasets/DESED/data/dataset/audio/train/weak/Y4P1kVpir3iU_120.000_130.000.wav,Vacuum_cleaner,,
/DATA_ROOT/Desktop/matcher/Datasets/DESED/data/dataset/audio/train/weak/Y4SnjARXXyTo_20.000_30.000.wav,Vacuum_cleaner,,
/DATA_ROOT/Desktop/matcher/Datasets/DESED/data/dataset/audio/train/weak/Y4f9OKlHoBsk_40.000_50.000.wav,Vacuum_cleaner,,
/DATA_ROOT/Desktop/matcher/Datasets/DESED/data/dataset/audio/train/weak/Y4kPq4Ff9HiA_90.000_100.000.wav,"Speech,Vacuum_cleaner",Speech,Vacuum_cleaner
/DATA_ROOT/Desktop/matcher/Datasets/DESED/data/dataset/audio/train/weak/Y4nK9l8Fv2wA_30.000_40.000.wav,Vacuum_cleaner,,
/DATA_ROOT/Desktop/matcher/Datasets/DESED/data/dataset/audio/train/weak/Y4nspa-Lpt6g_170.000_180.000.wav,"Speech,Vacuum_cleaner",Speech,Vacuum_cleaner
/DATA_ROOT/Desktop/matcher/Datasets/DESED/data/dataset/audio/train/weak/Y53SjXeMwmr4_0.000_10.000.wav,"Vacuum_cleaner,Speech",Speech,Vacuum_cleaner
/DATA_ROOT/Desktop/matcher/Datasets/DESED/data/dataset/audio/train/weak/Y56zWNCGDOcU_180.000_190.000.wav,"Speech,Vacuum_cleaner",Speech,Vacuum_cleaner
/DATA_ROOT/Desktop/matcher/Datasets/DESED/data/dataset/audio/train/weak/Y5M8JlZNtw0w_20.000_30.000.wav,Vacuum_cleaner,,
/DATA_ROOT/Desktop/matcher/Datasets/DESED/data/dataset/audio/train/weak/Y5U2ZiMVHMxg_200.000_210.000.wav,Vacuum_cleaner,,
/DATA_ROOT/Desktop/matcher/Datasets/DESED/data/dataset/audio/train/weak/Y5XtIFruvd7I_40.000_50.000.wav,Vacuum_cleaner,,
/DATA_ROOT/Desktop/matcher/Datasets/DESED/data/dataset/audio/train/weak/Y5_cdDjdyILo_160.000_170.000.wav,Vacuum_cleaner,,
/DATA_ROOT/Desktop/matcher/Datasets/DESED/data/dataset/audio/train/weak/Y5oa7_VkvDiM_160.000_170.000.wav,"Vacuum_cleaner,Speech",Speech,Vacuum_cleaner
/DATA_ROOT/Desktop/matcher/Datasets/DESED/data/dataset/audio/train/weak/Y5p9pergm-Ko_0.000_7.000.wav,Vacuum_cleaner,,
/DATA_ROOT/Desktop/matcher/Datasets/DESED/data/dataset/audio/train/weak/Y5slzmsYMlpA_29.000_39.000.wav,Vacuum_cleaner,,
/DATA_ROOT/Desktop/matcher/Datasets/DESED/data/dataset/audio/train/weak/Y606sfRcQYA8_90.000_100.000.wav,Vacuum_cleaner,,
/DATA_ROOT/Desktop/matcher/Datasets/DESED/data/dataset/audio/train/weak/Y6I89c-rrY44_300.000_310.000.wav,"Speech,Vacuum_cleaner",Speech,Vacuum_cleaner
/DATA_ROOT/Desktop/matcher/Datasets/DESED/data/dataset/audio/train/weak/Y6NWpyI8ZC7o_0.000_7.000.wav,Vacuum_cleaner,,
/DATA_ROOT/Desktop/matcher/Datasets/DESED/data/dataset/audio/train/weak/Y6VCV28rzgM0_590.000_600.000.wav,Vacuum_cleaner,,
/DATA_ROOT/Desktop/matcher/Datasets/DESED/data/dataset/audio/train/weak/Y6a2OyetkL0c_180.000_190.000.wav,Vacuum_cleaner,,
/DATA_ROOT/Desktop/matcher/Datasets/DESED/data/dataset/audio/train/weak/Y6agI5a-5TGY_270.000_280.000.wav,Vacuum_cleaner,,
/DATA_ROOT/Desktop/matcher/Datasets/DESED/data/dataset/audio/train/weak/Y6g3ZMgNYE6s_10.000_20.000.wav,Vacuum_cleaner,,
/DATA_ROOT/Desktop/matcher/Datasets/DESED/data/dataset/audio/train/weak/Y6kD5Ya6JUbQ_350.000_360.000.wav,Vacuum_cleaner,,
/DATA_ROOT/Desktop/matcher/Datasets/DESED/data/dataset/audio/train/weak/Y6mBfajqi1pg_560.000_570.000.wav,Vacuum_cleaner,,
/DATA_ROOT/Desktop/matcher/Datasets/DESED/data/dataset/audio/train/weak/Y6qGCOVxywo4_60.000_70.000.wav,Vacuum_cleaner,,
/DATA_ROOT/Desktop/matcher/Datasets/DESED/data/dataset/audio/train/weak/Y6wzuvIz_91g_70.000_80.000.wav,Vacuum_cleaner,,
/DATA_ROOT/Desktop/matcher/Datasets/DESED/data/dataset/audio/train/weak/Y7-BcamGuceQ_160.000_170.000.wav,Vacuum_cleaner,,
/DATA_ROOT/Desktop/matcher/Datasets/DESED/data/dataset/audio/train/weak/Y75LSDHinDBw_100.000_110.000.wav,Vacuum_cleaner,,
/DATA_ROOT/Desktop/matcher/Datasets/DESED/data/dataset/audio/train/weak/Y7JGUpM_YqTA_20.000_30.000.wav,"Speech,Vacuum_cleaner",Speech,Vacuum_cleaner
/DATA_ROOT/Desktop/matcher/Datasets/DESED/data/dataset/audio/train/weak/Y7W_nNAwMKfk_110.000_120.000.wav,Vacuum_cleaner,,
/DATA_ROOT/Desktop/matcher/Datasets/DESED/data/dataset/audio/train/weak/Y7tQSdALRYxI_0.000_10.000.wav,Vacuum_cleaner,,
/DATA_ROOT/Desktop/matcher/Datasets/DESED/data/dataset/audio/train/weak/Y80LZfdjdcfM_80.000_90.000.wav,Vacuum_cleaner,,
/DATA_ROOT/Desktop/matcher/Datasets/DESED/data/dataset/audio/train/weak/Y83hygpk4VKY_120.000_130.000.wav,Vacuum_cleaner,,
/DATA_ROOT/Desktop/matcher/Datasets/DESED/data/dataset/audio/train/weak/Y86eQxmsjwM4_310.000_320.000.wav,Vacuum_cleaner,,
/DATA_ROOT/Desktop/matcher/Datasets/DESED/data/dataset/audio/train/weak/Y86rBaUnvabk_40.000_50.000.wav,Vacuum_cleaner,,
/DATA_ROOT/Desktop/matcher/Datasets/DESED/data/dataset/audio/train/weak/Y8EE7q8Gn5-s_110.000_120.000.wav,Vacuum_cleaner,,
/DATA_ROOT/Desktop/matcher/Datasets/DESED/data/dataset/audio/train/weak/Y8ENkXXxH0ek_300.000_310.000.wav,Vacuum_cleaner,,
/DATA_ROOT/Desktop/matcher/Datasets/DESED/data/dataset/audio/train/weak/Y8JMFVd_3Fq0_60.000_70.000.wav,Vacuum_cleaner,,
/DATA_ROOT/Desktop/matcher/Datasets/DESED/data/dataset/audio/train/weak/Y8e6ha9wOsl0_30.000_40.000.wav,Vacuum_cleaner,,
/DATA_ROOT/Desktop/matcher/Datasets/DESED/data/dataset/audio/train/weak/Y8z6UjJACNLE_10.000_20.000.wav,Vacuum_cleaner,,
/DATA_ROOT/Desktop/matcher/Datasets/DESED/data/dataset/audio/train/weak/Y97_dBJobzaE_50.000_60.000.wav,Vacuum_cleaner,,
/DATA_ROOT/Desktop/matcher/Datasets/DESED/data/dataset/audio/train/weak/Y9FcBsEzihqI_80.000_90.000.wav,"Speech,Vacuum_cleaner",Speech,Vacuum_cleaner
/DATA_ROOT/Desktop/matcher/Datasets/DESED/data/dataset/audio/train/weak/Y9KhDXUt5IoM_370.000_380.000.wav,Vacuum_cleaner,,
/DATA_ROOT/Desktop/matcher/Datasets/DESED/data/dataset/audio/train/weak/YAgPBflnMOss_90.000_100.000.wav,Vacuum_cleaner,,
/DATA_ROOT/Desktop/matcher/Datasets/DESED/data/dataset/audio/train/weak/YAkZ84GRil04_210.000_220.000.wav,"Vacuum_cleaner,Speech",Speech,Vacuum_cleaner
/DATA_ROOT/Desktop/matcher/Datasets/DESED/data/dataset/audio/train/weak/YAuCSBtuEI-k_40.000_50.000.wav,Vacuum_cleaner,,
/DATA_ROOT/Desktop/matcher/Datasets/DESED/data/dataset/audio/train/weak/YB3MAJqFGdus_190.000_200.000.wav,"Speech,Vacuum_cleaner",Speech,Vacuum_cleaner
/DATA_ROOT/Desktop/matcher/Datasets/DESED/data/dataset/audio/train/weak/YB6uxhGolQpo_320.000_330.000.wav,Vacuum_cleaner,,
/DATA_ROOT/Desktop/matcher/Datasets/DESED/data/dataset/audio/train/weak/YB8Xv04otTos_30.000_40.000.wav,Vacuum_cleaner,,
/DATA_ROOT/Desktop/matcher/Datasets/DESED/data/dataset/audio/train/weak/YB9heGupPnrA_210.000_220.000.wav,Vacuum_cleaner,,
/DATA_ROOT/Desktop/matcher/Datasets/DESED/data/dataset/audio/train/weak/YBq7pJ8J8iQ8_40.000_50.000.wav,Vacuum_cleaner,,
/DATA_ROOT/Desktop/matcher/Datasets/DESED/data/dataset/audio/train/weak/YC4bCoIfF0t4_50.000_60.000.wav,Vacuum_cleaner,,
/DATA_ROOT/Desktop/matcher/Datasets/DESED/data/dataset/audio/train/weak/YCCywFuWAucg_30.000_40.000.wav,Vacuum_cleaner,,
/DATA_ROOT/Desktop/matcher/Datasets/DESED/data/dataset/audio/train/weak/YCGJr6Pz-p0U_10.000_20.000.wav,"Speech,Vacuum_cleaner",Speech,Vacuum_cleaner
/DATA_ROOT/Desktop/matcher/Datasets/DESED/data/dataset/audio/train/weak/YCRWYic9kggY_50.000_60.000.wav,"Vacuum_cleaner,Speech",Speech,Vacuum_cleaner
/DATA_ROOT/Desktop/matcher/Datasets/DESED/data/dataset/audio/train/weak/YCb72bJyShuM_450.000_460.000.wav,Vacuum_cleaner,,
/DATA_ROOT/Desktop/matcher/Datasets/DESED/data/dataset/audio/train/weak/YCpCFkvPZSyo_90.000_100.000.wav,"Speech,Vacuum_cleaner",Speech,Vacuum_cleaner
/DATA_ROOT/Desktop/matcher/Datasets/DESED/data/dataset/audio/train/weak/YCsHx08b_Mmo_70.000_80.000.wav,Vacuum_cleaner,,
/DATA_ROOT/Desktop/matcher/Datasets/DESED/data/dataset/audio/train/weak/YCutZRlwZcZU_30.000_40.000.wav,Vacuum_cleaner,,
/DATA_ROOT/Desktop/matcher/Datasets/DESED/data/dataset/audio/train/weak/YD2JDmgsq71s_350.000_360.000.wav,"Vacuum_cleaner,Speech",Speech,Vacuum_cleaner
/DATA_ROOT/Desktop/matcher/Datasets/DESED/data/dataset/audio/train/weak/YD4gbzWirkwQ_70.000_80.000.wav,Vacuum_cleaner,,
/DATA_ROOT/Desktop/matcher/Datasets/DESED/data/dataset/audio/train/weak/YD7kuwMAGHbY_40.000_50.000.wav,"Vacuum_cleaner,Speech",Speech,Vacuum_cleaner
/DATA_ROOT/Desktop/matcher/Datasets/DESED/data/dataset/audio/train/weak/YD9LaKlgNuhs_120.000_130.000.wav,"Speech,Vacuum_cleaner",Speech,Vacuum_cleaner
/DATA_ROOT/Desktop/matcher/Datasets/DESED/data/dataset/audio/train/weak/YDK-7X3oSVoA_90.000_100.000.wav,"Speech,Vacuum_cleaner",Speech,Vacuum_cleaner
/DATA_ROOT/Desktop/matcher/Datasets/DESED/data/dataset/audio/train/weak/YDL00Q-Qu8sI_420.000_430.000.wav,"Speech,Vacuum_cleaner",Speech,Vacuum_cleaner
/DATA_ROOT/Desktop/matcher/Datasets/DESED/data/dataset/audio/train/weak/YDNSbY2bKAyE_10.000_20.000.wav,Vacuum_cleaner,,
/DATA_ROOT/Desktop/matcher/Datasets/DESED/data/dataset/audio/train/weak/YDSFaOuqH8lA_160.000_170.000.wav,"Speech,Vacuum_cleaner",Speech,Vacuum_cleaner
/DATA_ROOT/Desktop/matcher/Datasets/DESED/data/dataset/audio/train/weak/YE-mM8vAFS-c_70.000_80.000.wav,Vacuum_cleaner,,
/DATA_ROOT/Desktop/matcher/Datasets/DESED/data/dataset/audio/train/weak/YEFtHGHtwF1A_0.000_10.000.wav,Vacuum_cleaner,,
/DATA_ROOT/Desktop/matcher/Datasets/DESED/data/dataset/audio/train/weak/YEP-K9Os-OiU_50.000_60.000.wav,"Speech,Vacuum_cleaner",Speech,Vacuum_cleaner
/DATA_ROOT/Desktop/matcher/Datasets/DESED/data/dataset/audio/train/weak/YFDNj1d8V-9g_40.000_50.000.wav,Vacuum_cleaner,,
/DATA_ROOT/Desktop/matcher/Datasets/DESED/data/dataset/audio/train/weak/YFHYgU1-ayM0_30.000_40.000.wav,"Vacuum_cleaner,Speech",Speech,Vacuum_cleaner
/DATA_ROOT/Desktop/matcher/Datasets/DESED/data/dataset/audio/train/weak/YFawyLfqTsqs_230.000_240.000.wav,Vacuum_cleaner,,
/DATA_ROOT/Desktop/matcher/Datasets/DESED/data/dataset/audio/train/weak/YFk8y6-wbBUk_20.000_30.000.wav,"Vacuum_cleaner,Speech",Speech,Vacuum_cleaner
/DATA_ROOT/Desktop/matcher/Datasets/DESED/data/dataset/audio/train/weak/YG2ZxMFzGtws_130.000_140.000.wav,"Speech,Vacuum_cleaner",Speech,Vacuum_cleaner
/DATA_ROOT/Desktop/matcher/Datasets/DESED/data/dataset/audio/train/weak/YGrD9MBHKnNI_190.000_200.000.wav,Vacuum_cleaner,,
/DATA_ROOT/Desktop/matcher/Datasets/DESED/data/dataset/audio/train/weak/YHluxd7Vtzro_20.000_30.000.wav,"Speech,Vacuum_cleaner",Speech,Vacuum_cleaner
/DATA_ROOT/Desktop/matcher/Datasets/DESED/data/dataset/audio/train/weak/YHn1UNGYvikE_130.000_140.000.wav,Vacuum_cleaner,,
/DATA_ROOT/Desktop/matcher/Datasets/DESED/data/dataset/audio/train/weak/YHpt4oDpqQ94_30.000_40.000.wav,Vacuum_cleaner,,
/DATA_ROOT/Desktop/matcher/Datasets/DESED/data/dataset/audio/train/weak/YI2jVlVaFyD0_0.000_10.000.wav,Vacuum_cleaner,,
/DATA_ROOT/Desktop/matcher/Datasets/DESED/data/dataset/audio/train/weak/YIXcSKIcwWLE_90.000_100.000.wav,"Speech,Vacuum_cleaner",Speech,Vacuum_cleaner
/DATA_ROOT/Desktop/matcher/Datasets/DESED/data/dataset/audio/train/weak/YI_GAhp3M4kQ_0.000_10.000.wav,"Vacuum_cleaner,Speech",Speech,Vacuum_cleaner
/DATA_ROOT/Desktop/matcher/Datasets/DESED/data/dataset/audio/train/weak/YIb7cg0gudCs_170.000_180.000.wav,Vacuum_cleaner,,
/DATA_ROOT/Desktop/matcher/Datasets/DESED/data/dataset/audio/train/weak/YIl2uf1KAnt4_0.000_10.000.wav,Vacuum_cleaner,,
/DATA_ROOT/Desktop/matcher/Datasets/DESED/data/dataset/audio/train/weak/YIlVuPQ11gzM_120.000_130.000.wav,Vacuum_cleaner,,
/DATA_ROOT/Desktop/matcher/Datasets/DESED/data/dataset/audio/train/weak/YJHY4kY-D7U0_440.000_450.000.wav,Vacuum_cleaner,,
/DATA_ROOT/Desktop/matcher/Datasets/DESED/data/dataset/audio/train/weak/YJPUb0c4hUgY_490.000_500.000.wav,Vacuum_cleaner,,
/DATA_ROOT/Desktop/matcher/Datasets/DESED/data/dataset/audio/train/weak/YJTk_7jVeW64_0.000_10.000.wav,Vacuum_cleaner,,
/DATA_ROOT/Desktop/matcher/Datasets/DESED/data/dataset/audio/train/weak/YJqNqA2olQeY_60.000_70.000.wav,"Speech,Vacuum_cleaner",Speech,Vacuum_cleaner
/DATA_ROOT/Desktop/matcher/Datasets/DESED/data/dataset/audio/train/weak/YJrMC4UZxulw_110.000_120.000.wav,Vacuum_cleaner,,
/DATA_ROOT/Desktop/matcher/Datasets/DESED/data/dataset/audio/train/weak/YK68PjrSv1zY_0.000_10.000.wav,Vacuum_cleaner,,
/DATA_ROOT/Desktop/matcher/Datasets/DESED/data/dataset/audio/train/weak/YKH22JqqjVA8_30.000_40.000.wav,Vacuum_cleaner,,
/DATA_ROOT/Desktop/matcher/Datasets/DESED/data/dataset/audio/train/weak/YKOFrb2VOnqA_130.000_140.000.wav,"Vacuum_cleaner,Speech",Speech,Vacuum_cleaner
/DATA_ROOT/Desktop/matcher/Datasets/DESED/data/dataset/audio/train/weak/YKWfj_tzrlxM_90.000_100.000.wav,Vacuum_cleaner,,
/DATA_ROOT/Desktop/matcher/Datasets/DESED/data/dataset/audio/train/weak/YKqa-iC4cuMs_370.000_380.000.wav,"Speech,Vacuum_cleaner",Speech,Vacuum_cleaner
/DATA_ROOT/Desktop/matcher/Datasets/DESED/data/dataset/audio/train/weak/Y1Nw-fC0gk9o_120.000_130.000.wav,"Dishes,Speech",Speech,Dishes
/DATA_ROOT/Desktop/matcher/Datasets/DESED/data/dataset/audio/train/weak/Y1SpHjTw56jg_260.000_270.000.wav,"Dishes,Speech",Speech,Dishes
/DATA_ROOT/Desktop/matcher/Datasets/DESED/data/dataset/audio/train/weak/Y23pAYyzCnU8_520.000_530.000.wav,"Dishes,Speech",Speech,Dishes
/DATA_ROOT/Desktop/matcher/Datasets/DESED/data/dataset/audio/train/weak/Y257OKP3ZLD0_30.000_40.000.wav,"Dishes,Speech",Speech,Dishes
/DATA_ROOT/Desktop/matcher/Datasets/DESED/data/dataset/audio/train/weak/Y2O_mVjMFsuQ_340.000_350.000.wav,"Dishes,Speech",Speech,Dishes
/DATA_ROOT/Desktop/matcher/Datasets/DESED/data/dataset/audio/train/weak/Y57q1DKPOLYg_40.000_50.000.wav,"Dishes,Speech",Speech,Dishes
/DATA_ROOT/Desktop/matcher/Datasets/DESED/data/dataset/audio/train/weak/Y5ohCslwvxdw_40.000_50.000.wav,"Dishes,Speech",Speech,Dishes
/DATA_ROOT/Desktop/matcher/Datasets/DESED/data/dataset/audio/train/weak/Y5rmbkTrYSK0_90.000_100.000.wav,"Dishes,Speech",Speech,Dishes
/DATA_ROOT/Desktop/matcher/Datasets/DESED/data/dataset/audio/train/weak/Y6QExD0uUMOs_20.000_30.000.wav,Dishes,,
/DATA_ROOT/Desktop/matcher/Datasets/DESED/data/dataset/audio/train/weak/Y6Y92C4qnFPk_130.000_140.000.wav,"Dishes,Speech",Speech,Dishes
/DATA_ROOT/Desktop/matcher/Datasets/DESED/data/dataset/audio/train/weak/Y8XVCewPZYz4_420.000_430.000.wav,"Dishes,Speech",Speech,Dishes
/DATA_ROOT/Desktop/matcher/Datasets/DESED/data/dataset/audio/train/weak/Y8o-Y4QP8LWs_280.000_290.000.wav,Dishes,,
/DATA_ROOT/Desktop/matcher/Datasets/DESED/data/dataset/audio/train/weak/Y8vuTgV73O2o_390.000_400.000.wav,"Dishes,Speech",Speech,Dishes
/DATA_ROOT/Desktop/matcher/Datasets/DESED/data/dataset/audio/train/weak/YBc2wI4c2wBI_180.000_190.000.wav,"Dishes,Speech",Speech,Dishes
/DATA_ROOT/Desktop/matcher/Datasets/DESED/data/dataset/audio/train/weak/YC7D1GjuDQVA_120.000_130.000.wav,Dishes,,
/DATA_ROOT/Desktop/matcher/Datasets/DESED/data/dataset/audio/train/weak/YCJqlLZZano4_290.000_300.000.wav,Dishes,,
/DATA_ROOT/Desktop/matcher/Datasets/DESED/data/dataset/audio/train/weak/YCfij00R-8Zs_280.000_290.000.wav,Dishes,,
/DATA_ROOT/Desktop/matcher/Datasets/DESED/data/dataset/audio/train/weak/YDBYzZp1jOro_200.000_210.000.wav,"Dishes,Speech",Speech,Dishes
/DATA_ROOT/Desktop/matcher/Datasets/DESED/data/dataset/audio/train/weak/YE1CXRMewTCk_200.000_210.000.wav,"Dishes,Speech",Speech,Dishes
/DATA_ROOT/Desktop/matcher/Datasets/DESED/data/dataset/audio/train/weak/YEOEVEf6q_Ms_150.000_160.000.wav,Dishes,,
/DATA_ROOT/Desktop/matcher/Datasets/DESED/data/dataset/audio/train/weak/YF9f9caaxmm0_370.000_380.000.wav,"Dishes,Speech",Speech,Dishes
/DATA_ROOT/Desktop/matcher/Datasets/DESED/data/dataset/audio/train/weak/YG25fk1hnP30_260.000_270.000.wav,Dishes,,
/DATA_ROOT/Desktop/matcher/Datasets/DESED/data/dataset/audio/train/weak/YGBPwN9NOMVo_280.000_290.000.wav,"Dishes,Speech",Speech,Dishes
/DATA_ROOT/Desktop/matcher/Datasets/DESED/data/dataset/audio/train/weak/YGIS6MmZwP5g_30.000_40.000.wav,"Dishes,Speech",Speech,Dishes
/DATA_ROOT/Desktop/matcher/Datasets/DESED/data/dataset/audio/train/weak/YGRpuXhXjAmk_290.000_300.000.wav,Dishes,,
/DATA_ROOT/Desktop/matcher/Datasets/DESED/data/dataset/audio/train/weak/YGUk84jnXRBQ_200.000_210.000.wav,Dishes,,
/DATA_ROOT/Desktop/matcher/Datasets/DESED/data/dataset/audio/train/weak/YGr1Ktuy5zq8_150.000_160.000.wav,"Dishes,Speech",Speech,Dishes
/DATA_ROOT/Desktop/matcher/Datasets/DESED/data/dataset/audio/train/weak/YHzcT5VgB9uw_60.000_70.000.wav,"Dishes,Speech",Speech,Dishes
/DATA_ROOT/Desktop/matcher/Datasets/DESED/data/dataset/audio/train/weak/YIMrI0TfCnVw_420.000_430.000.wav,"Dishes,Speech",Speech,Dishes
/DATA_ROOT/Desktop/matcher/Datasets/DESED/data/dataset/audio/train/weak/YIN8pk34_S_k_0.000_10.000.wav,"Dishes,Speech",Speech,Dishes
/DATA_ROOT/Desktop/matcher/Datasets/DESED/data/dataset/audio/train/weak/YIdGB-Q2p-eM_30.000_40.000.wav,Dishes,,
/DATA_ROOT/Desktop/matcher/Datasets/DESED/data/dataset/audio/train/weak/YJ6Dkx5KSfPs_520.000_530.000.wav,"Dishes,Speech",Speech,Dishes
/DATA_ROOT/Desktop/matcher/Datasets/DESED/data/dataset/audio/train/weak/YJ9TypJdxLcI_90.000_100.000.wav,Dishes,,
/DATA_ROOT/Desktop/matcher/Datasets/DESED/data/dataset/audio/train/weak/YJQphdZQRTs4_40.000_50.000.wav,"Dishes,Speech",Speech,Dishes
/DATA_ROOT/Desktop/matcher/Datasets/DESED/data/dataset/audio/train/weak/YJZ9Tpv6h1pA_50.000_60.000.wav,"Dishes,Speech",Speech,Dishes
/DATA_ROOT/Desktop/matcher/Datasets/DESED/data/dataset/audio/train/weak/YJiur7qz3NU8_50.000_60.000.wav,"Dishes,Speech",Speech,Dishes
/DATA_ROOT/Desktop/matcher/Datasets/DESED/data/dataset/audio/train/weak/YJyzNt1JKAiw_530.000_540.000.wav,"Dishes,Speech",Speech,Dishes
/DATA_ROOT/Desktop/matcher/Datasets/DESED/data/dataset/audio/train/weak/YJz9r4H9kaTI_170.000_180.000.wav,Dishes,,
/DATA_ROOT/Desktop/matcher/Datasets/DESED/data/dataset/audio/train/weak/Y1oc7Z8x1WBk_570.000_580.000.wav,Electric_shaver_toothbrush,Electric_shaver_toothbrush,
/DATA_ROOT/Desktop/matcher/Datasets/DESED/data/dataset/audio/train/weak/YAq9QPtfMuO4_110.000_120.000.wav,Electric_shaver_toothbrush,Electric_shaver_toothbrush,
/DATA_ROOT/Desktop/matcher/Datasets/DESED/data/dataset/audio/train/weak/YeqfEs_qSGHY_300.000_310.000.wav,Electric_shaver_toothbrush,Electric_shaver_toothbrush,
/DATA_ROOT/Desktop/matcher/Datasets/DESED/data/dataset/audio/train/weak/YfR5heE6goDA_10.000_20.000.wav,Electric_shaver_toothbrush,Electric_shaver_toothbrush,
/DATA_ROOT/Desktop/matcher/Datasets/DESED/data/dataset/audio/train/weak/YfrHnRirNcZ0_90.000_100.000.wav,Electric_shaver_toothbrush,Electric_shaver_toothbrush,
/DATA_ROOT/Desktop/matcher/Datasets/DESED/data/dataset/audio/train/weak/YmRDg0StdLrE_190.000_200.000.wav,Electric_shaver_toothbrush,Electric_shaver_toothbrush,
/DATA_ROOT/Desktop/matcher/Datasets/DESED/data/dataset/audio/train/weak/Yo0SriWFnPZc_0.000_10.000.wav,Electric_shaver_toothbrush,Electric_shaver_toothbrush,
/DATA_ROOT/Desktop/matcher/Datasets/DESED/data/dataset/audio/train/weak/YpSWPHSz6jHE_30.000_40.000.wav,Electric_shaver_toothbrush,Electric_shaver_toothbrush,
/DATA_ROOT/Desktop/matcher/Datasets/DESED/data/dataset/audio/train/weak/YzHlwnVWBQaQ_260.000_270.000.wav,Electric_shaver_toothbrush,Electric_shaver_toothbrush,
/DATA_ROOT/Desktop/matcher/Datasets/DESED/data/dataset/audio/train/weak/Y4pA2MFiec8k_530.000_540.000.wav,Electric_shaver_toothbrush,Electric_shaver_toothbrush,
/DATA_ROOT/Desktop/matcher/Datasets/DESED/data/dataset/audio/train/weak/Y9PZiMMd5hwg_450.000_460.000.wav,Electric_shaver_toothbrush,Electric_shaver_toothbrush,
/DATA_ROOT/Desktop/matcher/Datasets/DESED/data/dataset/audio/train/weak/YG-YrqazRGTo_90.000_100.000.wav,Electric_shaver_toothbrush,Electric_shaver_toothbrush,
/DATA_ROOT/Desktop/matcher/Datasets/DESED/data/dataset/audio/train/weak/YPjRYAwDxo6I_80.000_90.000.wav,Electric_shaver_toothbrush,Electric_shaver_toothbrush,
